{"mode":"init","prefix":"p2-cap-64c101a6-hot","args":[],"code":0}
SLF4J(W): No SLF4J providers were found.
SLF4J(W): Defaulting to no-operation (NOP) logger implementation
SLF4J(W): See https://www.slf4j.org/codes.html#noProviders for further details.

{"mode":"paired-seed","prefix":"p2-cap-64c101a6-hot","args":[1000,"hot"],"code":0}
{"source":{"wave":0,"partition":0,"offset":0,"checksum":"9fb6166dba6d5b646034540319c64ce9b037fdcd2068e8159059455644bdb2f8","bytes":368693}}
{"source":{"wave":1,"partition":0,"offset":1,"checksum":"b672c6aee3e097240925c87b74829a605866efdb96fb2f9b03bc4d804a7d08b6","bytes":368803}}
{"source":{"wave":2,"partition":0,"offset":2,"checksum":"677a7d40e7282b3885da854c88c91c24a12421995b7441cfa35c41627850e5b6","bytes":368803}}
{"source":{"wave":3,"partition":0,"offset":3,"checksum":"aef23a845c39fa95eea731d6d27b68baa0c22ed36a0110156962eced9e5a2a46","bytes":368803}}
{"source":{"wave":4,"partition":0,"offset":4,"checksum":"da35deabd0b2c03aab840111aff5a9d258fd67c66258ee3faf864ca9a330c3f0","bytes":368805}}
{"source":{"wave":5,"partition":0,"offset":5,"checksum":"88e9bd4a1a94241c80276d119959660ee5850f5420d0489b9a7a6cbf22a23f4e","bytes":369005}}
{"source":{"wave":6,"partition":0,"offset":6,"checksum":"147956daf8ab3adeb3894634c582dc6b168657052ccb4697a831378c67f9a65e","bytes":369005}}
{"source":{"wave":7,"partition":0,"offset":7,"checksum":"1730f539acda3410e6001961acc75826f9f11b8ce7bb6adad36047ca7121cc2d","bytes":369005}}
{"source":{"wave":8,"partition":0,"offset":8,"checksum":"867044b91ee2e56ff029a91eef0f6179551bbb4bc4309a0dce0bcdb5b2c0ccb2","bytes":369005}}
{"source":{"wave":9,"partition":0,"offset":9,"checksum":"3d7f77b14ac701417ae90608f5a69f6667e064cd8cf30fc75b40a8072cf3c39b","bytes":369005}}
{"source":{"wave":10,"partition":0,"offset":10,"checksum":"16b4dcc1b4d79d1d5c2817b5e0700b6a171e0b5c86acad2fa7d091931c291094","bytes":372106}}
{"source":{"wave":11,"partition":0,"offset":11,"checksum":"6a16a8f9d4320f4ec921273648c0a714dcdb574dde91932e49a6e24532b1cc5f","bytes":372106}}
{"source":{"wave":12,"partition":0,"offset":12,"checksum":"7d1642213d03dafd0bdd13195c1fc386b162c51fe34c96b9473640cb256c94b7","bytes":372106}}
{"source":{"wave":13,"partition":0,"offset":13,"checksum":"1d7637e99fbc21d3645c5110ee230a217b79e9c79085ad0f62c33955204fcc28","bytes":372106}}
{"source":{"wave":14,"partition":0,"offset":14,"checksum":"dd03c97ac0b8d7341d9ce270b5549dcdd8226d39859d19b9e1cc600714f7f0b4","bytes":372106}}
{"source":{"wave":15,"partition":0,"offset":15,"checksum":"b61259dde5215be095c521a1c727014f3dcab941dae08a05bc7e35d293977663","bytes":372106}}
{"source":{"wave":16,"partition":0,"offset":16,"checksum":"7f8cb6db0550073411dcd2a1bf4d29a7dc9363e1567f9634af66d1640971006a","bytes":372106}}
{"source":{"wave":17,"partition":0,"offset":17,"checksum":"e28eeeac06e836262a86e0f4efa3115bc1839251c92f4dd65fb6d198d3abf4a4","bytes":372106}}
{"source":{"wave":18,"partition":0,"offset":18,"checksum":"32d6e5821562399b6a0dcc2511dc0a43ae13a5333dafc2315c175eb9a88584dd","bytes":372106}}
{"source":{"wave":19,"partition":0,"offset":19,"checksum":"e6b3c48fea1688aed05119ab0dc6af88336048395690725d41fdd7aca30651b4","bytes":372106}}
{"source":{"wave":20,"partition":0,"offset":20,"checksum":"d1601b8fce0346aa4bf32ea128c31fd94da42e8e637ef8ac36f23fc69d55f52e","bytes":372106}}
{"source":{"wave":21,"partition":0,"offset":21,"checksum":"066bedcb9c588b8122e24c6c49b261b59fe38055a8c68038b1e918d814c0fa40","bytes":372106}}
{"source":{"wave":22,"partition":0,"offset":22,"checksum":"fa2f0c319e4ff4395823a939777d82f82599ad1feeb640cf093d71babab9af5c","bytes":372106}}
{"source":{"wave":23,"partition":0,"offset":23,"checksum":"3ca3248f373f9102792d587c817853fb68593b0901d6d8afc8582e83544628b6","bytes":372106}}
{"source":{"wave":24,"partition":0,"offset":24,"checksum":"b55bc62bc8e1698de47ea62cc9bce2672730ae5b8aa9dd741e546683e9220195","bytes":372106}}
{"source":{"wave":25,"partition":0,"offset":25,"checksum":"3eed194c3eb5b3708d2fad96529c8f15ecf63fb6c093f37392a7370a2e6b39ad","bytes":372106}}
{"source":{"wave":26,"partition":0,"offset":26,"checksum":"ff63641fa340e5d4c330ed42a020784dbf1ef2df540c0455e60826b1662b8f45","bytes":372106}}
{"source":{"wave":27,"partition":0,"offset":27,"checksum":"26cfff9120a84496dacaa1ffb08e5bd8779624e61f9f0997aa4eceaeb4779fcf","bytes":372106}}
{"source":{"wave":28,"partition":0,"offset":28,"checksum":"e6e6e26b6a478b399569b27d212b7b443850e721c64dbdf16ad0ea360ce14213","bytes":372106}}
{"source":{"wave":29,"partition":0,"offset":29,"checksum":"b607ab54c78a5f15532c212841f4329842ee23785f317d6a3f3ffe8d3b93c449","bytes":372106}}
{"source":{"wave":30,"partition":0,"offset":30,"checksum":"362b57fa823924dbafde56873121661b1544bc32b3c9cc32013bcba32344b256","bytes":372106}}
{"source":{"wave":31,"partition":0,"offset":31,"checksum":"5fdbd4bdb06aa94323a984c962d9e212d6955778ea751cee6e79eee7756cd543","bytes":372106}}
{"source":{"wave":32,"partition":0,"offset":32,"checksum":"fb3220fdf2421bf16306f3798fa79d3f04362070641a1a40ecac8393d9073a34","bytes":372106}}
{"source":{"wave":33,"partition":0,"offset":33,"checksum":"faedfd442d40ffa1d71f55f55242aaf1611752818770f443b8a6bc63c9c3afc1","bytes":372106}}
{"source":{"wave":34,"partition":0,"offset":34,"checksum":"65defae76f424b79aa6ae786736fc8eb72aba26f5899d642c35e532cdf122c93","bytes":372106}}
{"source":{"wave":35,"partition":0,"offset":35,"checksum":"dd1898968b274b045d6db4a57b774682c2db2decf86bc9464875390f85460194","bytes":372106}}
{"source":{"wave":36,"partition":0,"offset":36,"checksum":"aaeda5967d816e7c62359f06f0367c7cdf1443f4e016d6b9b85756ba980dad5a","bytes":372106}}
{"source":{"wave":37,"partition":0,"offset":37,"checksum":"db569a03223f90a91ee98299451771aa3d4b4ef8f9bbc10814417ba17f43a705","bytes":372106}}
{"source":{"wave":38,"partition":0,"offset":38,"checksum":"fc97af56b23c489bb69163009aefcb99cce8093a4d9fdafdd2259f8ddf0e754c","bytes":372106}}
{"source":{"wave":39,"partition":0,"offset":39,"checksum":"704d90a92c8ed573d2cd2439db8905fc2784eee8c0b3ca81fc720e1068be6df5","bytes":372106}}
{"source":{"wave":40,"partition":0,"offset":40,"checksum":"621234afa9b4ec9c0ec06d86e36279cf787023e25757110494c77b00d7358c0c","bytes":372106}}
{"source":{"wave":41,"partition":0,"offset":41,"checksum":"72167e6164f80732f6faaa818b5ba8c3a7c8fe88c820905ea35b98211fb4ab4b","bytes":372106}}
{"source":{"wave":42,"partition":0,"offset":42,"checksum":"d9775caded9c7a14d3a02b0e29aef988095ee4d68f0f95032529f179f11f8cab","bytes":372106}}
{"source":{"wave":43,"partition":0,"offset":43,"checksum":"e198545ae45ad7baa4d1598d48778ddd1218b92a6525649770b4cb4df1b56802","bytes":372106}}
{"source":{"wave":44,"partition":0,"offset":44,"checksum":"d1415faec4cd651b98c0e7f4d0abc799f4f78612400bab092236d5297540585c","bytes":372106}}
{"source":{"wave":45,"partition":0,"offset":45,"checksum":"fc3db294a17e43deea410c515b298228d776e222dd9484df098d26c5c522736f","bytes":372106}}
{"source":{"wave":46,"partition":0,"offset":46,"checksum":"5ecfe518f1c1b35413c82738dccfe7b8bdfb040b6d1411baff5d86866eecd9a6","bytes":372106}}
{"source":{"wave":47,"partition":0,"offset":47,"checksum":"564c9b7dd32811127ebddc44ef2a686a71580c3ea95fcae9022f98045d5cb9fb","bytes":372106}}
{"source":{"wave":48,"partition":0,"offset":48,"checksum":"c29845f30767cd4b1e84acda8efc354cd4ab2b552f36ae6adbacb617499cc741","bytes":372106}}
{"source":{"wave":49,"partition":0,"offset":49,"checksum":"ff885b3cdd547c297a27f1cbafea41dce381e1fdbf3904db8ce79af9c467d18b","bytes":372108}}
{"source":{"wave":50,"partition":0,"offset":50,"checksum":"f957f26a362bc5985f8166e6521a1628c91312efc8c3ac1490635f892f42348c","bytes":372308}}
{"source":{"wave":51,"partition":0,"offset":51,"checksum":"2d775098bac1866246dfbdc28cddc17326e722a060fc62c4d872972e13e5278e","bytes":372308}}
{"source":{"wave":52,"partition":0,"offset":52,"checksum":"9505464baa763e774ef65750b4e75e62a8c0e102808ea11ca704e4a987031661","bytes":372308}}
{"source":{"wave":53,"partition":0,"offset":53,"checksum":"c325d46fa7a1ce5f4b519fd0d2803aa17f51b1e0e3bc50fec26572c43a13710f","bytes":372308}}
{"source":{"wave":54,"partition":0,"offset":54,"checksum":"b4e6058f1a24cd0d5ccd69f33be22f5a5f6b12787e19422249a42b6ef003d7af","bytes":372308}}
{"source":{"wave":55,"partition":0,"offset":55,"checksum":"e614af8e6f419fc0e23f5b00d5cd6925838e8b7427f9159e125ec41fdeee5c0b","bytes":372308}}
{"source":{"wave":56,"partition":0,"offset":56,"checksum":"0cd5d59b8b3cd73cc9f9a9ee631412b95dfe3732bc87851bab867287b2d8cf98","bytes":372308}}
{"source":{"wave":57,"partition":0,"offset":57,"checksum":"8a66d7112b57b6a3d2d7faeeaffcbd9b1b0d1acca41fc42020d8a1ca5f87ecb0","bytes":372308}}
{"source":{"wave":58,"partition":0,"offset":58,"checksum":"0febd843a69d94a8a56a3b578ec1f21a92c27c17cafb4fa3c56080e127ccd5c2","bytes":372308}}
{"source":{"wave":59,"partition":0,"offset":59,"checksum":"4db8f53e2117a38c41edf654f13b786ec3ad0288e9b0e8a561b670ba078a8262","bytes":372308}}
{"source":{"wave":60,"partition":0,"offset":60,"checksum":"73b98ef06484d2c22e7503a475514e31f363060adc32be95bcde3e2d08cd71e6","bytes":372308}}
{"source":{"wave":61,"partition":0,"offset":61,"checksum":"fa9a58348ea8f9388cefdb8984ebdbc3eca1423e5bd16eb6c4ff3e113e2a11b5","bytes":372308}}
{"source":{"wave":62,"partition":0,"offset":62,"checksum":"f69a26b8a2abb8c772678f1b7f82ca7c9254fb4d5588a799769d8988ed714df2","bytes":372308}}
{"source":{"wave":63,"partition":0,"offset":63,"checksum":"352a4f49ee55b5f37b688de71af1e70a9b60b992be956fcc6ee24209e6a7d1b5","bytes":372308}}
{"source":{"wave":64,"partition":0,"offset":64,"checksum":"d15d51d3092b28190bb9b8db33c8f5f1e7e16259230fbb342c400875be4e7c99","bytes":372308}}
{"source":{"wave":65,"partition":0,"offset":65,"checksum":"1106c917cb7230f607b937c337559fb0925fe8f791cb208ec41e7594179f1b80","bytes":372308}}
{"source":{"wave":66,"partition":0,"offset":66,"checksum":"16edcd369cd3ba0d24b7ce49e91ac40be3bc046847a4a1160d685f554bbdf46f","bytes":372308}}
{"source":{"wave":67,"partition":0,"offset":67,"checksum":"9139bd0f7b11fbcbe546eb18177811ee6f3a663ad37df5e1e8a233c7fb3d7d32","bytes":372308}}
{"source":{"wave":68,"partition":0,"offset":68,"checksum":"8415a004c6506e7ec45ce6a33278bb0961020c138d5846c3f7563e3a27ea19cb","bytes":372308}}
{"source":{"wave":69,"partition":0,"offset":69,"checksum":"ec157cbeb00839c93416284f3394f3161ab1d9ce239bfda6745143c36e60d5e7","bytes":372308}}
{"source":{"wave":70,"partition":0,"offset":70,"checksum":"dff5c28d80ac73f58875fa413f93dd996d4f39fd4874e7c81f644f5af052c32b","bytes":372308}}
{"source":{"wave":71,"partition":0,"offset":71,"checksum":"a3f6c7391bf97a598704bcd78254d13b9b8da65b672321d23b505192be802fd8","bytes":372308}}
{"source":{"wave":72,"partition":0,"offset":72,"checksum":"6225deb7c38159611be8201ca974f9c70b77a55a27ec7c9603b9c32849c3d296","bytes":372308}}
{"source":{"wave":73,"partition":0,"offset":73,"checksum":"640335f636872ffeae72179f9e11c4cd46da5c9ed2e2071d6c31444137a61daf","bytes":372308}}
{"source":{"wave":74,"partition":0,"offset":74,"checksum":"ed38d95668a446f08b936cad09f53601ff20022b805dc1f9cd19c8c03454b8fd","bytes":372308}}
{"source":{"wave":75,"partition":0,"offset":75,"checksum":"9bbbade74c5f9634fb80bff74d4d119db5069dae21e93d1390c394583261ba71","bytes":372308}}
{"source":{"wave":76,"partition":0,"offset":76,"checksum":"fdfbc8b6c82d95f2a1aae69cd44e7bcfd340ca1660e6c1d1f1715646c5467cb3","bytes":372308}}
{"source":{"wave":77,"partition":0,"offset":77,"checksum":"280d43bc717e06a195bd5e56149333cd2b8d64776fce8f9dd902009ee472af8c","bytes":372308}}
{"source":{"wave":78,"partition":0,"offset":78,"checksum":"6ab1e6002a2d957600ba5cf93e8aed1aaa6f5568c409c1e3d60bd99ec3f085fa","bytes":372308}}
{"source":{"wave":79,"partition":0,"offset":79,"checksum":"4e4b147ae1b073f6d5c16de8ed185e4ef3d61f5e493bcf3af59405b91acb9562","bytes":372308}}
{"source":{"wave":80,"partition":0,"offset":80,"checksum":"3ae1108e086a74ee7bab6302361fafdb4bee022caa835a7cc57037f1f7ca1756","bytes":372308}}
{"source":{"wave":81,"partition":0,"offset":81,"checksum":"f0e04ab3ac5f934649715337fdc9ed9f4592c88f49063f2758f0dbcd2e70d7c4","bytes":372308}}
{"source":{"wave":82,"partition":0,"offset":82,"checksum":"0dd522718e8aee207ac05fdb70d35bfdcb643431981c05647599a814cf76d770","bytes":372308}}
{"source":{"wave":83,"partition":0,"offset":83,"checksum":"d6172cf3010fd6cc76e1175af129450d55b0338b14a95f51b76b6f6bf8693bbd","bytes":372308}}
{"source":{"wave":84,"partition":0,"offset":84,"checksum":"377a4075996d09e4c30435a156fda450a02695248c57798cb8aef403a1ab83b2","bytes":372308}}
{"source":{"wave":85,"partition":0,"offset":85,"checksum":"92dc78c80bf79458c3be8a6089aae502c5adc18b1db2b0f7349a32f467cbc5d7","bytes":372308}}
{"source":{"wave":86,"partition":0,"offset":86,"checksum":"de07fa1558b3201a4f9c4537ba671e3b70d139b40f8ca5bfe26dd9f852656877","bytes":372308}}
{"source":{"wave":87,"partition":0,"offset":87,"checksum":"e4a8bcfd4baf7f18a37283bf2fb4fa84a5da999e5d8c4d90b941035374bc9510","bytes":372308}}
{"source":{"wave":88,"partition":0,"offset":88,"checksum":"2db10341d881770f1f6990aec9a76ef70847c6a5786e8da6a06b839c67c153c5","bytes":372308}}
{"source":{"wave":89,"partition":0,"offset":89,"checksum":"1bd097e6119ab5629b7781240ebbe5d54766161ead2c6b61a3e4065d2708755f","bytes":372308}}
{"source":{"wave":90,"partition":0,"offset":90,"checksum":"6b7400868fec1ad8c674af4f00fd44a8e8ca42d181a9812f188834b6a0049d01","bytes":372308}}
{"source":{"wave":91,"partition":0,"offset":91,"checksum":"4925bcf1e460b4fe0e8d2d620e797cc0482fa6eb9ff67ce59e61c8b8156e0d54","bytes":372308}}
{"source":{"wave":92,"partition":0,"offset":92,"checksum":"e16a22638ea39ff575f6c877292b5c17a185d572b6f061f17323b30bf556f771","bytes":372308}}
{"source":{"wave":93,"partition":0,"offset":93,"checksum":"d56aa14ef1426fdd5b8750c2821825965320ab399fc3229c6cc0193049dc9c0e","bytes":372308}}
{"source":{"wave":94,"partition":0,"offset":94,"checksum":"fd53a4030d1a9cd9e6ede9483696c050b9f2161e17a6d514e992d85764c45c23","bytes":372308}}
{"source":{"wave":95,"partition":0,"offset":95,"checksum":"d8fb7444bd9f849e3bf00f5577758576fdbb431d065f364251ff061553b75734","bytes":372308}}
{"source":{"wave":96,"partition":0,"offset":96,"checksum":"67b416b0abae028fe5dcf757c31f164a42a4e209e789674b2ff9d09fc8884de6","bytes":372308}}
{"source":{"wave":97,"partition":0,"offset":97,"checksum":"efe52bffb4887e0d7fdd8df13f04a0b889999e000bf4747ed92b0479270c783b","bytes":372308}}
{"source":{"wave":98,"partition":0,"offset":98,"checksum":"54018bd653e72880f9ff2746b4738576ab0943fb279ffe0624d0a190e7cf7cff","bytes":372308}}
{"source":{"wave":99,"partition":0,"offset":99,"checksum":"cc361ff47349ebef3f991624354e00b476852be2846b98c9f95d396d758641a1","bytes":372308}}
{"source":{"wave":100,"partition":0,"offset":100,"checksum":"b6844c7b18b11f54d280415d4cf7a13d9950482db4f26e97695b7202b4f12344","bytes":375409}}
{"source":{"wave":101,"partition":0,"offset":101,"checksum":"bd7527d50fe6f76c0577f146690cf189c1b8f1307b6309187544519888e4b6ec","bytes":375409}}
{"source":{"wave":102,"partition":0,"offset":102,"checksum":"c50e4011c621764aa9878335c94a0a3422ef180d43467ee12bd099703138eb84","bytes":375409}}
{"source":{"wave":103,"partition":0,"offset":103,"checksum":"bd83fddff6eac1152e31f7adb23303c69539c3cab76d35fb40a437ceb86a10f7","bytes":375409}}
{"source":{"wave":104,"partition":0,"offset":104,"checksum":"058d44f14dc9c81966d33d2be2cc1433cf8babc1a2bd950e1faf708a1bd095c7","bytes":375409}}
{"source":{"wave":105,"partition":0,"offset":105,"checksum":"547caafa351e900cc07c5a5c2a66e60653a0347d185b247f3bdda3c267595676","bytes":375409}}
{"source":{"wave":106,"partition":0,"offset":106,"checksum":"f95861ecb383c1432a79af818cf79df422547ca4aabfc330dc4c5f8af259ca8b","bytes":375409}}
{"source":{"wave":107,"partition":0,"offset":107,"checksum":"7757e6e866a09767b782e2651f4e630b98dc4cf66f6cfcb0ef79e16e373de249","bytes":375409}}
{"source":{"wave":108,"partition":0,"offset":108,"checksum":"c1747cba374c78f2191f46ed58dbb15806f92e76727e38369d2c210d042309c3","bytes":375409}}
{"source":{"wave":109,"partition":0,"offset":109,"checksum":"089ff9c59feaceaf2e3dba307b68b95d60a0979407f898ae09d920be51b23054","bytes":375409}}
{"source":{"wave":110,"partition":0,"offset":110,"checksum":"752f70dc6f65ea1f65734b0d7e1e699135d98906820db6892482966a9a1ea7b6","bytes":375409}}
{"source":{"wave":111,"partition":0,"offset":111,"checksum":"b690cbd1e0c68b88a00a76916125a55e4af566650b33678c21459d5a5f86c9f7","bytes":375409}}
{"source":{"wave":112,"partition":0,"offset":112,"checksum":"0a5f5e7238f3202d00c893b6374cb3cd55d636543ec7102c6d607cb813a1f718","bytes":375409}}
{"source":{"wave":113,"partition":0,"offset":113,"checksum":"c76b383344996400b7cb979159f7e30af897ea50225217a34d45f48f52fcd14f","bytes":375409}}
{"source":{"wave":114,"partition":0,"offset":114,"checksum":"ac3b5509e9aa8cee18d7e9fdf46164438fd98f804b4192303a79180b43c50a6a","bytes":375409}}
{"source":{"wave":115,"partition":0,"offset":115,"checksum":"a1fdb3062f61c3e1ec12eee413be8b593845370e56991465bdfc7f83d068741f","bytes":375409}}
{"source":{"wave":116,"partition":0,"offset":116,"checksum":"8c289553743ed5b4f96bb6eae3f4c6b0b6894682d7d3b1a8cd1289c5f0ae435a","bytes":375409}}
{"source":{"wave":117,"partition":0,"offset":117,"checksum":"3c6ea617a5ccfeafc789b60db30b3829ae72353958eb8fef2c2f5e20bf806976","bytes":375409}}
{"source":{"wave":118,"partition":0,"offset":118,"checksum":"782351457d5ec9fb0f1b16c78b86133f537d6e7764a78f6659eae33485227832","bytes":375409}}
{"source":{"wave":119,"partition":0,"offset":119,"checksum":"1951f03cf424542c23e5efe7863afc826b34654f15ea8ef961a596190182d101","bytes":375409}}
{"source":{"wave":120,"partition":0,"offset":120,"checksum":"67d38c57164cbdf477fe0907c100a6dd88d68d3f8a29f27cff43f373fbc5f285","bytes":375409}}
{"source":{"wave":121,"partition":0,"offset":121,"checksum":"e9525fa427408d1cff7bb62f69de32f843bbc69057c7dc92384ea0f97598c2ed","bytes":375409}}
{"source":{"wave":122,"partition":0,"offset":122,"checksum":"2a8ab0ccbd2c429070b1063700dda6e1c281807577215a821091e18fc3434a32","bytes":375409}}
{"source":{"wave":123,"partition":0,"offset":123,"checksum":"5184f334f082ed762ce79646dbad52b27c415f278e9b38d7ad2ff25a2a769af2","bytes":375409}}
{"source":{"wave":124,"partition":0,"offset":124,"checksum":"14132310b79c6a60a5941cc6c392afa02cfebe75d1ecfa1da10ace113704c76f","bytes":375409}}
{"source":{"wave":125,"partition":0,"offset":125,"checksum":"ba5584f7b328fc345e5723abb54806ba571b2db7f4c992bb305e2d6b4a901865","bytes":375409}}
{"source":{"wave":126,"partition":0,"offset":126,"checksum":"e40b2aca602026ec133080237a811903357c84bf57a83869a3f23428a263ca49","bytes":375409}}
{"source":{"wave":127,"partition":0,"offset":127,"checksum":"d261c5323403f68ae71e8c3783df13cc591d707524772ebc1c4746426833b9d7","bytes":375409}}
{"source":{"wave":128,"partition":0,"offset":128,"checksum":"dbd6fcf84add2cb2d25d7186530cff1d8ea5d19fc9c72acd675ca21aba8897fb","bytes":375409}}
{"source":{"wave":129,"partition":0,"offset":129,"checksum":"de9204aee6217897a1f7806a23c5123e4aa0ac1197020d896a68a60cbba74a3e","bytes":375409}}
{"source":{"wave":130,"partition":0,"offset":130,"checksum":"7c31228a6954d26ef09eb8ec5489ca1b49a281a4e50177772d9bd62e6c7a8a1e","bytes":375409}}
{"source":{"wave":131,"partition":0,"offset":131,"checksum":"4c4974c31cc2a2b7fc16a4190c7b402e9e48ee326817f5fef8726572cb009b5d","bytes":375409}}
{"source":{"wave":132,"partition":0,"offset":132,"checksum":"2b916a6c89e807fc47676c56fbfe74f55bba4ce315c87793f3aaa53e501eb747","bytes":375409}}
{"source":{"wave":133,"partition":0,"offset":133,"checksum":"e7f4956d3e42b1fc1d90b78e592d6e7fd58f36693f0a9dffabdfb6cd241c8f67","bytes":375409}}
{"source":{"wave":134,"partition":0,"offset":134,"checksum":"3433354940f7d6e68c5f44ebd1889b236e5149e3a5bca2cf37c6c8720799b83e","bytes":375409}}
{"source":{"wave":135,"partition":0,"offset":135,"checksum":"1b50dc7ed285fb1c8f4171320e30b9d02896867fa3dee391f50caa9b32bf6f82","bytes":375409}}
{"source":{"wave":136,"partition":0,"offset":136,"checksum":"74db33df06c406f12b92338ddf1d37682aac04036cba606ab3946eced30e7fee","bytes":375409}}
{"source":{"wave":137,"partition":0,"offset":137,"checksum":"3eb1bbfe9d8bda388cec26a5d4bed9d6138bb02e4b6e57286053a1b63e3d31d8","bytes":375409}}
{"source":{"wave":138,"partition":0,"offset":138,"checksum":"a8ff6d92862b57952d750cfdc1e9cfe4e868cf5d0084d6325cea7e7c46fb7e29","bytes":375409}}
{"source":{"wave":139,"partition":0,"offset":139,"checksum":"ba835e4c5760c97138d4507fd87e92c64f101e55ae9fe7193b31821f17a3bed2","bytes":375409}}
{"source":{"wave":140,"partition":0,"offset":140,"checksum":"01f012088728ee3147abb14dba5df7fc09027762865f8b48adef98741645c895","bytes":375409}}
{"source":{"wave":141,"partition":0,"offset":141,"checksum":"2ef0ae5c6e5c75e24a694d0ab095a7175e1a987aaedccd2f4064b4fa7cb160ba","bytes":375409}}
{"source":{"wave":142,"partition":0,"offset":142,"checksum":"dc789b91e5d5cd34df43562793e88ba96a627c566a726725d8534eaaadcc15c9","bytes":375409}}
{"source":{"wave":143,"partition":0,"offset":143,"checksum":"002409a0af1b0bbe26c4dc3605d27afde022c22c24d2a1c434e5f8294728a863","bytes":375409}}
{"source":{"wave":144,"partition":0,"offset":144,"checksum":"591d1c24236264b2c25a3f9b64790d0e0da1636fc202dc7e0a3eef0bd11fbe0b","bytes":375409}}
{"source":{"wave":145,"partition":0,"offset":145,"checksum":"3a00f74ae8262727a935129bd78d80a8f9c9ba5ce0a0c19eddc6a7782fb62ee4","bytes":375409}}
{"source":{"wave":146,"partition":0,"offset":146,"checksum":"60a5fd9fa60be9a0de67d18e507e5f93765208e8373619db6a9c6057e8ada11a","bytes":375409}}
{"source":{"wave":147,"partition":0,"offset":147,"checksum":"927108c104c8b1360d9826511ab985541231a61fa9b6b1571d6af834d799940f","bytes":375409}}
{"source":{"wave":148,"partition":0,"offset":148,"checksum":"1b86ee8802b04b324a7b7c1ba7a3ae089694d68a07552cc1db3da98c386281bd","bytes":375409}}
{"source":{"wave":149,"partition":0,"offset":149,"checksum":"e4a11f5936784b511d980dbf4f8ab5b2081f4830a878e266d1f41f0ee1894955","bytes":375409}}
{"source":{"wave":150,"partition":0,"offset":150,"checksum":"f5081af8ba63a8e8bf94d6cd901e77718ce37345f9b8720a0961228e3113d167","bytes":375409}}
{"source":{"wave":151,"partition":0,"offset":151,"checksum":"867646d2c3b1d8e2a1aa7575c0d25a624330cf339afa787b3f2722b307c113a2","bytes":375409}}
{"source":{"wave":152,"partition":0,"offset":152,"checksum":"dcb5dd06d4d32c78710a30d8e5abd70457ef392a5fd9da34801fcab7eba7a866","bytes":375409}}
{"source":{"wave":153,"partition":0,"offset":153,"checksum":"1edfa3757a6bb95b54853bbd227c7e87888d31118cf9a23e0a151bd1c07dc2d4","bytes":375409}}
{"source":{"wave":154,"partition":0,"offset":154,"checksum":"9e8a52b865b9b1170a9ab11f3fae1c6b1d324ad4e606eddf4e17c87a28d42a20","bytes":375409}}
{"source":{"wave":155,"partition":0,"offset":155,"checksum":"8db74802aa713371f5c07bb83fefe65cd7193d63a0c39b7f8fb9f68c233b0510","bytes":375409}}
{"source":{"wave":156,"partition":0,"offset":156,"checksum":"a437c8b1750966ce41a82e3a1a6428f33db99bcd4ab0367179f4785c3a111611","bytes":375409}}
{"source":{"wave":157,"partition":0,"offset":157,"checksum":"c162d26fb2a1ae2b0e380c963b751ee2d534c9d3c6a941ccb158ea6f1c801db1","bytes":375409}}
{"source":{"wave":158,"partition":0,"offset":158,"checksum":"4c0b85b2f2dd59b5f269aa6f246d087306b3703cc8d2462f541e823a36c2a578","bytes":375409}}
{"source":{"wave":159,"partition":0,"offset":159,"checksum":"7ab681c00707fdec699a02a6891b3d7818656bff669bae4393e9513c839f6223","bytes":375409}}
{"source":{"wave":160,"partition":0,"offset":160,"checksum":"4c3e7a66ee5a2c7e2225454c529036b301fa859d14d9363ec83c628520dbf34f","bytes":375409}}
{"source":{"wave":161,"partition":0,"offset":161,"checksum":"8cd5db874dd663fe457810c5169a6ded96d619a0bc69d45de0fbd83fb6b298d1","bytes":375409}}
{"source":{"wave":162,"partition":0,"offset":162,"checksum":"c0a41b59eab48fbe7d90e0fcf91dbfe5ca535801dcc9bf44e0b9905aa0e41408","bytes":375409}}
{"source":{"wave":163,"partition":0,"offset":163,"checksum":"bf13b3e725494749477f097be4f432d86fc6126ee5b6d7a314abaf8796b85c87","bytes":375409}}
{"source":{"wave":164,"partition":0,"offset":164,"checksum":"10a805465105fe5b49edb030d5e79c42c094398c530b43aba63f5901c8833961","bytes":375409}}
{"source":{"wave":165,"partition":0,"offset":165,"checksum":"8c47f603a0753c2f287f33a3e2c3b1cff226bbed8b97f9c364ddad608e107154","bytes":375409}}
{"source":{"wave":166,"partition":0,"offset":166,"checksum":"f4eb619fc6bd8d507348e8a45d3461cf70701ed60f6709d3c681e80804683e15","bytes":375409}}
{"source":{"wave":167,"partition":0,"offset":167,"checksum":"ba33990d8e47b5e90773ac3c1a1a6e0d6169052c6639b86b694bdd0c6bfe7d85","bytes":375409}}
{"source":{"wave":168,"partition":0,"offset":168,"checksum":"5f56fc6861f84ef1c6e17cc4611d39f0e2a2878242454ba495074ec77fd1d3ff","bytes":375409}}
{"source":{"wave":169,"partition":0,"offset":169,"checksum":"bd67f60261780087d582fdbf83cf19aaacee070a3a33bb769b7c196df87a50d3","bytes":375409}}
{"source":{"wave":170,"partition":0,"offset":170,"checksum":"f05f3b4a6b477e9f0633befed58f5f75b5393993d9b4fb0706d7de741548106a","bytes":375409}}
{"source":{"wave":171,"partition":0,"offset":171,"checksum":"5fb8f0b10afb035ff179750f6b53ac98ce4c780181d150f82a8f41095ed7d769","bytes":375409}}
{"source":{"wave":172,"partition":0,"offset":172,"checksum":"a3310b8f1d26b85628e91e8e27da28972f82e9e0742f41fd3795379e709d62ee","bytes":375409}}
{"source":{"wave":173,"partition":0,"offset":173,"checksum":"d148f6f2cf6b50f183b940e3e082f4bd129b71d7ecb799c7bd168696d3743138","bytes":375409}}
{"source":{"wave":174,"partition":0,"offset":174,"checksum":"e9026a314ab61016a28ff7d7a30d9105235b71520a24f2025a0f00e672aeccf1","bytes":375409}}
{"source":{"wave":175,"partition":0,"offset":175,"checksum":"de012006a20f8441aac580c65d426c2deeee8c90902a7b8c488429062fabc09d","bytes":375409}}
{"source":{"wave":176,"partition":0,"offset":176,"checksum":"bd9077a3b3d06e752e2773a754653c6f6c5174a833fbad3342502f679927433b","bytes":375409}}
{"source":{"wave":177,"partition":0,"offset":177,"checksum":"e3c98b161cb9d530bcc6df379c68594db09c798011657f40101a412664efdf7b","bytes":375409}}
{"source":{"wave":178,"partition":0,"offset":178,"checksum":"29fb9b8c7635afe616018c6bc51043ca8ade520eb1a93b6abb55f1f4d907b5b3","bytes":375409}}
{"source":{"wave":179,"partition":0,"offset":179,"checksum":"93346786e542824ba3a1cb3ac44d52d29c4824a13f1847d22eab9a69d569c349","bytes":375409}}
{"source":{"wave":180,"partition":0,"offset":180,"checksum":"df4f2a1afb2e217498664db18fd47dea0072592298d58133dbc9ba4b7a8d5598","bytes":375409}}
{"source":{"wave":181,"partition":0,"offset":181,"checksum":"da9bb6682319b0fc76fdc3b17d26769609f229d1a59884dedb3fd7755391bbb5","bytes":375409}}
{"source":{"wave":182,"partition":0,"offset":182,"checksum":"78e69e732e60298af49cafe30e99c158df82538d751c368f3fb78bd00f281864","bytes":375409}}
{"source":{"wave":183,"partition":0,"offset":183,"checksum":"78a1e53f6d41bd7b1d26fcc3a4236bdad9d050e3d45e6b87e0beaab207bbad88","bytes":375409}}
{"source":{"wave":184,"partition":0,"offset":184,"checksum":"c2ea1d30f89fa8d837618bae4f3a1df5ebd518b126c07505f6066309c5e08ee9","bytes":375409}}
{"source":{"wave":185,"partition":0,"offset":185,"checksum":"94046e1180d8cb4b9870aae37be88a208bc12f3b09ad39ae12338d74dac0f511","bytes":375409}}
{"source":{"wave":186,"partition":0,"offset":186,"checksum":"a822a32c41bcce1c18f4dfba50b23c99cd74b6b2fbc55f7810f08beb167e314a","bytes":375409}}
{"source":{"wave":187,"partition":0,"offset":187,"checksum":"9e48cd2b8de430cafb961df276cdfbaf2a0e37a092f4b87274486c4d2e6677c2","bytes":375409}}
{"source":{"wave":188,"partition":0,"offset":188,"checksum":"764d6bf6fd9e7125bdc7e7e6568a8d2f4b86249ade56d705ec1ce5f7747b976a","bytes":375409}}
{"source":{"wave":189,"partition":0,"offset":189,"checksum":"dddf1cdca6b9d359e69a60f0f347e8df58c79cad2b7501cddf3ab37fa76a89e2","bytes":375409}}
{"source":{"wave":190,"partition":0,"offset":190,"checksum":"c130061a9b6e31a6650f104d91f4d1924d443fdc58e5ebb04de5a3a93045a244","bytes":375409}}
{"source":{"wave":191,"partition":0,"offset":191,"checksum":"4307701ca11d053ce2073c31048a7029a16fc2ef8cc4b737439da4427743a22f","bytes":375409}}
{"source":{"wave":192,"partition":0,"offset":192,"checksum":"b0a8528f5952ee134c9013e0a709d8d9a0fc2e7a1f35092dc5f766c3e5ae08b1","bytes":375409}}
{"source":{"wave":193,"partition":0,"offset":193,"checksum":"aeb09f2c819f30fd58b80683969251aae6eca77e2b9fe6103fc4ed6d78f2da59","bytes":375409}}
{"source":{"wave":194,"partition":0,"offset":194,"checksum":"e32538a1460e313482c3b509128b82fe419d207d0ffe501ed6bbe1b843969058","bytes":375409}}
{"source":{"wave":195,"partition":0,"offset":195,"checksum":"e0ad00f89bafc7bb6db0d82fc818dc29e2d119856c95e09aed872204098aac30","bytes":375409}}
{"source":{"wave":196,"partition":0,"offset":196,"checksum":"e25f05e97a4402689bcacf5e4027c75c539e6fa40face4eb8ddfd71a5223fdcf","bytes":375409}}
{"source":{"wave":197,"partition":0,"offset":197,"checksum":"d4d9670775567f66d3d7299feddf79407fdb08e1ba807aeb6672fb2082ab655c","bytes":375409}}
{"source":{"wave":198,"partition":0,"offset":198,"checksum":"ff0bcc83eae8c6673aa63df49f17b423f4436772a9e4f9a1b6b9278f77763b28","bytes":375409}}
{"source":{"wave":199,"partition":0,"offset":199,"checksum":"92dc4ab800ab360a7dbc0971c5ec19ed2ce98255fb61916cc246c0997eadc016","bytes":375409}}
{"source":{"wave":200,"partition":0,"offset":200,"checksum":"115c685dbcd92cee9a0c8590d0ad6daed94f94bfef359501717774d01ecb8425","bytes":375409}}
{"source":{"wave":201,"partition":0,"offset":201,"checksum":"09919dfe6cf60e56b1d8484887448a07ba4e29059d238a18db9d48b89748c1cb","bytes":375409}}
{"source":{"wave":202,"partition":0,"offset":202,"checksum":"52418be43cd7c486366751511dedfae8c084b2673f9c269ecd500818320e063b","bytes":375409}}
{"source":{"wave":203,"partition":0,"offset":203,"checksum":"4d316836b955d3a7f5ddeb710fda3150b9fee60c1daa48ab897abd3301ae212f","bytes":375409}}
{"source":{"wave":204,"partition":0,"offset":204,"checksum":"222b548c737af6deafb23bba65bcacdd7e06285d938bb4345d8370c2ceb5975a","bytes":375409}}
{"source":{"wave":205,"partition":0,"offset":205,"checksum":"e133b6cb44afb7c5006a0be8c77106f0c44de06d75f1f9c8585a0e994b196ede","bytes":375409}}
{"source":{"wave":206,"partition":0,"offset":206,"checksum":"c939eb0d90ed8633d344df159857925a9e59167b0a3fd6cb99a762654b35c7bc","bytes":375409}}
{"source":{"wave":207,"partition":0,"offset":207,"checksum":"9d61df94814ceead18e40420d96df61918b0cddffe0dc5b21c28fce2a182578c","bytes":375409}}
{"source":{"wave":208,"partition":0,"offset":208,"checksum":"8adeb6d940ae8b921903bfeba1b10a0c7a1080ff1f743c9b1c18dd9b020cfad3","bytes":375409}}
{"source":{"wave":209,"partition":0,"offset":209,"checksum":"c69483643e24b16ec6ca38b95ffa04bef39d144092fc4089db56658aba8cf967","bytes":375409}}
{"source":{"wave":210,"partition":0,"offset":210,"checksum":"8445fa246495a1013a0179c1d67110fd4baade8210665e4009df3dedc0024515","bytes":375409}}
{"source":{"wave":211,"partition":0,"offset":211,"checksum":"1d2150426ecc3a331bd36ae69b14e4966b4d1ec671def4505f952645a228989d","bytes":375409}}
{"source":{"wave":212,"partition":0,"offset":212,"checksum":"4bb439d882068918663f358d789435c8f6783e0b765cde0b0165cf9b613d77af","bytes":375409}}
{"source":{"wave":213,"partition":0,"offset":213,"checksum":"9bfe1b891fd04155cde7d94cf819886a2b11a46265736eb9a4a53003e3d9d236","bytes":375409}}
{"source":{"wave":214,"partition":0,"offset":214,"checksum":"0b571ce23aecf8f242b0fc2bfb87301c731fbc40cba221b21a570e4e9c9f2bba","bytes":375409}}
{"source":{"wave":215,"partition":0,"offset":215,"checksum":"6cdc99fc8b777dd2ee66a92c84032c38ec7f971717131d7a0646c72b8293f1ad","bytes":375409}}
{"source":{"wave":216,"partition":0,"offset":216,"checksum":"e92f8f791bbc5b471f79272eca04ffc603bd104a787732896165de3a334d8efe","bytes":375409}}
{"source":{"wave":217,"partition":0,"offset":217,"checksum":"d849924da1a5288ae4a68cccd30cda3fad543b979d517424ba6113e1f980de35","bytes":375409}}
{"source":{"wave":218,"partition":0,"offset":218,"checksum":"694248104edd8a62a52cc1d6409e269752527cd0b7b875b746447072a5910f1d","bytes":375409}}
{"source":{"wave":219,"partition":0,"offset":219,"checksum":"d704ef903f357565d2bb41cac5f41f81e3ecfe71d8d7e0c3b0df9aa81df88db9","bytes":375409}}
{"source":{"wave":220,"partition":0,"offset":220,"checksum":"e397109f6e8317a937ebe2b54b9aa86916791e9a0d658bb33f57868a12b8b306","bytes":375409}}
{"source":{"wave":221,"partition":0,"offset":221,"checksum":"dbafc42866647694b8413c3cd6e914b6fd04a898717b9e24f18cc7ed6abc2ceb","bytes":375409}}
{"source":{"wave":222,"partition":0,"offset":222,"checksum":"249e5d97ab000fb55b6d93d9bc6d66b3350b3793723701f5d552ee7ab7e15f1b","bytes":375409}}
{"source":{"wave":223,"partition":0,"offset":223,"checksum":"015af26100a52efccab63e682d33e50d28d8d4611b262874cca3864960c0526b","bytes":375409}}
{"source":{"wave":224,"partition":0,"offset":224,"checksum":"778e5b7e4840ffd9db1ed6a06a1967ab271bcd5c817f7f494997eef5e1fafa65","bytes":375409}}
{"source":{"wave":225,"partition":0,"offset":225,"checksum":"9cb9bc542db072c2ffd92d534ae2fb6af5f5537f6133abc7f9d2d7044bff25f9","bytes":375409}}
{"source":{"wave":226,"partition":0,"offset":226,"checksum":"e8695658bcfe09587bcf7d1b6d3e3b46ae7d9985de6a569ba634de8be9c5ea28","bytes":375409}}
{"source":{"wave":227,"partition":0,"offset":227,"checksum":"a229ed8f3dc0ae853b48250e71abfc10c94676656d35c8fa5a99162ea842070c","bytes":375409}}
{"source":{"wave":228,"partition":0,"offset":228,"checksum":"88960b07157a12d300f0b01f6ee3aba38e1d4e119e3167f1f59a761847d3aed5","bytes":375409}}
{"source":{"wave":229,"partition":0,"offset":229,"checksum":"91b824711e63a15a184f693ee427c79f6187706219d664114636e2161adbdd53","bytes":375409}}
{"source":{"wave":230,"partition":0,"offset":230,"checksum":"b0d32c22fa367ded907ce7b9897344f5a7839206902cee8abcb6d05b844993d9","bytes":375409}}
{"source":{"wave":231,"partition":0,"offset":231,"checksum":"485578c0298ff4f3eb9cea8da332228fb8ee6a5012810edf7a76e01828c8d0d8","bytes":375409}}
{"source":{"wave":232,"partition":0,"offset":232,"checksum":"b0d86196357ed35d92c52587196c91503b6bf92bab0c64b4768145a4f8167d69","bytes":375409}}
{"source":{"wave":233,"partition":0,"offset":233,"checksum":"6b1d5a784ddc639f8a72853fcc2fcb264e4e6128c0105aee5a40025bfe219d9a","bytes":375409}}
{"source":{"wave":234,"partition":0,"offset":234,"checksum":"d7274e5967b86ebe7c603905f735f16e0cff4a93986f122b6844b75adc7b360e","bytes":375409}}
{"source":{"wave":235,"partition":0,"offset":235,"checksum":"a772244365bf37b58e97deeec3ddbc8642953d4b1057a14bb639bbacd64a1488","bytes":375409}}
{"source":{"wave":236,"partition":0,"offset":236,"checksum":"94534d467683490ded1b33e42e79cf924beece5becee2b52f33b76194f4804d8","bytes":375409}}
{"source":{"wave":237,"partition":0,"offset":237,"checksum":"72e550a62733759e902094c051793fec792b666048b1916f87da810880552c91","bytes":375409}}
{"source":{"wave":238,"partition":0,"offset":238,"checksum":"a031f2847363c4db21914a1ba745ddcda74af52eeda01815285348982ae9b6be","bytes":375409}}
{"source":{"wave":239,"partition":0,"offset":239,"checksum":"ca4ac3d33b5e80333abd19fe6e9386aeda78d470176636cfa500f049a3225da7","bytes":375409}}
{"source":{"wave":240,"partition":0,"offset":240,"checksum":"ca836dfacade1fc5ee93179d8c1f60c2e1fddfbb1b3c23a2d46f5ee845562659","bytes":375409}}
{"source":{"wave":241,"partition":0,"offset":241,"checksum":"ce9310c8549e5182cd74d5ae55b3c540a4568b4a5b3980a15d28faa186925ac4","bytes":375409}}
{"source":{"wave":242,"partition":0,"offset":242,"checksum":"8de9e5628c38b7c151d6a1f0d7b772defee76736964d3d32d184f34a62afdf5b","bytes":375409}}
{"source":{"wave":243,"partition":0,"offset":243,"checksum":"179287232f5c210cfe5aa0848ce6f5b881379773570e7826dcd9f78ddf6f24d5","bytes":375409}}
{"source":{"wave":244,"partition":0,"offset":244,"checksum":"9e1043cdfe1a02c849884f3a34edc288cb28ac5913d39822f72a301e1eb2736e","bytes":375409}}
{"source":{"wave":245,"partition":0,"offset":245,"checksum":"7782529358a5ea6d8a9871b06dece4e4aabffd2bd79997686712c0c7457d377e","bytes":375409}}
{"source":{"wave":246,"partition":0,"offset":246,"checksum":"5af685e940ab6ca0259de95ec00ac7d931ece39268967d9dd9b9b04ccd58e3e7","bytes":375409}}
{"source":{"wave":247,"partition":0,"offset":247,"checksum":"f0abeaa294d932da411988ffe19640a0f9bad5ae08540b552ae4369ef49fd10c","bytes":375409}}
{"source":{"wave":248,"partition":0,"offset":248,"checksum":"84b6849f0b6295dcf10cec4443755ab8c557b2095ef200c1600cac2d0c020a73","bytes":375409}}
{"source":{"wave":249,"partition":0,"offset":249,"checksum":"eb90cd6636c683626cd8af32ea9abc9c7a7800b5f285a6f1894eff0b991abdc2","bytes":375409}}
{"source":{"wave":250,"partition":0,"offset":250,"checksum":"02fa5027413bf5b7b7a79e5df001bffb90ef2c88e1c7daddc319bd552f951277","bytes":375409}}
{"source":{"wave":251,"partition":0,"offset":251,"checksum":"66735b969a6620395155bef77d3d2c7e790f5822b6fa096564dca8d4bf9979a6","bytes":375409}}
{"source":{"wave":252,"partition":0,"offset":252,"checksum":"cf0bed0582bc0f277ab5551935b7aa62c98d3e13502719bf2d412c72e2e5f66a","bytes":375409}}
{"source":{"wave":253,"partition":0,"offset":253,"checksum":"931c22839c7f8f777f5de3d0e614273be4788cf6e4e5350a49cb03587ecb56df","bytes":375409}}
{"source":{"wave":254,"partition":0,"offset":254,"checksum":"350a44ea6fcc03e0432a12d03487b51da93f73dd5886751331668d1f1e7e9577","bytes":375409}}
{"source":{"wave":255,"partition":0,"offset":255,"checksum":"6b033cbd389b7e32bd79c9fbc2afa240292fafc4cc8b0bd3807952d0326b00b8","bytes":375409}}
{"source":{"wave":256,"partition":0,"offset":256,"checksum":"2ec9b88125cf165a9f6dea5cf06f9412d7becddc96610683d1ebca5258cebd31","bytes":375409}}
{"source":{"wave":257,"partition":0,"offset":257,"checksum":"3fbda422740f9e9dd9b8fee89b67e246cfaa9eb2b8a0feba3ff4bd9d22cc3741","bytes":375409}}
{"source":{"wave":258,"partition":0,"offset":258,"checksum":"95f2018d1a8a1fa6436a5a0ef9db97128cfafd2d3e2277f5e9f40661fddaae1b","bytes":375409}}
{"source":{"wave":259,"partition":0,"offset":259,"checksum":"9abba46760aadba60814f0a9fd7ca0bd263e966e1a6d8e33954af7304bec51a9","bytes":375409}}
{"source":{"wave":260,"partition":0,"offset":260,"checksum":"1e9c693be7b9f204a05c22bb4b7bc927250f0cb5dc350524ffc2df6449d62583","bytes":375409}}
{"source":{"wave":261,"partition":0,"offset":261,"checksum":"0e2bf7592a0cb4abe0ec7ff1e62facbee54035088453acc796669a112c7bd898","bytes":375409}}
{"source":{"wave":262,"partition":0,"offset":262,"checksum":"80a21e21ebf5e0435b1f22c52344728b3ff4578c9b4ccdbe014e39aa837731af","bytes":375409}}
{"source":{"wave":263,"partition":0,"offset":263,"checksum":"ece57c06d019471801a14d901802e1b6c92e7569ca9407dd9874c8019edad88c","bytes":375409}}
{"source":{"wave":264,"partition":0,"offset":264,"checksum":"891e7561e638ccea3e25d4b5737f2458c2dd3c56e5fe26180754ee6afbd6ba98","bytes":375409}}
{"source":{"wave":265,"partition":0,"offset":265,"checksum":"97c0a3a4d594e99a142cccd783e982b465dbb2b307c4aa9ccfa5ae060f4f7cab","bytes":375409}}
{"source":{"wave":266,"partition":0,"offset":266,"checksum":"bb04c9273c18e73f803f2dc181058d1acd6dce60de2f4ad71b14fb2c2bccdc67","bytes":375409}}
{"source":{"wave":267,"partition":0,"offset":267,"checksum":"41088ad5d1f11de0b928e270c708e1ff890cab80fe0ab6750e0f44a7ccea258a","bytes":375409}}
{"source":{"wave":268,"partition":0,"offset":268,"checksum":"ec06df5315a9ded61709f9d7f227040563cf0e497482a7a0157f28fc3da3b2ac","bytes":375409}}
{"source":{"wave":269,"partition":0,"offset":269,"checksum":"edb8fc75e5733f8fccfc7ae214b84f91627c2fbb6ff494604eeab1ea392ce3d3","bytes":375409}}
{"source":{"wave":270,"partition":0,"offset":270,"checksum":"1597d78d3aabddeb5cb2b0b3c92e83263cdd56f5d1b953bbbb9a66c8d2f9ed57","bytes":375409}}
{"source":{"wave":271,"partition":0,"offset":271,"checksum":"15dfcb4e7d50e1cb3039e8fcd56139addbc5b8d8457cdd31376ad0ffc0d1e7ce","bytes":375409}}
{"source":{"wave":272,"partition":0,"offset":272,"checksum":"5adf3bccab26cee49b1b9d5ac15829b67c4a321b3e20b3e8a569543bee608cf7","bytes":375409}}
{"source":{"wave":273,"partition":0,"offset":273,"checksum":"6e5cd4d023e983a7a1b4546547a79a9ad430faf2a4210f660dd417265552d5ba","bytes":375409}}
{"source":{"wave":274,"partition":0,"offset":274,"checksum":"2d0e6b6b680b830c8b9fbb8454eb3630ba79baa7434e336650d26825cbebf7a1","bytes":375409}}
{"source":{"wave":275,"partition":0,"offset":275,"checksum":"a8252b4e97f9613b680de8330272bfb94e312034deb55ab24ecaef3962d44a51","bytes":375409}}
{"source":{"wave":276,"partition":0,"offset":276,"checksum":"7a19c0e25d56c62aba12c301d79a6b2cd177dcce5936d29a39641d070b8b86f0","bytes":375409}}
{"source":{"wave":277,"partition":0,"offset":277,"checksum":"a6ed4353a47ca6b7870c2a205608e5fd7f2abee6e2f00c131fe4004089b664da","bytes":375409}}
{"source":{"wave":278,"partition":0,"offset":278,"checksum":"d7bdfd1f6ae7899d3256cac5c170fedb8344fba26fc9cfbe3a67d850bd4c1dc1","bytes":375409}}
{"source":{"wave":279,"partition":0,"offset":279,"checksum":"39e04582324314707952691eb7cda1ea0290e06a6916b119317a155c9f350dc2","bytes":375409}}
{"source":{"wave":280,"partition":0,"offset":280,"checksum":"3e40839b51240df1a9c4215cb59c33dca5838d53275a3e6c57edfbf77725aca7","bytes":375409}}
{"source":{"wave":281,"partition":0,"offset":281,"checksum":"9a391dcd6925e73a8cb22c717cb3b1f7ac82b5d4d2690bd240739681754efe67","bytes":375409}}
{"source":{"wave":282,"partition":0,"offset":282,"checksum":"5dcda3d47639810f1aee2cc6d92c4c3bd431bda1e62a796e901538c3d1e6af25","bytes":375409}}
{"source":{"wave":283,"partition":0,"offset":283,"checksum":"a47c7bd211e587b89d24ed04a32ab8e197dee2074e103d4be3e34194d22c5afb","bytes":375409}}
{"source":{"wave":284,"partition":0,"offset":284,"checksum":"aaf4ca23726ddb0155f2592d88cd175b55c9a2cd185b80287b8b9965e92ba482","bytes":375409}}
{"source":{"wave":285,"partition":0,"offset":285,"checksum":"834a4fb3496a598c4684f7d5897760c0e54c932afc296fa49d3351db0b52f1d3","bytes":375409}}
{"source":{"wave":286,"partition":0,"offset":286,"checksum":"6e948cd2c125da9af8dbbe584591a58afe0877962a41564a0912e0e81f1b1dc4","bytes":375409}}
{"source":{"wave":287,"partition":0,"offset":287,"checksum":"c3b992969ba8990c82b6644539caa28d03c5771e1a40e12c9ba7ef16066db729","bytes":375409}}
{"source":{"wave":288,"partition":0,"offset":288,"checksum":"11bfb1dc29ed67fbc27c75b8f6d12c15fa9119383cb75295c4296b2b32b67be4","bytes":375409}}
{"source":{"wave":289,"partition":0,"offset":289,"checksum":"bfe14f2bef5bffcc6570d9e12067bc7b4cfebab4ab0dde8daf800caf8c456c6e","bytes":375409}}
{"source":{"wave":290,"partition":0,"offset":290,"checksum":"7b6b968fa10b1b732920e9003aa162550590607983c8fea432b12656be1fd2ef","bytes":375409}}
{"source":{"wave":291,"partition":0,"offset":291,"checksum":"2a28d6cf0929d260240fdc210b1acb83b34d1de9711e51af835c3abd3325a733","bytes":375409}}
{"source":{"wave":292,"partition":0,"offset":292,"checksum":"4d67839538447023f8cb8720df72bfe59e928b988cb884213b9e40995a423b88","bytes":375409}}
{"source":{"wave":293,"partition":0,"offset":293,"checksum":"9967b8d0b55a2398e1f2f8c3d3f5dd3084176c5b8a1a544f05fc9a7284af513f","bytes":375409}}
{"source":{"wave":294,"partition":0,"offset":294,"checksum":"47aca07913570062ec5785c0b21e7f347193507ca31e6a93800ef263ddd37495","bytes":375409}}
{"source":{"wave":295,"partition":0,"offset":295,"checksum":"98ab12acc247fc24ba6402dc2da9c745d3caf1b068804fef2963a9de65e25535","bytes":375409}}
{"source":{"wave":296,"partition":0,"offset":296,"checksum":"7c09675d3fe29b8d5aab3b038039f3e5b8b62e9edb4e7367e907ed27fb4c979c","bytes":375409}}
{"source":{"wave":297,"partition":0,"offset":297,"checksum":"87289a4efe54f6e2fb257b1c57e3f830f1ca0511d32d0bacbb44f9ebe6bd4441","bytes":375409}}
{"source":{"wave":298,"partition":0,"offset":298,"checksum":"e032666cb9dc8563c226ba02a3ed5fd0fc5ee26b5ce5ef18d3397a89950d2c00","bytes":375409}}
{"source":{"wave":299,"partition":0,"offset":299,"checksum":"668c5c0928bd655606a2ddc0e949fc54b20295d24bdc91684f4d16338d2372c5","bytes":375409}}
{"source":{"wave":300,"partition":0,"offset":300,"checksum":"54c89389b5375ad04d468e0c11999f7a7316f2f4c40bd93df352efd73ba72cbb","bytes":375409}}
{"source":{"wave":301,"partition":0,"offset":301,"checksum":"39b6f3a3938863dd8fa1dbcee37fa369cdd9e5c0911aee63401dba152b8be1e6","bytes":375409}}
{"source":{"wave":302,"partition":0,"offset":302,"checksum":"a8c9e17e171fc67f606ea9b10ea0a4a93b6fcc77fdf1b3acae1e0f1d6d51052c","bytes":375409}}
{"source":{"wave":303,"partition":0,"offset":303,"checksum":"9bff6234d188dfa28db4c9994099bcfd8d6c525c4448466499b5ae6b6a11bbf4","bytes":375409}}
{"source":{"wave":304,"partition":0,"offset":304,"checksum":"5616ac666cee3ffea98b059dc6e3d724eb73f25681a301ce3e0d7a6112a2b2aa","bytes":375409}}
{"source":{"wave":305,"partition":0,"offset":305,"checksum":"1f34d118d6af1c327bb2c82504a86c6a7cf6596964b99ae2fd3204356892243f","bytes":375409}}
{"source":{"wave":306,"partition":0,"offset":306,"checksum":"2b6e565cd7ab635e35ec04744d0fe7c2dbdc19e8c409f83daa3249439ed1ac72","bytes":375409}}
{"source":{"wave":307,"partition":0,"offset":307,"checksum":"55a8c59ad06c86f556c0c08be4ba8a8b017df32755f5b813dd46d65fee1b38d7","bytes":375409}}
{"source":{"wave":308,"partition":0,"offset":308,"checksum":"08d86e1d9e9d1eded4e0e97cb5e361929bc4764cb2103e1e29fdf440596676ff","bytes":375409}}
{"source":{"wave":309,"partition":0,"offset":309,"checksum":"4304aeb2a9d173f0ba93187ba8eb44db7c50874fa2fe543ffb359e6b274fa239","bytes":375409}}
{"source":{"wave":310,"partition":0,"offset":310,"checksum":"dfaf3280aa60e5459acdae6d8df14d28ef5807c8f5827893f959aa791c52096a","bytes":375409}}
{"source":{"wave":311,"partition":0,"offset":311,"checksum":"33121d126d63464e74ba39dfec23a433b49792bc88d66e384c4b4d17c684d55d","bytes":375409}}
{"source":{"wave":312,"partition":0,"offset":312,"checksum":"b8bd5e8bd0998a11d615577459ecb30ec4573a2db96181796350adcc79ef6c46","bytes":375409}}
{"source":{"wave":313,"partition":0,"offset":313,"checksum":"27063c9396f64a8e2683d17316b1f6a7ac9e896a83a479f75efb2f8ea0631c56","bytes":375409}}
{"source":{"wave":314,"partition":0,"offset":314,"checksum":"c253549166582fd6816cc0f2b9518c5c2b575cd2f154daef105ccd2770f09d77","bytes":375409}}
{"source":{"wave":315,"partition":0,"offset":315,"checksum":"ca78cb523a715e27ad524191f9bd7efea6606f1a4f3bb63d35361af1aac2f7ee","bytes":375409}}
{"source":{"wave":316,"partition":0,"offset":316,"checksum":"9c21da893ae7bbdc3c6f96cef62194bea3406d71e176622b165f579a823aaae4","bytes":375409}}
{"source":{"wave":317,"partition":0,"offset":317,"checksum":"e95ac979eb6c160d9aca57bfc26afe3ae6542b08b1babb226332c2cf79347559","bytes":375409}}
{"source":{"wave":318,"partition":0,"offset":318,"checksum":"e1651329af3118a9ec6909ed6f8febbad6d437bcaf04bab4702523f90c59a062","bytes":375409}}
{"source":{"wave":319,"partition":0,"offset":319,"checksum":"2f4d312fb911ef8b691ed66bc5b0bb58217fbe69251f5a25ff27bd1246a2b430","bytes":375409}}
{"source":{"wave":320,"partition":0,"offset":320,"checksum":"689b26bf130baffef8b0b0220e051c1d918baac5c69ddd3771c04b24fec35656","bytes":375409}}
{"source":{"wave":321,"partition":0,"offset":321,"checksum":"e379195745f117faf0e1fe6fb6e9df3595f9722c579096af185fb15e2ba5d98f","bytes":375409}}
{"source":{"wave":322,"partition":0,"offset":322,"checksum":"7d6703a2395330ead9c17d62afd56c85a60557383731a87952b3bfd1fb3e5c54","bytes":375409}}
{"source":{"wave":323,"partition":0,"offset":323,"checksum":"aa37abdd65766f3272a90cadc6174cbc7b442446df94a15cc7f16ce83bd9de57","bytes":375409}}
{"source":{"wave":324,"partition":0,"offset":324,"checksum":"9967c14d9e5678de74bc94980f027679071901645930ba0541068b71ec299c4f","bytes":375409}}
{"source":{"wave":325,"partition":0,"offset":325,"checksum":"f5dbd31c5d6006a3e1186b1b6e9fd587a1ef6f3bacd42d563dca5546a67d7a47","bytes":375409}}
{"source":{"wave":326,"partition":0,"offset":326,"checksum":"5185b59cca7dd9199cff88846e61097bbb10cfc58152cea5ac057bc945a9acbb","bytes":375409}}
{"source":{"wave":327,"partition":0,"offset":327,"checksum":"8ddab8eb7b4b7f6a1392db0b344de37e2537ee3f9bc2a1555d4150eee034924c","bytes":375409}}
{"source":{"wave":328,"partition":0,"offset":328,"checksum":"5ee1da6f9e484951d4c46b15d808b82a193bff5c70935e6bf6a81e459efb0e16","bytes":375409}}
{"source":{"wave":329,"partition":0,"offset":329,"checksum":"9f785958b3f7e02265eda8bf6699bc789ad66e5c6e48c75c1eb549f3ad4c7911","bytes":375409}}
{"source":{"wave":330,"partition":0,"offset":330,"checksum":"03212e12c6cbc783c7f1c2f8dccbc4c96ed1001c0037166503060c7dad5257dc","bytes":375409}}
{"source":{"wave":331,"partition":0,"offset":331,"checksum":"1b030cd3b83169f134d8aeaf155b329b0bdbd698c0d15f2054350dc04a9389cf","bytes":375409}}
{"source":{"wave":332,"partition":0,"offset":332,"checksum":"cf406895adae260ba68a8ab5bc02b876e69baef066b4a980f1b57d04c7837306","bytes":375409}}
{"source":{"wave":333,"partition":0,"offset":333,"checksum":"fdcc579261c4ebf7f16aec0245eeee6bc92d4c61d6406a309d58e24af49665bf","bytes":375409}}
{"source":{"wave":334,"partition":0,"offset":334,"checksum":"6ae027a5fcea46d810cab60e7604a24c223682fd01c8fa892185f0277a4ac01f","bytes":375409}}
{"source":{"wave":335,"partition":0,"offset":335,"checksum":"70929c2ccd1b420e64a8401f6ccc6e0f6c3a84c89f58fdc6c8cb150bd3ab4b63","bytes":375409}}
{"source":{"wave":336,"partition":0,"offset":336,"checksum":"ca1bbb2d6896dd95e1608408cead34e5d671bf121359f0c92161ea0351afc7c2","bytes":375409}}
{"source":{"wave":337,"partition":0,"offset":337,"checksum":"7b833890051f0c47233444c7ca497ae0e7586e69912bb15ea20a2d5015861fc7","bytes":375409}}
{"source":{"wave":338,"partition":0,"offset":338,"checksum":"b8228c63993f7572844be5a19f3c11ff23636ea68e32a7eef1e1e7e8ac044949","bytes":375409}}
{"source":{"wave":339,"partition":0,"offset":339,"checksum":"cc9d0a0a486e23a923659716b23b1d56a387d8714f499f35d6befffa5534cca4","bytes":375409}}
{"source":{"wave":340,"partition":0,"offset":340,"checksum":"5325664f81288accf31adb7701ada5a57e07a90db0eb8bf1d240d26d6c87d6cd","bytes":375409}}
{"source":{"wave":341,"partition":0,"offset":341,"checksum":"0f3afb4c761d8860c5cd88490e3c521e353458f7ec9fe62195eb2fc3804f278a","bytes":375409}}
{"source":{"wave":342,"partition":0,"offset":342,"checksum":"be2e1679d290ff99edc43e3f64dc50de86f89c755976ea0a92033caf1425d6e9","bytes":375409}}
{"source":{"wave":343,"partition":0,"offset":343,"checksum":"8d4ffb0f90d3d81e7bf39af5c40e6716f58191fbad1db2ee6b809caec05fc291","bytes":375409}}
{"source":{"wave":344,"partition":0,"offset":344,"checksum":"1c5399b1a7c6e694023cd467118bd38a24d543f917058cfc69d2f32fbc1361c4","bytes":375409}}
{"source":{"wave":345,"partition":0,"offset":345,"checksum":"c61d367ea781050da79795c0890f83a5966ea67e37e58c813ffe55d92ffd6055","bytes":375409}}
{"source":{"wave":346,"partition":0,"offset":346,"checksum":"8e44b15843d93f22f30a33b5852a72802343d80044c0fa9103ceed36a97edab3","bytes":375409}}
{"source":{"wave":347,"partition":0,"offset":347,"checksum":"f789a789825ebd2f0148502f33275e4c106b6788e0ccf7db417e32354c591720","bytes":375409}}
{"source":{"wave":348,"partition":0,"offset":348,"checksum":"4c11ce80514ff0c0fabc2181ff000da4fe06eb4956bc07932a63787eab2d841f","bytes":375409}}
{"source":{"wave":349,"partition":0,"offset":349,"checksum":"b756f28aa6e9207dfc6474f81875f51ed991c483ad4406715a019724a5884a41","bytes":375409}}
{"source":{"wave":350,"partition":0,"offset":350,"checksum":"c17f06f70ec03b808f0be41b2a5810dc72bcfc5ff89c8550d6e1334d6cdaabe2","bytes":375409}}
{"source":{"wave":351,"partition":0,"offset":351,"checksum":"33bb82480051de3fe2d827aa0875154a85872a89df2963ecdd760895a7ee6625","bytes":375409}}
{"source":{"wave":352,"partition":0,"offset":352,"checksum":"5dc0571be3a741afc2118da7ca327010798502f9453e4e4ce27fa094ba669cf5","bytes":375409}}
{"source":{"wave":353,"partition":0,"offset":353,"checksum":"28b5c7438d9792178c7baadac5cbcbeaab759727c37f5ece0a6c125aa25eebbd","bytes":375409}}
{"source":{"wave":354,"partition":0,"offset":354,"checksum":"f22701bc2e3df39d9991885bd5fea23e0274add7f81c5a4d524caf66cfb6f50a","bytes":375409}}
{"source":{"wave":355,"partition":0,"offset":355,"checksum":"cec0bf71ef56bc0b4ffc00abbb0336d4b7a3768acab02e81df049b0a060a555e","bytes":375409}}
{"source":{"wave":356,"partition":0,"offset":356,"checksum":"7e70c3f35c8a92a67ca9f1e0ff814132c47df5139c2cfdb84c1569f9a9ab1bc0","bytes":375409}}
{"source":{"wave":357,"partition":0,"offset":357,"checksum":"59fba0748a3f8b8019967d00fc468a88aba69209d2b10067ccbd9b0713a917cd","bytes":375409}}
{"source":{"wave":358,"partition":0,"offset":358,"checksum":"0f3284754ded3d31e253ddcb4b94adad0fcd3283bd2fb18f680ac795faa21315","bytes":375409}}
{"source":{"wave":359,"partition":0,"offset":359,"checksum":"5931170b7bbaf5eb55f730c4fc04dda128c4deab7a296dc075c4e5dd98190913","bytes":375409}}
{"source":{"wave":360,"partition":0,"offset":360,"checksum":"49007356743d335f838e2191442587f883b218aa844a4c60cc8b6fde9ad669b6","bytes":375409}}
{"source":{"wave":361,"partition":0,"offset":361,"checksum":"f1d4cea102237ba3091485dc1758fb7f7075b6c5c241a264c43dd0c25b71ea45","bytes":375409}}
{"source":{"wave":362,"partition":0,"offset":362,"checksum":"3d0a3c0058c765dfc7a1349d168a35c85df6d5e4b8ca3ccbd6c50a32a5e881bf","bytes":375409}}
{"source":{"wave":363,"partition":0,"offset":363,"checksum":"75fe836d75ac2e68c2266c5a6264228d7930d3a133b159ba387663ea456e3670","bytes":375409}}
{"source":{"wave":364,"partition":0,"offset":364,"checksum":"9e26243235daaa9ea9a4d63544672f26b9049b06215e5bf4b5dba0e3d920b7e1","bytes":375409}}
{"source":{"wave":365,"partition":0,"offset":365,"checksum":"d19d4d6907b2742ac11e887dae261b8b10ed036881c24604d3b36d0bacb33609","bytes":375409}}
{"source":{"wave":366,"partition":0,"offset":366,"checksum":"52473e44d90423017c47a2661d2ea455802ee47e0df5f6a4bd8b373b41980f1d","bytes":375409}}
{"source":{"wave":367,"partition":0,"offset":367,"checksum":"7399eee41f00bad9fd2bd18cde1212baef5fd544c9b74dff08e599f5f43a1d0f","bytes":375409}}
{"source":{"wave":368,"partition":0,"offset":368,"checksum":"04147cfe6cbed7d4488ddd922facb6c53b9e5ea0f092db3c3764780589825e38","bytes":375409}}
{"source":{"wave":369,"partition":0,"offset":369,"checksum":"86abafeb366dbbb5a38f7d1fdbef85f1334c3de03d52271d8c0782687b8d18dd","bytes":375409}}
{"source":{"wave":370,"partition":0,"offset":370,"checksum":"7c9f94e6b8f211edc8480749a3869f9709b4498200d425431b7b1b9516a81535","bytes":375409}}
{"source":{"wave":371,"partition":0,"offset":371,"checksum":"c641cee4068e0b93cb91b6c147e422fd2256a3500e0e98f843ca6c64aaedc750","bytes":375409}}
{"source":{"wave":372,"partition":0,"offset":372,"checksum":"b7af7ef3c12cac347f77a82c11409af4a7437aa12c034bd07356bc1e331b630b","bytes":375409}}
{"source":{"wave":373,"partition":0,"offset":373,"checksum":"c363c362c075d9e1aa153f4a13b2d278488aeada37eafd6c3e1af374a4771896","bytes":375409}}
{"source":{"wave":374,"partition":0,"offset":374,"checksum":"b1cf9f8d0c96d352c4f82269ac0bb9e5bfc3730692f555dbbb170ca025248b90","bytes":375409}}
{"source":{"wave":375,"partition":0,"offset":375,"checksum":"c6a254c1a3b564528ef816873325a628ca68ed1b8317515aacb4b19828d64388","bytes":375409}}
{"source":{"wave":376,"partition":0,"offset":376,"checksum":"80bf5a102d5177c25cc7e8d4251de08b1f1d0e49b3dce7fbef78b4c513b3fb3e","bytes":375409}}
{"source":{"wave":377,"partition":0,"offset":377,"checksum":"c452a4c5f21c2a08aca72a43b6a806a887ccef478cfa5774a820222a5366829a","bytes":375409}}
{"source":{"wave":378,"partition":0,"offset":378,"checksum":"ff888c5683ed9142d61850b7f43292ada96feeaf2f49aeb4bc85ff25b9ecea53","bytes":375409}}
{"source":{"wave":379,"partition":0,"offset":379,"checksum":"a84ccd58c47dfd025ea6ccdf65be1620e8c27f1795c97df726e29ae98d8e59b3","bytes":375409}}
{"source":{"wave":380,"partition":0,"offset":380,"checksum":"456f50f76c422a05f8f2444a1039a5b206127e669fd50eb7fdeaf9a5dfc0480c","bytes":375409}}
{"source":{"wave":381,"partition":0,"offset":381,"checksum":"d4251fb65573bc80f0ac88bce8506528b433d1fb6bc8dda77f318f9e32c957fc","bytes":375409}}
{"source":{"wave":382,"partition":0,"offset":382,"checksum":"14dfdced4a04156a759c2a502065110532911273c3b9536fcf147c0e0d02d0cd","bytes":375409}}
{"source":{"wave":383,"partition":0,"offset":383,"checksum":"74ebccc2cd93952d3c3b03c032982ddb8dcbbaf5e4022756069849031cab672a","bytes":375409}}
{"source":{"wave":384,"partition":0,"offset":384,"checksum":"49644a6d610ed2a3aa6ac486cdabe30c41b55fa4e636bfc7a7f0eef742bc18b8","bytes":375409}}
{"source":{"wave":385,"partition":0,"offset":385,"checksum":"6e60b76245a48de834d0913ce3b111d1d1f76e96b87a8ba58facd9b3ad8c6736","bytes":375409}}
{"source":{"wave":386,"partition":0,"offset":386,"checksum":"f8c8ac151e07de4d1811b6fddf440f1ab8955518d737680cd36cf632ca1e6922","bytes":375409}}
{"source":{"wave":387,"partition":0,"offset":387,"checksum":"c191c3105d2e534dc1b725f4eaf8d0780a4e62b3a51c35c2ecc71426d44266b5","bytes":375409}}
{"source":{"wave":388,"partition":0,"offset":388,"checksum":"b9439109b2898580ea58b2df2e1246dc08329d40f5523e8861c2f558f9f3d906","bytes":375409}}
{"source":{"wave":389,"partition":0,"offset":389,"checksum":"d62965effa471f08ff8690ede1b8af779abe33dac34420ace58e2f12f46a3f1b","bytes":375409}}
{"source":{"wave":390,"partition":0,"offset":390,"checksum":"674df96a4abcf4a5e567f4609c59f615234686c976475e9ede89dd0f21f3734b","bytes":375409}}
{"source":{"wave":391,"partition":0,"offset":391,"checksum":"257ad4762bc504fe550ccbbe72f929d1efd9f282c81c31109079ee4b92bc943b","bytes":375409}}
{"source":{"wave":392,"partition":0,"offset":392,"checksum":"f15994cc3877fe66fbd6ef2b9c78bc1fa865f927ae6d704de88a170fed90486b","bytes":375409}}
{"source":{"wave":393,"partition":0,"offset":393,"checksum":"4d1569cb08f3b53d43a13cd9f0e732bb5d7e0bb242a350df6b87b48f5157f625","bytes":375409}}
{"source":{"wave":394,"partition":0,"offset":394,"checksum":"b562f396bf8d167f1b3b8679a4fd35ffd30a1b3789ac1e18903ed4ec0ac3680d","bytes":375409}}
{"source":{"wave":395,"partition":0,"offset":395,"checksum":"d7585a3865c4b9e6a3b48dbe8785ffed9eface9c1cd3e6bfab851109fbf3785b","bytes":375409}}
{"source":{"wave":396,"partition":0,"offset":396,"checksum":"a4d037410ed6ffdb9e2c45831e16b512b735d8d7aa3c0f766e3ba8c4e53bfb54","bytes":375409}}
{"source":{"wave":397,"partition":0,"offset":397,"checksum":"c1ee12692f2486cb60ec6656e778b8952c86a0eaaae20408bc05a82786a8c667","bytes":375409}}
{"source":{"wave":398,"partition":0,"offset":398,"checksum":"60c91701b241553dd3b2dafaf90011ce9ed559951323a8bebf823e71217f9f90","bytes":375409}}
{"source":{"wave":399,"partition":0,"offset":399,"checksum":"cb78eefa0d31168c54934225f2ae4149b04db9890685625ba692ebe29b3779f9","bytes":375409}}
{"source":{"wave":400,"partition":0,"offset":400,"checksum":"d694a1e38fdf2efebdbba25837c3dc0a8834896cf932718a5aa138f754ebf6cf","bytes":375409}}
{"source":{"wave":401,"partition":0,"offset":401,"checksum":"02668d9d5fa26ba18db3976e42ac4077a63627dbd4139d1063d4722029bac6e9","bytes":375409}}
{"source":{"wave":402,"partition":0,"offset":402,"checksum":"507e927179ffbe4bf70ce9f1e91170d23665054c8ac21a5f295d77d9defb7484","bytes":375409}}
{"source":{"wave":403,"partition":0,"offset":403,"checksum":"4edd5b0cb104ea7b53604db1921abc63be938273b7c91420c32c665215738d1a","bytes":375409}}
{"source":{"wave":404,"partition":0,"offset":404,"checksum":"03d6e0d508d3537b2f6c8f1682694457fe9a85dfc35357c059e400fa5b93249d","bytes":375409}}
{"source":{"wave":405,"partition":0,"offset":405,"checksum":"afe3d87462b72533d7e5addb1436a6a4c267787e48253bc184e0f5647e1b9ca3","bytes":375409}}
{"source":{"wave":406,"partition":0,"offset":406,"checksum":"df63c34aebd4cf075bede265cf73590c1e938d5662fb8c604984d46357fbfce0","bytes":375409}}
{"source":{"wave":407,"partition":0,"offset":407,"checksum":"ba6c9192f1ff05024545de2dd7f4c01bccef6fcdf9732a16911f4000727e3fcf","bytes":375409}}
{"source":{"wave":408,"partition":0,"offset":408,"checksum":"2f5c44337119029454ea4dd4f0b6f748be9078de6ba9af8cafab2eeff6a190bd","bytes":375409}}
{"source":{"wave":409,"partition":0,"offset":409,"checksum":"741806b520e8668e9fc1c5933f969834c0e21b2a19059bef684fe5e8fab0eff7","bytes":375409}}
{"source":{"wave":410,"partition":0,"offset":410,"checksum":"a4b086237098a418d6fc572576074cb0be09dd00c03d9314041f726553568692","bytes":375409}}
{"source":{"wave":411,"partition":0,"offset":411,"checksum":"333b0498015ae80f131aab069869b0e9e4adcf469fef950f7d5724b2caf0b07f","bytes":375409}}
{"source":{"wave":412,"partition":0,"offset":412,"checksum":"34daca82472552a941f03b69f93dc3610e08094b1c1c6ba5339affeb61f1480c","bytes":375409}}
{"source":{"wave":413,"partition":0,"offset":413,"checksum":"55a13e80bf9a086f628114363880d731dc7d723aa80f293ac0ea217c905b6f57","bytes":375409}}
{"source":{"wave":414,"partition":0,"offset":414,"checksum":"d6dd867ae8466c959a5a9ad3063af960d8b5238fcf8efb613cde34b8d3d7ef91","bytes":375409}}
{"source":{"wave":415,"partition":0,"offset":415,"checksum":"a9226eb43bab48b368cda09b226480e7c25ee866291fcea8cff6cf1eed084ec8","bytes":375409}}
{"source":{"wave":416,"partition":0,"offset":416,"checksum":"065a2845697086506c68406c25c2b813ad38377fac4c43f71734508d0f5ca230","bytes":375409}}
{"source":{"wave":417,"partition":0,"offset":417,"checksum":"dab73fe00808ca17b745026fb538dcbf947a51985abaca143b5931978e482a53","bytes":375409}}
{"source":{"wave":418,"partition":0,"offset":418,"checksum":"931e2efe15c181702d031dc75a1cb9197d19b892a17b3938566d0c746c879df0","bytes":375409}}
{"source":{"wave":419,"partition":0,"offset":419,"checksum":"463625a872c6da41f2862bcfc270c3a5e3bdeb205570bcf7690f788cf5df5d4b","bytes":375409}}
{"source":{"wave":420,"partition":0,"offset":420,"checksum":"c124f6582e44e501528223454296984d8804f2091e25f6e1d12515562961d4e4","bytes":375409}}
{"source":{"wave":421,"partition":0,"offset":421,"checksum":"2c3ebe9d4df1a67dc75c714df5437b79834a41f95c5b76b561c17697b903bcfe","bytes":375409}}
{"source":{"wave":422,"partition":0,"offset":422,"checksum":"0e09bedef035f453707a868b91f8f7dccf36ac8df57fdbe92fb5028709084862","bytes":375409}}
{"source":{"wave":423,"partition":0,"offset":423,"checksum":"815064ee4553b45f650483d0afef4a417e59f103d90bc284e7463c7bd7dfd4b1","bytes":375409}}
{"source":{"wave":424,"partition":0,"offset":424,"checksum":"769f20d45479a3181475478c133ef97242a2e5ae2f723a2398e7584a96b6794c","bytes":375409}}
{"source":{"wave":425,"partition":0,"offset":425,"checksum":"de0cac94def5b6f27d8352c184f33da1183c918f1e418376ba5e43d5734ef2c8","bytes":375409}}
{"source":{"wave":426,"partition":0,"offset":426,"checksum":"d58578ab40050b7a44272c3943253dfd80b6d5b4353542e181449bef4850fb18","bytes":375409}}
{"source":{"wave":427,"partition":0,"offset":427,"checksum":"82ef74eecc52318b6b6aca575c0f3123c12b8f83be43f71904cbdff44e6a6e96","bytes":375409}}
{"source":{"wave":428,"partition":0,"offset":428,"checksum":"c30597f5b31d2ac674514ee013678e2b68b585710a0e4db5e081cb389f6cf4b9","bytes":375409}}
{"source":{"wave":429,"partition":0,"offset":429,"checksum":"9517f85188f176330940bc9f0a57720bf525088a97bb2fb67665a7dcc4b22451","bytes":375409}}
{"source":{"wave":430,"partition":0,"offset":430,"checksum":"beaae4ef9cba386fb46423d90d277e0248271dcfcf244a622b704b2ed16b9a1a","bytes":375409}}
{"source":{"wave":431,"partition":0,"offset":431,"checksum":"e650edcdf5ffa364e0495d5fef0643702b449edd6b67ef73ad41815e045e1a93","bytes":375409}}
{"source":{"wave":432,"partition":0,"offset":432,"checksum":"689264377e00ae668d1075f89b483c8753f1dfb0ca42c92486f520e54566557b","bytes":375409}}
{"source":{"wave":433,"partition":0,"offset":433,"checksum":"a8d01e4166ef2f59f6c3ef1f607cd99353e5df2efda1c4617900a0540e068400","bytes":375409}}
{"source":{"wave":434,"partition":0,"offset":434,"checksum":"6a26aac7e8b62109b585078be136f059c8f9cb3fb54a884cf9ca11149d46c4b2","bytes":375409}}
{"source":{"wave":435,"partition":0,"offset":435,"checksum":"89c8d71853414436763b394d34dfd32578702f5d9e61da29f0aa411d8f494e2f","bytes":375409}}
{"source":{"wave":436,"partition":0,"offset":436,"checksum":"554f0a49728dfeffdb9ed427e6777fd249c216139fabca9b8edf3127a9c99e1f","bytes":375409}}
{"source":{"wave":437,"partition":0,"offset":437,"checksum":"9033c16c6f01808485686ad0365b2de41d7e3072b712c7a52fe3585479e81508","bytes":375409}}
{"source":{"wave":438,"partition":0,"offset":438,"checksum":"dcf2f3bc8c5aafe79012c40123a124a089e30c5e03aee2b258d624142ba2ce55","bytes":375409}}
{"source":{"wave":439,"partition":0,"offset":439,"checksum":"d8cf1108e2fad509c947aaa4d046730c63c6daaf615c9805531cca9219c6cfcb","bytes":375409}}
{"source":{"wave":440,"partition":0,"offset":440,"checksum":"832331a7aa5c328aee0f3bfebe96a0f34c9261273001c55023a8a3e59258789b","bytes":375409}}
{"source":{"wave":441,"partition":0,"offset":441,"checksum":"90181bfd03d912bb5b9ca7de7082600b7bf400161afc547e18eb1840d2a8c9f8","bytes":375409}}
{"source":{"wave":442,"partition":0,"offset":442,"checksum":"8a6b5143e143ccb0d82cc0b0dae617816480681fee04604613bb53195ea2bef2","bytes":375409}}
{"source":{"wave":443,"partition":0,"offset":443,"checksum":"b1d4d5dc25acf4d38600d9494b99450a94e61bf83c23037752a7a178fdb1f0c2","bytes":375409}}
{"source":{"wave":444,"partition":0,"offset":444,"checksum":"c4bf401239b93b1fbef0d544d7dc46905ad85b341153178eb64c3d3b0b03c171","bytes":375409}}
{"source":{"wave":445,"partition":0,"offset":445,"checksum":"e99fa9fe8c6b7d11ddf7bc5fb6cbf9a18fd919e0b21056c7dcbfb586e8c46f14","bytes":375409}}
{"source":{"wave":446,"partition":0,"offset":446,"checksum":"6125546b523c7bbf96d6f3b8e1d1f8c04e43d67a8a1bce188186a2b26df2beb5","bytes":375409}}
{"source":{"wave":447,"partition":0,"offset":447,"checksum":"570819dbbee68240c323b9e3f52bad8dfa75547809dfc4b9dbaf80d3591f9e71","bytes":375409}}
{"source":{"wave":448,"partition":0,"offset":448,"checksum":"e62e0c3945adcfad303901da0479a59bfae8ba05203d431fa1577ca4e9fd8565","bytes":375409}}
{"source":{"wave":449,"partition":0,"offset":449,"checksum":"9ec74b4d3426a9280b923c15dffd99368cf44b415829fa15f18362ec2b2ca337","bytes":375409}}
{"source":{"wave":450,"partition":0,"offset":450,"checksum":"ce682f18e3ff2676271133a90043d1e75df47c06d142578dee159cbfab39843c","bytes":375409}}
{"source":{"wave":451,"partition":0,"offset":451,"checksum":"b1034982d8e8ea1979ac1342eaa58fb37edca921828e7850af92f0f8ecc0bf0a","bytes":375409}}
{"source":{"wave":452,"partition":0,"offset":452,"checksum":"4cbfe29dfcdc4870b19862c5366c55a41710fe7613ebbe2514803c6b96d5902a","bytes":375409}}
{"source":{"wave":453,"partition":0,"offset":453,"checksum":"c53ee5fa14321d453f6334415112663667836373749f1c441865a5c2a2573291","bytes":375409}}
{"source":{"wave":454,"partition":0,"offset":454,"checksum":"a3068848b9095dde9208b8ecb4c6d7f2fea5491aa48997b488f78a13a89211be","bytes":375409}}
{"source":{"wave":455,"partition":0,"offset":455,"checksum":"afe9dadeb9e2fe523e3297eb0bbe7bbd33621662c9b870f1a6fcdbc129d0e385","bytes":375409}}
{"source":{"wave":456,"partition":0,"offset":456,"checksum":"db0a118c1dc83b0965a9446fb5a00fd4da71d539d87d75df15cfe1d99f448714","bytes":375409}}
{"source":{"wave":457,"partition":0,"offset":457,"checksum":"54ae4f19e82a59ca5d786ed5a39f7efcfec8c34346ef8dd0d9b0256e9c76bb3a","bytes":375409}}
{"source":{"wave":458,"partition":0,"offset":458,"checksum":"23f3c41e269618a382658bbb43c4dd0296e91fbca1dd5d25cabc30e034b446ba","bytes":375409}}
{"source":{"wave":459,"partition":0,"offset":459,"checksum":"007931e412b7ff25f7f7d94c79ed357e5631dc9dff5745a5a43ae80ecbca1894","bytes":375409}}
{"source":{"wave":460,"partition":0,"offset":460,"checksum":"421ca562bd656b67ad31d7bf8a52017a98ee7e28655c8de7d30a661dc08e42da","bytes":375409}}
{"source":{"wave":461,"partition":0,"offset":461,"checksum":"784b019a50e36bea20033a2ccc85b7562cb1647d1c776e6ab8aa36004a1364fe","bytes":375409}}
{"source":{"wave":462,"partition":0,"offset":462,"checksum":"dd1e7e3f93d29b52ebeb3e4d7efefedb16bdb43cd4323d582bcb48cd689d5a78","bytes":375409}}
{"source":{"wave":463,"partition":0,"offset":463,"checksum":"29751904d1d2523a49e1038063eb3cad1c3be677f1a4ec31ea5174bbbda668fd","bytes":375409}}
{"source":{"wave":464,"partition":0,"offset":464,"checksum":"daa2521b436e3a9720f2bffa064c89e4b9fd24f97e5b52f5fbf2909c8ae7aa62","bytes":375409}}
{"source":{"wave":465,"partition":0,"offset":465,"checksum":"20e7df0b569c939a515099073e3af4f4ad8466dcfa51b1ba584988f56e6a7e24","bytes":375409}}
{"source":{"wave":466,"partition":0,"offset":466,"checksum":"2e36efb44f83c6d49ee0d5aa627496147000780eb8b2db9870220becddd27292","bytes":375409}}
{"source":{"wave":467,"partition":0,"offset":467,"checksum":"0f4bf81af67bdd9570744310628af5762853ce562588fb436d4a7c94c9072a5a","bytes":375409}}
{"source":{"wave":468,"partition":0,"offset":468,"checksum":"cc6ec4105ff9b6e2f2d742abd87fe2314edd1a5c650ee6d8f139af8c25fc24fa","bytes":375409}}
{"source":{"wave":469,"partition":0,"offset":469,"checksum":"0bce79a14604aa51c3b80448049f6845741cbfc6f20d3336abb6bfe8055d6647","bytes":375409}}
{"source":{"wave":470,"partition":0,"offset":470,"checksum":"a3f1669e4e06ba81f2b6b163e07364f8fd32c501a8bbc31a36d5199627533ac2","bytes":375409}}
{"source":{"wave":471,"partition":0,"offset":471,"checksum":"e06f7b7e7348734d01d3de9b6ca92185ac31c66bced97a8673d9a87184a39748","bytes":375409}}
{"source":{"wave":472,"partition":0,"offset":472,"checksum":"94e86d6277ee6c67f597e3efb97641e5ec0ecb36d4f73ae2070fae2712aaf465","bytes":375409}}
{"source":{"wave":473,"partition":0,"offset":473,"checksum":"75e9f6d8648b9a5313758c10420103173fa258ca306af7bdb3bda549b237bc5d","bytes":375409}}
{"source":{"wave":474,"partition":0,"offset":474,"checksum":"d0579fe25ee1fc4126f1e34afc4e0de249bdb6ceea4858f2cf83c39fdb1c97ca","bytes":375409}}
{"source":{"wave":475,"partition":0,"offset":475,"checksum":"ffff7ed71679250bb20ac12c1326efcd499feab8ec424978c3f7526c78da9e6f","bytes":375409}}
{"source":{"wave":476,"partition":0,"offset":476,"checksum":"d3bc6e899d49441709a419d93b5b2e3213b40bd5df79020c87be45c8622b5a70","bytes":375409}}
{"source":{"wave":477,"partition":0,"offset":477,"checksum":"16c401738f9b3cc8c920e505c7eb90fe1928013a172b42170e2feaf098c02229","bytes":375409}}
{"source":{"wave":478,"partition":0,"offset":478,"checksum":"e25ec4a335ddad9ee2fe9b5e6572f740e19e53f4bcd71832b79466e3566e3ae1","bytes":375409}}
{"source":{"wave":479,"partition":0,"offset":479,"checksum":"5e436442ca9d24775222ad80b57a52f5deb0c57a8f9226c76a46786d63b69218","bytes":375409}}
{"source":{"wave":480,"partition":0,"offset":480,"checksum":"90b089ac4c6ccc4640d23f3308779ebb0f88ce98988982bdfbc66c0a993fadab","bytes":375409}}
{"source":{"wave":481,"partition":0,"offset":481,"checksum":"776f1d0aad2479c5137ce4fd60f80e7285d1825f23e5e9e87518ea256c955c98","bytes":375409}}
{"source":{"wave":482,"partition":0,"offset":482,"checksum":"9db7b8820b8be6c048d11b6a341914271a68d1b91a85703a31bea311a14e0421","bytes":375409}}
{"source":{"wave":483,"partition":0,"offset":483,"checksum":"0dc3c67252bffe8fd64ed1872372e210b995d196837eefa49faecf4b2e78d5c1","bytes":375409}}
{"source":{"wave":484,"partition":0,"offset":484,"checksum":"7ea18669be2840a7aad3adc4f54a4138a9798ac5fae5b27bb0570ecb2243769a","bytes":375409}}
{"source":{"wave":485,"partition":0,"offset":485,"checksum":"28c98d5cc0ceb6b40f4868b00d1406eb870fa57e30bd33113feb2ff0d8e8dd33","bytes":375409}}
{"source":{"wave":486,"partition":0,"offset":486,"checksum":"486e5f8673e05028874e91cec7825ecf281e93433f6e13ee5ef057323a501c1e","bytes":375409}}
{"source":{"wave":487,"partition":0,"offset":487,"checksum":"b52d53c78fa9ac8f79acd3ca906f4a2af736908453f5ee14591847e5daf3393d","bytes":375409}}
{"source":{"wave":488,"partition":0,"offset":488,"checksum":"03ec999bac75d963b0dbe598a7edd67c6701d6100a68f13fd5c563432d14e0f3","bytes":375409}}
{"source":{"wave":489,"partition":0,"offset":489,"checksum":"56b2174a473d23112b2af4d1418d32a078db39eb63cd8fa86f11f5a10fbf6dda","bytes":375409}}
{"source":{"wave":490,"partition":0,"offset":490,"checksum":"0a5314832b6f06ea7fef4673591db0976d0d944b628e4f01d22555092ed3df45","bytes":375409}}
{"source":{"wave":491,"partition":0,"offset":491,"checksum":"415b67aec293f2a62d6969ba8c7e9354d932f225eda90ea157f5848f736a60ef","bytes":375409}}
{"source":{"wave":492,"partition":0,"offset":492,"checksum":"969437a70732ddeae2e485b80ffd9ddf2970284daceb08326e97e9e6a4b86687","bytes":375409}}
{"source":{"wave":493,"partition":0,"offset":493,"checksum":"655abf3ade8caba3e17cbaa84e0a0bcecee77716f75157518bdaa0d0ece16b0a","bytes":375409}}
{"source":{"wave":494,"partition":0,"offset":494,"checksum":"4fb2e95ccae5e7177f9e9ed2e84b06989c20d0bdb34992a3bfb1a53ac4cb7454","bytes":375409}}
{"source":{"wave":495,"partition":0,"offset":495,"checksum":"1a1a13a9331ab09b304697cd47dcac1f6a8074ee8d366496003f7549bbe39443","bytes":375409}}
{"source":{"wave":496,"partition":0,"offset":496,"checksum":"2e4b1cff7d111dabeef00be2fb0dfa389b9df93f33346bb308989fef77221a89","bytes":375409}}
{"source":{"wave":497,"partition":0,"offset":497,"checksum":"c20949e58bb3ca4ef5c7065492398ec7f3f9c99ba24a6c71c9b664670c73e102","bytes":375409}}
{"source":{"wave":498,"partition":0,"offset":498,"checksum":"00f7fe5964a98a721a6675463dc7d8cd35943a7dc19753be612a193bc040357a","bytes":375409}}
{"source":{"wave":499,"partition":0,"offset":499,"checksum":"e5fbcc2f0cc36fb554801fc9be8a107b175513031d533c6fd91326f92726f418","bytes":375411}}
{"source":{"wave":500,"partition":0,"offset":500,"checksum":"4a8e7afb969af39ce009b726df2198b0a65554bd7d17d20c7697a43cb146df9b","bytes":375611}}
{"source":{"wave":501,"partition":0,"offset":501,"checksum":"58572b248801655f7cc9163e2dde356ebac280f8033ae61308dd967e6570ba0e","bytes":375611}}
{"source":{"wave":502,"partition":0,"offset":502,"checksum":"a9243dc68c7f810d9c41185930dea293180e705e4c8a01a94b6f9f379f3ac3b2","bytes":375611}}
{"source":{"wave":503,"partition":0,"offset":503,"checksum":"4136ed19fdb1f701824f9673ff0fda31ff941599d959238343f4f137623cc3f0","bytes":375611}}
{"source":{"wave":504,"partition":0,"offset":504,"checksum":"b08f1879832b59a14a7b2b68eee3c3f6620fd04a1874075bef755cee6b1bd723","bytes":375611}}
{"source":{"wave":505,"partition":0,"offset":505,"checksum":"4d8fc05373563e83da5dc1017eab705e9e4dee85551cd55fd81e15782b455c3e","bytes":375611}}
{"source":{"wave":506,"partition":0,"offset":506,"checksum":"c584d942893f4085ad41e2d405518cbf6677d6ce4949d8b34fcc67f3bfbfa9af","bytes":375611}}
{"source":{"wave":507,"partition":0,"offset":507,"checksum":"2bc1a5f22d7059d4db7f8dd9e014b7e326d57bbf29ac9145c76089ea85e6c788","bytes":375611}}
{"source":{"wave":508,"partition":0,"offset":508,"checksum":"f67fc2bb8c63745cb7b895658c0ee2aac275a53566b4f89cff6eccdf030f5c78","bytes":375611}}
{"source":{"wave":509,"partition":0,"offset":509,"checksum":"776ace5168f15f7fc0a642d52b491e5430a137984803e1e44f7ab9d9f3521ef6","bytes":375611}}
{"source":{"wave":510,"partition":0,"offset":510,"checksum":"eb2bda7b02daccdbbee64a5f233e4ebef04553585d273e5a0f0f11356bd2ba1f","bytes":375611}}
{"source":{"wave":511,"partition":0,"offset":511,"checksum":"14881d54adbfe50fd0ce74f4828a1fa6721171c42c85e186aa19673d91d1a900","bytes":375611}}
{"source":{"wave":512,"partition":0,"offset":512,"checksum":"7b9d79777d57a33c55e0a878d5a007cd70e959f0ffaf3e0e0b760f8a49a6db8e","bytes":375611}}
{"source":{"wave":513,"partition":0,"offset":513,"checksum":"ef8ceff8e9ccc576f5501badb3aa16c127506d1f0766597c5c7d381806155230","bytes":375611}}
{"source":{"wave":514,"partition":0,"offset":514,"checksum":"baf4ddd4c4c7777ac9c16ea3562b95717412c904d77a95b24e58d62fcf18144c","bytes":375611}}
{"source":{"wave":515,"partition":0,"offset":515,"checksum":"1860dfa9ff7943c54a8232e2ee3eb80b7fd379c05e683508dc66cd342ba30485","bytes":375611}}
{"source":{"wave":516,"partition":0,"offset":516,"checksum":"c3500f466db3a02dfe3245d0df1d145862897799ea23b6602a5845d53e5bc00a","bytes":375611}}
{"source":{"wave":517,"partition":0,"offset":517,"checksum":"eef5f7fafb2c6dc3d3a797891a84af0b9b14250d6b15b67a65ea537bb92411f1","bytes":375611}}
{"source":{"wave":518,"partition":0,"offset":518,"checksum":"9bba1d8ed66f48927910a91daefdafdb221b1fe526f21630a3bd52ae87ccbea8","bytes":375611}}
{"source":{"wave":519,"partition":0,"offset":519,"checksum":"98372a0eb901b52ad3e51863c72922734bf53122780af1d4988a8af41a38bbd5","bytes":375611}}
{"source":{"wave":520,"partition":0,"offset":520,"checksum":"c718eaaf2a2e618836215a64dfc84aa95584007e32d4fbeb0445d84a2376b9ca","bytes":375611}}
{"source":{"wave":521,"partition":0,"offset":521,"checksum":"ca8d8db760e23e0a95cd529f5e4d042d6ea5639fecb4214d7527d20cab9f6cf8","bytes":375611}}
{"source":{"wave":522,"partition":0,"offset":522,"checksum":"562a6dfa0dbec51b22d4fa1d1b01235f26102e40defc665c978570b5db24046c","bytes":375611}}
{"source":{"wave":523,"partition":0,"offset":523,"checksum":"a79e68531d47ad4e1ae8c7aed2aebd442db81be1c0ac8f52695de71050c6084d","bytes":375611}}
{"source":{"wave":524,"partition":0,"offset":524,"checksum":"d64fbc67027a7e5a7f31b8cb7ecae5e2d02db6f3adcef67613432a858d4058b5","bytes":375611}}
{"source":{"wave":525,"partition":0,"offset":525,"checksum":"403f60f45eca55e6ad7ed78e1b7e0972628cf807a03e2d2a0954a97bf280df4a","bytes":375611}}
{"source":{"wave":526,"partition":0,"offset":526,"checksum":"d2b7b0b1e0fb7eefeb495bcb9371358cc888b081fcee1f8918969e85a2e9e02e","bytes":375611}}
{"source":{"wave":527,"partition":0,"offset":527,"checksum":"9071aec0899919e35e05fe9702dab9db7e0fae3975a16db164aba0592715f346","bytes":375611}}
{"source":{"wave":528,"partition":0,"offset":528,"checksum":"2de569a18d34ea756f070c5d9784809e307390370626867341b28e0732262412","bytes":375611}}
{"source":{"wave":529,"partition":0,"offset":529,"checksum":"6fa1203b8e15d20bcca9d8aef194e7ae1bd2f5e0b049f83414ad21b0f60d2bff","bytes":375611}}
{"source":{"wave":530,"partition":0,"offset":530,"checksum":"7852e7af19ff5248c9cb46ec239131e8bf986396807e490461027fc56d4e27e9","bytes":375611}}
{"source":{"wave":531,"partition":0,"offset":531,"checksum":"824ce10f28f0a82f3d44f83014ac7b4a4727e1bc8f4c0bec766cf3044d8da440","bytes":375611}}
{"source":{"wave":532,"partition":0,"offset":532,"checksum":"83aa27ff397c71bdfa7503529997b17bf08b4aa02f7f6c1f85be3b42d40dabee","bytes":375611}}
{"source":{"wave":533,"partition":0,"offset":533,"checksum":"08cb5a3ee1ed3f1a96a0c3123fc5d38a0733110092d028378fee0c0eb385ef96","bytes":375611}}
{"source":{"wave":534,"partition":0,"offset":534,"checksum":"b4d39ca995542abd78ab11358f78f12972a474558999ccb4f1a40caf90162571","bytes":375611}}
{"source":{"wave":535,"partition":0,"offset":535,"checksum":"eb72ddb7b48d7c1205326d1c33bd755f68e35ca274a10eec6b4de54a5298a9cf","bytes":375611}}
{"source":{"wave":536,"partition":0,"offset":536,"checksum":"0c1421a0aa9580f58361241429a0078f2f0fad73067156cf1ddbdc90d9f4968b","bytes":375611}}
{"source":{"wave":537,"partition":0,"offset":537,"checksum":"224815d38b701172b1ee25c6f3809892aebd324cea6e89e0c17162156d5d40a1","bytes":375611}}
{"source":{"wave":538,"partition":0,"offset":538,"checksum":"a0899980ba33ebca127ee3758cc447622bf197c050e531454cf3b20125b4afba","bytes":375611}}
{"source":{"wave":539,"partition":0,"offset":539,"checksum":"ceeecb9dc94ec2166c252a6d502916969bc4c2722de2e55e43cdd21cd3ea8286","bytes":375611}}
{"source":{"wave":540,"partition":0,"offset":540,"checksum":"251c47a51c1d0034562def7b3dda35ddb0a2eb99a375332675549025bdd058c8","bytes":375611}}
{"source":{"wave":541,"partition":0,"offset":541,"checksum":"7857d0145a6d3bd41b89c21cfd9e05f14c102582d995d1f8d9c86a3e10961d66","bytes":375611}}
{"source":{"wave":542,"partition":0,"offset":542,"checksum":"f290afa9dcc1251372f06ce9a79fbc44779c69e9baa30762cfdbeca803698bf7","bytes":375611}}
{"source":{"wave":543,"partition":0,"offset":543,"checksum":"21926128569f186360778a3ecee934fdd5d91c7059b4b805c3011c039a41e96e","bytes":375611}}
{"source":{"wave":544,"partition":0,"offset":544,"checksum":"187a2d6cb1cc1b4f744c7300a1d62cdc18850d50ce23bd0a042edf9e5e21803c","bytes":375611}}
{"source":{"wave":545,"partition":0,"offset":545,"checksum":"a5528c8b328e0adbe27ef36fe4546ebee102e22149f902e1c1387300d84ec3d3","bytes":375611}}
{"source":{"wave":546,"partition":0,"offset":546,"checksum":"326d36a0da9543499bfc3410af09460818b7b38a15b32a0c9fed8bebe59050db","bytes":375611}}
{"source":{"wave":547,"partition":0,"offset":547,"checksum":"abaa7a0673248517d716d09ddd0be74a9632752a3745c97b60dd5dfbd93fcc50","bytes":375611}}
{"source":{"wave":548,"partition":0,"offset":548,"checksum":"bb061d298a99cfa14eeee587292bc08011ef0dd8385d4044d1dd30600860a099","bytes":375611}}
{"source":{"wave":549,"partition":0,"offset":549,"checksum":"c201ef877993d1b3953f65c3b03dba51582b2190e6159e0237f1537058925a18","bytes":375611}}
{"source":{"wave":550,"partition":0,"offset":550,"checksum":"06b616cda6c4a5e893b0227ad6cd05726c3514d4e3b04f298025992b5e768397","bytes":375611}}
{"source":{"wave":551,"partition":0,"offset":551,"checksum":"b86ac995650f86db38af0e4aa567f959a215c0455479f47390523f81cba0a636","bytes":375611}}
{"source":{"wave":552,"partition":0,"offset":552,"checksum":"9830043b512c35a74d172666068c79d388ed16b58346b9912a07d3cbb6d310e6","bytes":375611}}
{"source":{"wave":553,"partition":0,"offset":553,"checksum":"34f7f9b397b0d97813480f86b43d57cfec8622bf44a9ec184d57f16941f03b83","bytes":375611}}
{"source":{"wave":554,"partition":0,"offset":554,"checksum":"8bc3b10d5b4aafdb39060354e762d5ed952c02e7af7e00016f9d3545126c3e7e","bytes":375611}}
{"source":{"wave":555,"partition":0,"offset":555,"checksum":"7bd8a50cd35534fb9c5467a6fea5e3f900da365cc171b924112eb0e6d06cebc4","bytes":375611}}
{"source":{"wave":556,"partition":0,"offset":556,"checksum":"84903853605394abf831c9f1ea733ffe8631b601397286541ae6827cae64cfa8","bytes":375611}}
{"source":{"wave":557,"partition":0,"offset":557,"checksum":"fb5fc5db5f0dd9f5521a05b43e9c71b077af484e19169f26570d4c6727df552d","bytes":375611}}
{"source":{"wave":558,"partition":0,"offset":558,"checksum":"8683d02bd94905d3624e06c4cdeb65a31fb0adec627970a5a9e8038bda4f7a85","bytes":375611}}
{"source":{"wave":559,"partition":0,"offset":559,"checksum":"d2a9ac37cbd641a172588c0ab4cffc40cd6e93c9f84a6658e7aa5a2f0b3d13ec","bytes":375611}}
{"source":{"wave":560,"partition":0,"offset":560,"checksum":"30602dd2ef2b2edf1d18cacec6b40929ab1d685684c457fa1ef2e65405e9e5fb","bytes":375611}}
{"source":{"wave":561,"partition":0,"offset":561,"checksum":"8a817865ba4d3678ebe4436ae3bb27c22e7469917fc14808317a1753cd8a8c42","bytes":375611}}
{"source":{"wave":562,"partition":0,"offset":562,"checksum":"bd5a4c3dba65565d8ce243b3338f2ab7830b0186c99b66d0b545af6e7e6c3c09","bytes":375611}}
{"source":{"wave":563,"partition":0,"offset":563,"checksum":"4e22e11253df1ffaafb0b8a202bdeb32659a160392fc8242f02f8985995fe4de","bytes":375611}}
{"source":{"wave":564,"partition":0,"offset":564,"checksum":"541566205d914327fd9c7552f0d26829518dc5fa9b16c5f253c17404686a2347","bytes":375611}}
{"source":{"wave":565,"partition":0,"offset":565,"checksum":"fb64f55d609b2e349dbe780d84310f6f03e4f1a70ebed41b8b8362900b03c529","bytes":375611}}
{"source":{"wave":566,"partition":0,"offset":566,"checksum":"578e721dc860476ce19ce516d00e390e0cd43538bf6b74ce2f09138268547e49","bytes":375611}}
{"source":{"wave":567,"partition":0,"offset":567,"checksum":"93eb0548f5571fb7e7c37614527d43bc6b683f5aeedad60f56d2129f515c45e5","bytes":375611}}
{"source":{"wave":568,"partition":0,"offset":568,"checksum":"488cb8d300edad4f8caedbfac92c4934f4eb623e561119045ece619a7618c726","bytes":375611}}
{"source":{"wave":569,"partition":0,"offset":569,"checksum":"a821fd91cb58c200fcd48509db0f5adce19eae7f80c72d6de16364d98dec5463","bytes":375611}}
{"source":{"wave":570,"partition":0,"offset":570,"checksum":"8dfd970410cdcbace7640de29ad23628c3433c176ef99016e6c50bf9d4cf4af7","bytes":375611}}
{"source":{"wave":571,"partition":0,"offset":571,"checksum":"9036e021bde335a9a7b6d2e81bd1ae65a4fa31cc0a6a32f28a8bddfacb610f37","bytes":375611}}
{"source":{"wave":572,"partition":0,"offset":572,"checksum":"866a650723e71dce0380d070079d54d1f6e98cb0b8d9065435a0123b1b96e95d","bytes":375611}}
{"source":{"wave":573,"partition":0,"offset":573,"checksum":"0bf5a7d4fa3ff830ce36eea1c9f23d57a85ede7122327e9134865237c2ca7db6","bytes":375611}}
{"source":{"wave":574,"partition":0,"offset":574,"checksum":"1c9d79f9e842bcf57a5fef066ba8d35284899a87f2196eaae1aea22624720918","bytes":375611}}
{"source":{"wave":575,"partition":0,"offset":575,"checksum":"0496b589a473d68787afbbff05725c410a44f9a736e3348786f5b11c05232967","bytes":375611}}
{"source":{"wave":576,"partition":0,"offset":576,"checksum":"a88fea544a109bbd31e068dd86154e97c9f6c6ffc628e5b66e6baecbff1c2bc9","bytes":375611}}
{"source":{"wave":577,"partition":0,"offset":577,"checksum":"f72de446de4ab521ef99f54cd4c2c67cf8858aab6bf148c703cbd089037e2716","bytes":375611}}
{"source":{"wave":578,"partition":0,"offset":578,"checksum":"5a1f1c325f6e4f9abf8f22642588256f7e478f12510eb7e49b23fcc1acd3f894","bytes":375611}}
{"source":{"wave":579,"partition":0,"offset":579,"checksum":"5bfa9f7a425711c19fa70c9a2d6ae634336c781dcf42ad8d55a2132bbb97be92","bytes":375611}}
{"source":{"wave":580,"partition":0,"offset":580,"checksum":"809b299f1492c0a326996ea9ef29805541caac92d4d00d9aed43131b93286319","bytes":375611}}
{"source":{"wave":581,"partition":0,"offset":581,"checksum":"ed29e0afba1109e9bd1b3d4f6a5fb56c7ca51d833534e13f5a41fb8347786b9a","bytes":375611}}
{"source":{"wave":582,"partition":0,"offset":582,"checksum":"d3dc2993e556ae51bad0bc180776705db378bf2bb0c36648331b0518d42a0637","bytes":375611}}
{"source":{"wave":583,"partition":0,"offset":583,"checksum":"69fae7fcc6f65752ef7400a1ce3c3499b8ab6a7805d8434ee3a725d98959ba67","bytes":375611}}
{"source":{"wave":584,"partition":0,"offset":584,"checksum":"07d655b68d6a7c2de1103f45bb6b22e6f130ca40784bec032761d070bb4b5d00","bytes":375611}}
{"source":{"wave":585,"partition":0,"offset":585,"checksum":"9eb0c007eeaa0c75cb16826a0bc2db369a8fbda463a004804346a9d78e424faf","bytes":375611}}
{"source":{"wave":586,"partition":0,"offset":586,"checksum":"b31ae3dc19ea71c84bc438ad5b768c55a1fdc7ad7c24dc73326793c6d53dad21","bytes":375611}}
{"source":{"wave":587,"partition":0,"offset":587,"checksum":"f9c8a69b0e093e3a82032d30a2f811cbe8ffeed6a5f0a31a6bcc941f4d98360e","bytes":375611}}
{"source":{"wave":588,"partition":0,"offset":588,"checksum":"8ef705cff7dbc6d6222118b0c22e0add6b8de379d0bf249b1b60f6c944823259","bytes":375611}}
{"source":{"wave":589,"partition":0,"offset":589,"checksum":"2c4bd92a8226b4a0e616f62bbc3a0234a74277bd2705e89832b6a2a4b1ff6398","bytes":375611}}
{"source":{"wave":590,"partition":0,"offset":590,"checksum":"44b6ccbb481bdc5ed19f6d94f217e941cad4470a8b193af1bd70a70aebbb6a23","bytes":375611}}
{"source":{"wave":591,"partition":0,"offset":591,"checksum":"77b1ea5eeb04288ea4f98a4715b550c56c4cdea9c7bb6979ef6734a8e94ba475","bytes":375611}}
{"source":{"wave":592,"partition":0,"offset":592,"checksum":"6721f5ff3991241e8b824d062b79756c286a9beafd44049342cc40c693f18aef","bytes":375611}}
{"source":{"wave":593,"partition":0,"offset":593,"checksum":"861b7c670ab4c6dace9fce9ef1bf2943340b73b7dcdc2eff4094ff7b1ae3f459","bytes":375611}}
{"source":{"wave":594,"partition":0,"offset":594,"checksum":"60728e1b49db764c58958e69be204e1f9fce9e89a2b273aace46938475299512","bytes":375611}}
{"source":{"wave":595,"partition":0,"offset":595,"checksum":"98cdf7dd30bcfe9c2df05864800cdaa3abaee6eb87bac7e40f0e0c7d38ae5005","bytes":375611}}
{"source":{"wave":596,"partition":0,"offset":596,"checksum":"d05c9bfb96833f460652e1e800c9c2a1a252174b4df224714215cba95b90db19","bytes":375611}}
{"source":{"wave":597,"partition":0,"offset":597,"checksum":"3a78eb8b138cf249a9bd35f210e59ff97f0e7626126c677ce11a331a607f1902","bytes":375611}}
{"source":{"wave":598,"partition":0,"offset":598,"checksum":"ac45474b92ef7bd97c18331a7499011fd04da49943ce9965304f9095d806ff89","bytes":375611}}
{"source":{"wave":599,"partition":0,"offset":599,"checksum":"930ba4bdc019a91875bff959d27bd01b1b6757a094f6c05d5bdb28ce31ff6b78","bytes":375611}}
{"source":{"wave":600,"partition":0,"offset":600,"checksum":"94423c4f47c574329a91fafd8af28333367bbfdd957e5200abab93c8f71bb3a6","bytes":375611}}
{"source":{"wave":601,"partition":0,"offset":601,"checksum":"eb935050977c98f47463002eae09fc52f435f4afd5b0b412499d952043645f62","bytes":375611}}
{"source":{"wave":602,"partition":0,"offset":602,"checksum":"a99fa7cc52fc3bcbc7460c5504dad885276a5ba476a1dbffd0372058504aed8f","bytes":375611}}
{"source":{"wave":603,"partition":0,"offset":603,"checksum":"22de1774d539bb0614ce6e39830bacbd54afe4d2de8fdb1d3179bad1c4bd77f9","bytes":375611}}
{"source":{"wave":604,"partition":0,"offset":604,"checksum":"6522cf1474c2c0ad2d3696a46cf15ffab7ed7a2fcaa4f3c4356ab012d8cdec4e","bytes":375611}}
{"source":{"wave":605,"partition":0,"offset":605,"checksum":"e92a1d6b6a2b8c1a6ab14f7d7ef8b05bd6264719bf5a4bc69e4312a5545d6958","bytes":375611}}
{"source":{"wave":606,"partition":0,"offset":606,"checksum":"31cb0b8b0e876434021acdc2e35045ea853707f11b75c2bb95d81eb25b26767e","bytes":375611}}
{"source":{"wave":607,"partition":0,"offset":607,"checksum":"a44d4fd0babe5ae65819aa7315af8a946e0eafb1d86bffeb7d9de43536009495","bytes":375611}}
{"source":{"wave":608,"partition":0,"offset":608,"checksum":"79fdf79e4c080b9f74a7081a53f999e4956349bab864b7f1dbcf58ae0995c0b2","bytes":375611}}
{"source":{"wave":609,"partition":0,"offset":609,"checksum":"d3c29716be44c25fccb39558b928bf3b4213835b9d71c84c0a62fbeac0c65db3","bytes":375611}}
{"source":{"wave":610,"partition":0,"offset":610,"checksum":"2c97ff10cd8ab1cb13511e3d9ff5cbf274073c7c04f8a550f22328e3a2a6fa40","bytes":375611}}
{"source":{"wave":611,"partition":0,"offset":611,"checksum":"d9f8f000c3e79ddf1163c0778174454696552999b73c31bc4ac2e392c5ac517a","bytes":375611}}
{"source":{"wave":612,"partition":0,"offset":612,"checksum":"ff706b2d4d9ba4fcb3112a2947cc805902e92baedf3e7d76bd195b5398d614c2","bytes":375611}}
{"source":{"wave":613,"partition":0,"offset":613,"checksum":"1f95631125127f5c34af5a32655359f73e4cd0354837e28124ca7dc259532146","bytes":375611}}
{"source":{"wave":614,"partition":0,"offset":614,"checksum":"9c7e1a56d29931a1b967f2523858e45ff08f2130c8360cbf069d68db50f4dcc4","bytes":375611}}
{"source":{"wave":615,"partition":0,"offset":615,"checksum":"d2071ab7ba3d043b3b012df6fef79110c515c3fef26db912c0859642864d29e0","bytes":375611}}
{"source":{"wave":616,"partition":0,"offset":616,"checksum":"54b0e51e19902adc385196d59c19425c5cd7747d28d55eb92d1b52823f564c2b","bytes":375611}}
{"source":{"wave":617,"partition":0,"offset":617,"checksum":"c27c94d906ef744c8e09bfb0d3ddbaba70c45a5f1029ae1812b5ca05e3367b51","bytes":375611}}
{"source":{"wave":618,"partition":0,"offset":618,"checksum":"7c6e0c340e31feaab7fdee5ee6c6672917605c08c62ab6e0c8d0c46df1de2cfd","bytes":375611}}
{"source":{"wave":619,"partition":0,"offset":619,"checksum":"8ac0991211a54822c3941bca6d439a59fcbd87bf663b8efdf2626bef1bfe12fb","bytes":375611}}
{"source":{"wave":620,"partition":0,"offset":620,"checksum":"fd50341a938886995ad62462d932cd5d7f0f7fca9711bd609bacb99fdb0f7d83","bytes":375611}}
{"source":{"wave":621,"partition":0,"offset":621,"checksum":"a87818a3fd9434aac27f1ebad8a968ab52c0e22643cb86904747040d8d974bd5","bytes":375611}}
{"source":{"wave":622,"partition":0,"offset":622,"checksum":"36639fd861829c30ed5c4a603155baf6299c9997a2d218e7ba363a158949bb58","bytes":375611}}
{"source":{"wave":623,"partition":0,"offset":623,"checksum":"2fd55a585590ed37c384f5268d9cc9b8ad0dd4111b6126bf04784eab38cd3bb6","bytes":375611}}
{"source":{"wave":624,"partition":0,"offset":624,"checksum":"c665e8a6f0a9e43798c812a81a31996e6ad09c3d7ae1d24b35c3f095b78d05ea","bytes":375611}}
{"source":{"wave":625,"partition":0,"offset":625,"checksum":"3f410de4f745de82f7de733ed2c289d1078eda88918e715e5ab88ee7d1c5d336","bytes":375611}}
{"source":{"wave":626,"partition":0,"offset":626,"checksum":"8682da193517c5e56ec22be3fbab13cb75ede5cba634bdf3e841c4040d3a7948","bytes":375611}}
{"source":{"wave":627,"partition":0,"offset":627,"checksum":"fbd9479ceb58945051d8003d68608d46218de660dab8b676ed1dd5cb93d0ae81","bytes":375611}}
{"source":{"wave":628,"partition":0,"offset":628,"checksum":"b34b12f62e9aa4f1a5a8b8108eca3e274967bdc99cf7d870bc2d318814b0f2bf","bytes":375611}}
{"source":{"wave":629,"partition":0,"offset":629,"checksum":"21db3b157d971fa911dd7d51ef342f89bbdbc301e77d7577cf469d7244bfa558","bytes":375611}}
{"source":{"wave":630,"partition":0,"offset":630,"checksum":"d1d30759cab7d864204f9cd03f427eaed7c9b2f8de10e9bb380c17fb36f84678","bytes":375611}}
{"source":{"wave":631,"partition":0,"offset":631,"checksum":"04bad959f126c19c66a3670807143f409cfc3e698973544a6bda81499ea84e5c","bytes":375611}}
{"source":{"wave":632,"partition":0,"offset":632,"checksum":"545402d62896acea97104e64559bddd4acaee153fcabf4cd994181081e870ed2","bytes":375611}}
{"source":{"wave":633,"partition":0,"offset":633,"checksum":"a70189a264646db673887c70ef157485b58c8089bc5545ef27fada097b2e224b","bytes":375611}}
{"source":{"wave":634,"partition":0,"offset":634,"checksum":"73b88c0773fd2f829d91351d14a1a5b23fe55a92ac8e5f08361b071b674c12c9","bytes":375611}}
{"source":{"wave":635,"partition":0,"offset":635,"checksum":"793fe222d7f9e8f857f981dc8c91cef84ba2da2b1ed5a1934d71ad71bb88d70c","bytes":375611}}
{"source":{"wave":636,"partition":0,"offset":636,"checksum":"54ab0e79fc3401f0a4589062c83599bc4ed9e01ee695499e27e2e91b4a7d8c49","bytes":375611}}
{"source":{"wave":637,"partition":0,"offset":637,"checksum":"cc0a8d628921e6628e71b608760b9fd693de9d49e13881adca3dfb45fbbb5163","bytes":375611}}
{"source":{"wave":638,"partition":0,"offset":638,"checksum":"25038f3249f4ca75c55c5390f1cec7c01d8eff5aa93775b0733e29665353f283","bytes":375611}}
{"source":{"wave":639,"partition":0,"offset":639,"checksum":"dcc2d639d82d78c40ac793ccf2e37a99b5b3ede7148ed81b86f390535be96b9b","bytes":375611}}
{"source":{"wave":640,"partition":0,"offset":640,"checksum":"3be53836c1a161aeda5b3c4864dd39ed543f03d9492a7405f1ff7bafb76ab2b6","bytes":375611}}
{"source":{"wave":641,"partition":0,"offset":641,"checksum":"10f04eee52871f2ef9c470aad082b3f0fac0b1df0ab576fcf402baa829cab87a","bytes":375611}}
{"source":{"wave":642,"partition":0,"offset":642,"checksum":"ffb433a586a141ed91274d7af7b43340784ac6b7192a5fd6d55dd7f4c87482f5","bytes":375611}}
{"source":{"wave":643,"partition":0,"offset":643,"checksum":"ff164a2f4b4b850640dbedcf54c9af84da5ec0cbbe58951d446e58835a34f915","bytes":375611}}
{"source":{"wave":644,"partition":0,"offset":644,"checksum":"255c7673d04d297b8ff8d58fc30bc2a47fdb90d058a9af9c0178eee9685dde5a","bytes":375611}}
{"source":{"wave":645,"partition":0,"offset":645,"checksum":"4cb9e819f02ce8ec51a8eccfb49de8680369bb152e569035468989042aa1bb1e","bytes":375611}}
{"source":{"wave":646,"partition":0,"offset":646,"checksum":"f61bd8cf7948662912addfdc6c87dcdc6e3fbaa41a2025f150b60b012ea4bf0c","bytes":375611}}
{"source":{"wave":647,"partition":0,"offset":647,"checksum":"a52482cdc6465aad510de092b2809af9e0962793b451b3bd14b0879fbf73d048","bytes":375611}}
{"source":{"wave":648,"partition":0,"offset":648,"checksum":"9275837fc8b5f5c972afc89abda652ac9b1de725f04065bab4dd8dbd9c075561","bytes":375611}}
{"source":{"wave":649,"partition":0,"offset":649,"checksum":"4c2cb1f3b25d4b06416ddcd61a0526d82c444adb9153368c0e8730a12a60900b","bytes":375611}}
{"source":{"wave":650,"partition":0,"offset":650,"checksum":"3a82b025086051b1ff9369ea5f59a384822f24226f0e4ea67e9f7b38c0c33c25","bytes":375611}}
{"source":{"wave":651,"partition":0,"offset":651,"checksum":"87c597cdccf85357f028623e785eccbbf82d75b307caac8d8ba4ef8ad7cf64cf","bytes":375611}}
{"source":{"wave":652,"partition":0,"offset":652,"checksum":"b0374811f08be35ccbe6b0a2056580a057c6c79bced6f66f9261d143b92cef45","bytes":375611}}
{"source":{"wave":653,"partition":0,"offset":653,"checksum":"40dd7f8b0324ddc13951ffe889adddf7a41523af958b7ad5486fa2270defcdda","bytes":375611}}
{"source":{"wave":654,"partition":0,"offset":654,"checksum":"bce4aa2eecb311bda9b5dae47430f8a1de9185a897c9ec6f73d2c3df6a839a6c","bytes":375611}}
{"source":{"wave":655,"partition":0,"offset":655,"checksum":"bb4603f3b9ef860179e5df461e014b359284a6280d8cbdf7025c7dab6a6ab8b2","bytes":375611}}
{"source":{"wave":656,"partition":0,"offset":656,"checksum":"2ae82d42c030e435bdae3219396c0cc3030c8e034a3083508b518c674f13bed1","bytes":375611}}
{"source":{"wave":657,"partition":0,"offset":657,"checksum":"794c04ec468eee5ebeeb7e28a95a6286d8cbcec67a7eed287ff255666e3c297e","bytes":375611}}
{"source":{"wave":658,"partition":0,"offset":658,"checksum":"c4f3df2b349ad6e654ce724ff2f31b4927202b9cb9cf79a39a8eb0cd89499f2a","bytes":375611}}
{"source":{"wave":659,"partition":0,"offset":659,"checksum":"549775d5488f78de43a2b2d4fe7300658ad842c8b05d17f2c5e48a96894601c7","bytes":375611}}
{"source":{"wave":660,"partition":0,"offset":660,"checksum":"e2a3a4d370511a2d3f9de788c082ae46a6b6f48d990bd10e60377432744c4027","bytes":375611}}
{"source":{"wave":661,"partition":0,"offset":661,"checksum":"2326ba843a83d680f91ae6ae22f90c601ab9409871f5a951d010dd2eaa25ef86","bytes":375611}}
{"source":{"wave":662,"partition":0,"offset":662,"checksum":"e5332b3481ed439e161f254c8758e28946f20b829db4565c082e4679416f5226","bytes":375611}}
{"source":{"wave":663,"partition":0,"offset":663,"checksum":"c6bc478b7f9afa4851565546d1d036e045192d0f39ad8ad42945b56f902f25c3","bytes":375611}}
{"source":{"wave":664,"partition":0,"offset":664,"checksum":"a7eaebb112b32b2604115194c1ab5eac11ae4226279511f7bc2e7e0e8f10b615","bytes":375611}}
{"source":{"wave":665,"partition":0,"offset":665,"checksum":"c54d0239754793497066472110d9afb95c919a90c5a398efbceb376987857f2f","bytes":375611}}
{"source":{"wave":666,"partition":0,"offset":666,"checksum":"74bff6a680ec5aee6132658e11c1d6bb227dca0031b3f07211a5aad8b51f59d6","bytes":375611}}
{"source":{"wave":667,"partition":0,"offset":667,"checksum":"34e3d6a73bbcad54e3ff863f4afe4eea472d2e5fef4dde115f896e8dcb009320","bytes":375611}}
{"source":{"wave":668,"partition":0,"offset":668,"checksum":"73992b8a325d536558194984968ddcc90f9c9444cb781087bdbe656c6b23d10e","bytes":375611}}
{"source":{"wave":669,"partition":0,"offset":669,"checksum":"1bed859dacc15a29e8575d12428d4c8dfa0362337c093412464a5266710ff85c","bytes":375611}}
{"source":{"wave":670,"partition":0,"offset":670,"checksum":"cb2b6dfb0283c6066e42ea350bedb32ae04fc3d4b439a0bb9a9440ee67ad8e9b","bytes":375611}}
{"source":{"wave":671,"partition":0,"offset":671,"checksum":"99252c985d6cd52ad2dd71db450e3784e4d1f512a7edad270370f541483cab60","bytes":375611}}
{"source":{"wave":672,"partition":0,"offset":672,"checksum":"119e7e68bcea55b4d98fe53c9ba35aa448ef02e79668c9391fe10621a9511a11","bytes":375611}}
{"source":{"wave":673,"partition":0,"offset":673,"checksum":"69f7d30f18182e7c245ea7316d9a15c91be2f3ea9081acaf91b3d1795ba9aceb","bytes":375611}}
{"source":{"wave":674,"partition":0,"offset":674,"checksum":"1cb25ebce6d292a480369589da4378f53663143b77b4e037c73462235590d47f","bytes":375611}}
{"source":{"wave":675,"partition":0,"offset":675,"checksum":"9167756e8f986a18f4cfe812a2b14c7bb3ba3e9f904fd0724d2c772ac38e7085","bytes":375611}}
{"source":{"wave":676,"partition":0,"offset":676,"checksum":"cc7264478d163fdb8e61ec42ca5a09808de181774689498a43185c2231f87b2a","bytes":375611}}
{"source":{"wave":677,"partition":0,"offset":677,"checksum":"21390b7b02b0eb96401298b9ff3e5e191d556dc465f95be8b59b0449ac229c2a","bytes":375611}}
{"source":{"wave":678,"partition":0,"offset":678,"checksum":"6f8b620205d1dc9d523e8d4daeaca1a26f0fe0785a366dec16577fb536e1bea4","bytes":375611}}
{"source":{"wave":679,"partition":0,"offset":679,"checksum":"da6b95db0b7ccddb572a531535af24a14519038dfc3c6765827ca2ddbbd2b0ae","bytes":375611}}
{"source":{"wave":680,"partition":0,"offset":680,"checksum":"5e473b6f1a63bdfc4d063fb6bff5af9a5325b52d676c143186dbc3ea16db078a","bytes":375611}}
{"source":{"wave":681,"partition":0,"offset":681,"checksum":"4dbfad6b5b258fe9da4efa082cb718c2a83920321b9e92a3bf39b3aa94e966e2","bytes":375611}}
{"source":{"wave":682,"partition":0,"offset":682,"checksum":"85c38e2cb385bfc27b8e4cf0d9dc2d683e29baefbe2d6bf7283bb45ed1b1216d","bytes":375611}}
{"source":{"wave":683,"partition":0,"offset":683,"checksum":"8ffc8be7107b05a78328b287653a5c230c2289e2e677d32e453fe561b7e84745","bytes":375611}}
{"source":{"wave":684,"partition":0,"offset":684,"checksum":"e04099fa3c0fab51f18a58529cdcd4d8cadd6f911eeb262ac90c7139cfc68b37","bytes":375611}}
{"source":{"wave":685,"partition":0,"offset":685,"checksum":"9c0b16c1dd80ad00e781a4f294f76dd2bd7c7b18c8e715e4f1a0de4ae84626eb","bytes":375611}}
{"source":{"wave":686,"partition":0,"offset":686,"checksum":"11c4637a44e4d84edaaebda3d5134e263178fb56d2627a9d3eca45c37969a8d1","bytes":375611}}
{"source":{"wave":687,"partition":0,"offset":687,"checksum":"60b8032547169a9282a891d1d31284ffd2193fdfe95ecb022f2c9200fb2bb71d","bytes":375611}}
{"source":{"wave":688,"partition":0,"offset":688,"checksum":"edd505c5073921ae6b1c1e579b2b268b8cea1db24533b2ab7ff092c445a2f952","bytes":375611}}
{"source":{"wave":689,"partition":0,"offset":689,"checksum":"e144f9163598fd738e14cc4d61696a130d8232d7324ef56247627fe57b942e12","bytes":375611}}
{"source":{"wave":690,"partition":0,"offset":690,"checksum":"0c7af80945e70b850b9b4cd4e99994643e590cc9e5b6944ba7862087d0f45cab","bytes":375611}}
{"source":{"wave":691,"partition":0,"offset":691,"checksum":"8fb706a5b38ed10681278ae3c9269931264f6cfbc02329a66758029177debc70","bytes":375611}}
{"source":{"wave":692,"partition":0,"offset":692,"checksum":"b00808f6a3a5eaf504f0c8d6f6695c1e65e9a00dc5038a93d2ee307070c23da9","bytes":375611}}
{"source":{"wave":693,"partition":0,"offset":693,"checksum":"32ade9d8623df5e96410b9f4f3032e17e1477f3901852a2b8b91ca1b1d61471b","bytes":375611}}
{"source":{"wave":694,"partition":0,"offset":694,"checksum":"299801ad40ab9237036be20af8e3f8a8e6d244f85604c7df3c4c9fff6e468726","bytes":375611}}
{"source":{"wave":695,"partition":0,"offset":695,"checksum":"05d9bc37ecaea8c9b5d67c0dff44843b7fa08ada018701f178659143302432f6","bytes":375611}}
{"source":{"wave":696,"partition":0,"offset":696,"checksum":"5efa2913bd5399562b0460f6341cb0a7801bc8bd1dfffab7dfbc986bc19c993a","bytes":375611}}
{"source":{"wave":697,"partition":0,"offset":697,"checksum":"90aa0fc2f19ef99ccf6e7d3283748952f807f7a6e3f0f57a87a17d5093e86f5a","bytes":375611}}
{"source":{"wave":698,"partition":0,"offset":698,"checksum":"0e5db9d3b4f4f8aaed22fede84a6f3a38d02c2eca751c6cb49410d18305086fa","bytes":375611}}
{"source":{"wave":699,"partition":0,"offset":699,"checksum":"aab73f65c822500d4d90459b64064ef7f805139b2e0e22eae050a90271a0468e","bytes":375611}}
{"source":{"wave":700,"partition":0,"offset":700,"checksum":"e0f51b6af92b282d419d23a55ad1ef5576a04ea0e0fdc9fb623bf5ba3b30bd7f","bytes":375611}}
{"source":{"wave":701,"partition":0,"offset":701,"checksum":"9a6950863a0b460835a5b640bd336793ed62017cb2cb472881f2c2763f9c9f77","bytes":375611}}
{"source":{"wave":702,"partition":0,"offset":702,"checksum":"85f4ee1b12679cefde19715fb81b63a2da9e79cc5d46c990ad3064c007b611ba","bytes":375611}}
{"source":{"wave":703,"partition":0,"offset":703,"checksum":"38b93e31f963046265ca52e8bb34bacb95d0fd514ed8dd894e33916f412f0ddd","bytes":375611}}
{"source":{"wave":704,"partition":0,"offset":704,"checksum":"97535bdac35f2d781032f5d1a39549cc8fd330b917dcda80967187d5b953effa","bytes":375611}}
{"source":{"wave":705,"partition":0,"offset":705,"checksum":"871bed177c2cb675de9718159f264efaada30f3f93062d9fa8ac0c8e6a59708b","bytes":375611}}
{"source":{"wave":706,"partition":0,"offset":706,"checksum":"60629157992269e5d4b7112d29fa25107d9d4ae53bc5e30b1830d9dd2f9c56af","bytes":375611}}
{"source":{"wave":707,"partition":0,"offset":707,"checksum":"ba7d50ba8467baef585be03fdf136e1a992f71f9209959fbdae44d6f66508afe","bytes":375611}}
{"source":{"wave":708,"partition":0,"offset":708,"checksum":"e4c9321a7596bcbceb205ae281bf6484bc6bcd1fbafc1d94548d4d6b1324bc16","bytes":375611}}
{"source":{"wave":709,"partition":0,"offset":709,"checksum":"bb8a120da548d74cafeef64cf8f9bbb18403924bd25f6e782ffc74e396f2faf9","bytes":375611}}
{"source":{"wave":710,"partition":0,"offset":710,"checksum":"a66792cc0ea5018447a34532fc5396576874a5ee9deb118b3c14433f3a3a059d","bytes":375611}}
{"source":{"wave":711,"partition":0,"offset":711,"checksum":"21abe0f7104a9836b04ba4dc7ce130e15afef1ea19f97bdbd92080acad377878","bytes":375611}}
{"source":{"wave":712,"partition":0,"offset":712,"checksum":"7f87660fd89fdb7bbd1f27a5d765f3c27abb964d44d562840c6d6c9f539350fd","bytes":375611}}
{"source":{"wave":713,"partition":0,"offset":713,"checksum":"417597db9ade877b5f47b2953051210b735b8a50a641ee081a1f8bffa375fa52","bytes":375611}}
{"source":{"wave":714,"partition":0,"offset":714,"checksum":"17fab0b3c4de7cd0ed1a0e937f2681310f2665a40a4e5d198291255131a5234e","bytes":375611}}
{"source":{"wave":715,"partition":0,"offset":715,"checksum":"a288846df2c145885b14bff46b41129a6a4f8c36d15b61f9019df9f6bc96671d","bytes":375611}}
{"source":{"wave":716,"partition":0,"offset":716,"checksum":"f4615a32f094bf9835d434d5cd1c613772494bf894201faa6e2130a7c8d362a3","bytes":375611}}
{"source":{"wave":717,"partition":0,"offset":717,"checksum":"0c32b9771280a4d46097fefbdb33e0384a341b9886521f9102d08d1878767ecc","bytes":375611}}
{"source":{"wave":718,"partition":0,"offset":718,"checksum":"8c783cb6891238c0f760af4a503efbb96e6b52872da558350d1c0a3d604e1dac","bytes":375611}}
{"source":{"wave":719,"partition":0,"offset":719,"checksum":"98f787d2d1a7ee94b2115e12bb7cbbd40335f6b49f414135386305f70f614951","bytes":375611}}
{"source":{"wave":720,"partition":0,"offset":720,"checksum":"ae4399614427ba051ec1a12dc76872910c33ff3130e99c848837bdf406213cde","bytes":375611}}
{"source":{"wave":721,"partition":0,"offset":721,"checksum":"81a324692ffae69cb5ba9402d3b4ad71d7877d3822b43f08e52f7bc9af56b372","bytes":375611}}
{"source":{"wave":722,"partition":0,"offset":722,"checksum":"202b6d996cbb07abac0a4c6517f98865b926738fc8df4a2d0cc1e38908efd609","bytes":375611}}
{"source":{"wave":723,"partition":0,"offset":723,"checksum":"ca62b9186b70968eb14e5e67b0697e7f4b8b9851372610e1cc1c62b740e01c53","bytes":375611}}
{"source":{"wave":724,"partition":0,"offset":724,"checksum":"20f9f2b1ea5e37db9f42eb99d8115f16570056c95ecfab22e36baa71e6d3a07a","bytes":375611}}
{"source":{"wave":725,"partition":0,"offset":725,"checksum":"3902a066c2eebf2b370770978be35bf7e8436b7978347553e149c2e67a91a824","bytes":375611}}
{"source":{"wave":726,"partition":0,"offset":726,"checksum":"41e94719b8288e334811be6822c4383425e3cccf111e532348ba6461bd36cd9a","bytes":375611}}
{"source":{"wave":727,"partition":0,"offset":727,"checksum":"7924c2b7634ed42d14de681337cb0262e250630526bf5142b91e24173c0676c4","bytes":375611}}
{"source":{"wave":728,"partition":0,"offset":728,"checksum":"73b178c1ac30ce6cea6fa0d0e86e4b653cd975f3c7c39643cb4bf82b8217f520","bytes":375611}}
{"source":{"wave":729,"partition":0,"offset":729,"checksum":"20dffe049cb48981868985958cbd72d43a3c3b7660101359e546a622b0854048","bytes":375611}}
{"source":{"wave":730,"partition":0,"offset":730,"checksum":"198739b30e00523ab92388dd461540b63b1dec11836fd49f0bd287b52acc8f29","bytes":375611}}
{"source":{"wave":731,"partition":0,"offset":731,"checksum":"7f3110b04cc8cd6591fcf39f51c0b61a0606f2dcb215c615660ba41512c45e74","bytes":375611}}
{"source":{"wave":732,"partition":0,"offset":732,"checksum":"27f68e8647a503a99466f9530d41193021dbecb1fe4c874b229c761ac26b009e","bytes":375611}}
{"source":{"wave":733,"partition":0,"offset":733,"checksum":"ae7e911a35a6ff09ea92f47c03081e8324755537dd2164bf6d812af05849419b","bytes":375611}}
{"source":{"wave":734,"partition":0,"offset":734,"checksum":"3c2fac5af5423f68faabcb55348362a3fb89968d428a9a92326571a5ba8b0c07","bytes":375611}}
{"source":{"wave":735,"partition":0,"offset":735,"checksum":"4ce42f2825bdc34c56013d74d221ff75d5ee3f558087727c57895f82f2f73e8d","bytes":375611}}
{"source":{"wave":736,"partition":0,"offset":736,"checksum":"261d38bf30861e8b70502c5f3d69e89064648c5f9c7d0d53bb5ede25491e26a1","bytes":375611}}
{"source":{"wave":737,"partition":0,"offset":737,"checksum":"924443dbb0defab372290b1766d6702e0c099fe746dae5a60e8a97c033f2bf07","bytes":375611}}
{"source":{"wave":738,"partition":0,"offset":738,"checksum":"c12bad581abca627a4c3d5e27d45d05cb06799b77598da594e84075124a7ca29","bytes":375611}}
{"source":{"wave":739,"partition":0,"offset":739,"checksum":"256190a7041a76c90cbd48731913a1bb20ad620cbb0e648d1f3d588f88a4ecb8","bytes":375611}}
{"source":{"wave":740,"partition":0,"offset":740,"checksum":"6cbba1e6ecd510a4b30f040c6c18694fd285af1d4ff9a283f92ef58dde471b7b","bytes":375611}}
{"source":{"wave":741,"partition":0,"offset":741,"checksum":"26309a78f4708b69a8257d70e5fcb5129c4ccb6a24771c7e553c92b983b9c8f8","bytes":375611}}
{"source":{"wave":742,"partition":0,"offset":742,"checksum":"a95237412b6bce816d7327fed3e27c64dcf2696f8a65d9ad42a33fa26ac76e25","bytes":375611}}
{"source":{"wave":743,"partition":0,"offset":743,"checksum":"65d2dc5dee4b13a75af3ca81452dc8bebd9f69ffc05f11bc3f68c6717b025961","bytes":375611}}
{"source":{"wave":744,"partition":0,"offset":744,"checksum":"1f21552a66e8b79c492d9212b8614cef55bcbfaeab6daed0067c7eac10071a37","bytes":375611}}
{"source":{"wave":745,"partition":0,"offset":745,"checksum":"45996acdf57f6ead824416fc270381d182c0fc7c96ed7992d863f46ddb74feb6","bytes":375611}}
{"source":{"wave":746,"partition":0,"offset":746,"checksum":"2d43414daa23d201b3be7cab903ab8698e1f7d826326222302ae0a062ec395bb","bytes":375611}}
{"source":{"wave":747,"partition":0,"offset":747,"checksum":"cc29178683dbb63068e3d2cca6afe947ba369146a0a58e28b6f923eafd378640","bytes":375611}}
{"source":{"wave":748,"partition":0,"offset":748,"checksum":"e0eda2197615b9f641af6fb7a236a11758609939909f67bb2928e200057a0fc0","bytes":375611}}
{"source":{"wave":749,"partition":0,"offset":749,"checksum":"800d7787ebf99cd6732c96eab336ee30c656d68cec80c0c9fac671b889e7588b","bytes":375611}}
{"source":{"wave":750,"partition":0,"offset":750,"checksum":"9076f06251c9ec5dfde2a3412f54592ee7c65cbd0c64d9c4c9f21d738eb4c103","bytes":375611}}
{"source":{"wave":751,"partition":0,"offset":751,"checksum":"5a4c3eecdaf4258fa46655f12d51948c1b11d6e29de5894f8cd8f457b8584e6e","bytes":375611}}
{"source":{"wave":752,"partition":0,"offset":752,"checksum":"8aeac39213ca55ed15de8e83f6ef01a116dfb6ef148cb8a929c59297e10bccf0","bytes":375611}}
{"source":{"wave":753,"partition":0,"offset":753,"checksum":"54a904f242c0fe6d7f69134042b011f37077e01edce2eae31f6985cb98b62f8c","bytes":375611}}
{"source":{"wave":754,"partition":0,"offset":754,"checksum":"a32aec2cbdc367a0aff41eca24b127ee9bcf1d86c9ea308a558cea51412025ee","bytes":375611}}
{"source":{"wave":755,"partition":0,"offset":755,"checksum":"935b02f0ae64b3ea1c1d59e80cf2e515f76d6e9a8094b00730c992613bc77f83","bytes":375611}}
{"source":{"wave":756,"partition":0,"offset":756,"checksum":"0cc1fa23de12cd7c6c94e73d3f7e8cded699b6c78c078b86ed6e84be7a2c87f8","bytes":375611}}
{"source":{"wave":757,"partition":0,"offset":757,"checksum":"24d8d7761788111313f762afd964ce5a2803e3a8f9dc68f7292591b3982e1428","bytes":375611}}
{"source":{"wave":758,"partition":0,"offset":758,"checksum":"b86cdef7f2bbcbb6b3572dbe1e3984bf7432893b5022d9e3380d9bb17e771396","bytes":375611}}
{"source":{"wave":759,"partition":0,"offset":759,"checksum":"228a5085d18771687e10aa826e45676cba4e784b3306510aef7c3136cd98781f","bytes":375611}}
{"source":{"wave":760,"partition":0,"offset":760,"checksum":"1181a3325abe08a99e7efd2e1b97e6610facdaf9cde5fc41868046f1f5e7f405","bytes":375611}}
{"source":{"wave":761,"partition":0,"offset":761,"checksum":"e3cf284752aded6b49aa04a817f4de545dceac6cbacef312908c85d8a86cfcd5","bytes":375611}}
{"source":{"wave":762,"partition":0,"offset":762,"checksum":"dbfc89b9634939879d18ace7c1b0717ca647c527b4a04d9c8fbba61592c14e7b","bytes":375611}}
{"source":{"wave":763,"partition":0,"offset":763,"checksum":"f591044c7242663cf80e88a5953defad52286d0ff0d7e334d06927c71917ca1f","bytes":375611}}
{"source":{"wave":764,"partition":0,"offset":764,"checksum":"51e2840c6a820a9bb44800a2f28161091c7a05a20d86f4b7685c2e528ae36a61","bytes":375611}}
{"source":{"wave":765,"partition":0,"offset":765,"checksum":"6c718c6b06c3972d909300b4348671af48483582c904b1cd9f3eed5ea0821b9d","bytes":375611}}
{"source":{"wave":766,"partition":0,"offset":766,"checksum":"eeb60eeff72a3d74e02e769b9af4befe1a0dbe93ef20b54c8c20fe3870066438","bytes":375611}}
{"source":{"wave":767,"partition":0,"offset":767,"checksum":"5ae57a23330dce431267911b7a3636e3ab48938b39caf526763540812c92c544","bytes":375611}}
{"source":{"wave":768,"partition":0,"offset":768,"checksum":"7052c0c6d099621995ad112128df47f3126956c351f746c2719d8fb1913660f5","bytes":375611}}
{"source":{"wave":769,"partition":0,"offset":769,"checksum":"794675e09e72c02b1608632d3338340c04a259d2748a8e84a67124614dd0adc2","bytes":375611}}
{"source":{"wave":770,"partition":0,"offset":770,"checksum":"09125a8e78f061529282cff9319ccc50835344bb6034457bb145ba49a6acd389","bytes":375611}}
{"source":{"wave":771,"partition":0,"offset":771,"checksum":"0d56aa5fe2ea87246b2628de2c5d929849f3fe32b82cd9c90f11e15fe3929bdf","bytes":375611}}
{"source":{"wave":772,"partition":0,"offset":772,"checksum":"a4d89c96742d9b6bcfbd88d549266b9a5fcd830216ff49e7f38efb4effc5e5df","bytes":375611}}
{"source":{"wave":773,"partition":0,"offset":773,"checksum":"0ad6ef1ef01bd108c87123bbfa714159fb475be2339dca2c1150ad933b56d737","bytes":375611}}
{"source":{"wave":774,"partition":0,"offset":774,"checksum":"18dc6b641cfb7b48866451592125e9441722cf0ff162f78b25aed06a8576ae25","bytes":375611}}
{"source":{"wave":775,"partition":0,"offset":775,"checksum":"ba09bd6997c61216f9dc84bd4fc130c28fec5d50b02584995cc4f84a9a0cde1a","bytes":375611}}
{"source":{"wave":776,"partition":0,"offset":776,"checksum":"723ec87fa36725b2d53d0ab413f8b9cd2162030e5d1dfd5d469682806b1f00ba","bytes":375611}}
{"source":{"wave":777,"partition":0,"offset":777,"checksum":"9282c40380014803b81cdf65e456a0666d2f4c56b994659b5868caf805cd773f","bytes":375611}}
{"source":{"wave":778,"partition":0,"offset":778,"checksum":"e05acf1b2bc9e27b78bd6957965483a1b8f435094522ae844b0ba19713531cfa","bytes":375611}}
{"source":{"wave":779,"partition":0,"offset":779,"checksum":"65b9b60239946020f2a59db07c249e82cd8bc22fa968848bcf4c3e673643ffb3","bytes":375611}}
{"source":{"wave":780,"partition":0,"offset":780,"checksum":"906c6fbd85153c77e67eb0df852b35b0e5c29790d3bd7a59fc976e53f69a8362","bytes":375611}}
{"source":{"wave":781,"partition":0,"offset":781,"checksum":"0436491ccaf39725f99eeb54a13b7ee6a5823a4cbaca03aca06b9b2c9062b004","bytes":375611}}
{"source":{"wave":782,"partition":0,"offset":782,"checksum":"8eef259c2700057f9b17d89a47472ed9ed8830d10f0cd78023a5197ac883f030","bytes":375611}}
{"source":{"wave":783,"partition":0,"offset":783,"checksum":"657c45931707cd945bccbb27c70bec578c9d9a58f2987cea85ba02924755f18e","bytes":375611}}
{"source":{"wave":784,"partition":0,"offset":784,"checksum":"c6fb626497dc8df8afc94a5b0d79e2fa8f65ccbad7708621b19231fef87313ff","bytes":375611}}
{"source":{"wave":785,"partition":0,"offset":785,"checksum":"81036b3a5042b4f991f873ec9a2087bf49058cef52da382cd4f4df17c63122d2","bytes":375611}}
{"source":{"wave":786,"partition":0,"offset":786,"checksum":"6d550513ae39813522e65629ccd4d577e9cf8dd8d876147b1f2906e82eff97f1","bytes":375611}}
{"source":{"wave":787,"partition":0,"offset":787,"checksum":"2c7b25f1c293da5718fc6d7bcee297a5330d9d22fc926008872d70c3fd1e7884","bytes":375611}}
{"source":{"wave":788,"partition":0,"offset":788,"checksum":"05b66693c44fc38a9e6b0ceeb98facb6cda17964cf4356d3f767edac87bba3bd","bytes":375611}}
{"source":{"wave":789,"partition":0,"offset":789,"checksum":"d79cf44ff8e2f6b7d751f0cbf663de4240ce1ac238a374cc6e09ff0af1f98b12","bytes":375611}}
{"source":{"wave":790,"partition":0,"offset":790,"checksum":"e2a00ef922630ec5678679027c82c13a845fdceef824d6cfa81df7a4fdc07ed8","bytes":375611}}
{"source":{"wave":791,"partition":0,"offset":791,"checksum":"b1a7f30e5f25fa041b0d87a1592c8cd0fcc6d91b1cbb1e38b70ac2aa03fa8794","bytes":375611}}
{"source":{"wave":792,"partition":0,"offset":792,"checksum":"4fc42ef14d57e02ae443b964f139c41a541bf565dcb2c866ec973c92e6d3d614","bytes":375611}}
{"source":{"wave":793,"partition":0,"offset":793,"checksum":"24dceef2788b8af646dd34889af513ccb62b2c85cc34f065b20c4e86eef697d1","bytes":375611}}
{"source":{"wave":794,"partition":0,"offset":794,"checksum":"150a166e7d75a2679ee1a8d130abe40245fa5dbe507ba1d6fcbb9406c2e8d7f5","bytes":375611}}
{"source":{"wave":795,"partition":0,"offset":795,"checksum":"eaca6265d0af9c210d66e6f4e198129064200bc61e13190efbf2db84eec721c8","bytes":375611}}
{"source":{"wave":796,"partition":0,"offset":796,"checksum":"036c8060536523e38e3c54ed7cdc6043470991a241aee7954810789052309691","bytes":375611}}
{"source":{"wave":797,"partition":0,"offset":797,"checksum":"f2aa32b83044d4b7eecca42278dd5ed8cf521893ee164045960865517d5a4a21","bytes":375611}}
{"source":{"wave":798,"partition":0,"offset":798,"checksum":"3aadb134e5291128a11559117045c9e2708aaba6a049e5d7d89907aa2b1bc78d","bytes":375611}}
{"source":{"wave":799,"partition":0,"offset":799,"checksum":"9a43eb78318aac70bd6145f59afad4d79432b7fea570dfbbde357b39a7649d19","bytes":375611}}
{"source":{"wave":800,"partition":0,"offset":800,"checksum":"021b4370020c526985dda9c27064da8f23371e4d92973b5fc988bb5ee5e9a275","bytes":375611}}
{"source":{"wave":801,"partition":0,"offset":801,"checksum":"9b7513672e25ce343ecf9daaa0ab909b7fd83c85243307a96fd5c529743ce30e","bytes":375611}}
{"source":{"wave":802,"partition":0,"offset":802,"checksum":"5392ff3b0fe9df0f549a29f18831e4180b38ec943c95fedfc23402bb0913f7a7","bytes":375611}}
{"source":{"wave":803,"partition":0,"offset":803,"checksum":"61e21ff6752a4e177212508c2e03fe68ae11bee7401c895a0961b813209a9ab7","bytes":375611}}
{"source":{"wave":804,"partition":0,"offset":804,"checksum":"3007eb79b4b1a4f87e1e9a26cec798ffe4ecbd12167102818bbbaeaf84974dd8","bytes":375611}}
{"source":{"wave":805,"partition":0,"offset":805,"checksum":"aa13582efee3a0e79a61c37712f7459e7e91bae83b3ee887803a1e0420f633cb","bytes":375611}}
{"source":{"wave":806,"partition":0,"offset":806,"checksum":"be2c99c2eaa02bb3e3624010367a8a6fcb18402ecc220d08a6d3a1a362ebeb33","bytes":375611}}
{"source":{"wave":807,"partition":0,"offset":807,"checksum":"f3ca4fbde02918aaf6146c5a2df69d13f7db95371d65e0370db191755521d64d","bytes":375611}}
{"source":{"wave":808,"partition":0,"offset":808,"checksum":"26c488f8a10505b4a775d9e90c96ffd5e3bbf3f8c5400fa6fccaa27464209673","bytes":375611}}
{"source":{"wave":809,"partition":0,"offset":809,"checksum":"11b77c819e487bc9894215e61cc2c4ba59bcb7aaab65a1c3f3336f2e63d0bf9f","bytes":375611}}
{"source":{"wave":810,"partition":0,"offset":810,"checksum":"1569b6c9b4e2925be98d40766fd74add3f735e3808768fd7c37342453d3e10b0","bytes":375611}}
{"source":{"wave":811,"partition":0,"offset":811,"checksum":"b19a4f910b8d804fbd3b6a4c7e79e8c9ddf536a0fc2aab3760555a8c48a8c617","bytes":375611}}
{"source":{"wave":812,"partition":0,"offset":812,"checksum":"42b67d4fc300a22ded0bfbcb0e45fb8a2808437c9054fd3085e0f8b3b3cb1a81","bytes":375611}}
{"source":{"wave":813,"partition":0,"offset":813,"checksum":"7caa24d4eb39d7d3f178a054527ac4d6dfe06ee76b4035daf850cfe18b7200d9","bytes":375611}}
{"source":{"wave":814,"partition":0,"offset":814,"checksum":"fd8752c80fca16e8105659e5b0adcf271ab6fbe49f2e47f686ae0516e0108ee7","bytes":375611}}
{"source":{"wave":815,"partition":0,"offset":815,"checksum":"fe1d38d718f8f1463998198fbc19277f4d2ffa60294f1453a8159c8fcaf8d33b","bytes":375611}}
{"source":{"wave":816,"partition":0,"offset":816,"checksum":"5c6ae89928126ff7ade88b0631493261ce6be025ba086b4ad0620c3f2daf5f7b","bytes":375611}}
{"source":{"wave":817,"partition":0,"offset":817,"checksum":"9070a033e568e932286c8372173f8f3d5bcad680909306e5fdc0e8be79177a10","bytes":375611}}
{"source":{"wave":818,"partition":0,"offset":818,"checksum":"c9677d46b86a3c2a8f10cd292f50d14924c4d42ae780ceacf5f482e66f123444","bytes":375611}}
{"source":{"wave":819,"partition":0,"offset":819,"checksum":"197aa9e752fa2e68de691454833127e2f9f8701d4361d14fb16b4354bf04417e","bytes":375611}}
{"source":{"wave":820,"partition":0,"offset":820,"checksum":"325478e0d5a1020541238bc03b395426ab4cf3d3f7b11cf5edd29270c2fecdc8","bytes":375611}}
{"source":{"wave":821,"partition":0,"offset":821,"checksum":"15b1614b5c96f86a957b54532b05a87b1c04879db09c61bd7fce32ff15d005a6","bytes":375611}}
{"source":{"wave":822,"partition":0,"offset":822,"checksum":"0c773e17a9cd194c38bff614b704d48be26d413f2f866315e9ccb4be4180aa83","bytes":375611}}
{"source":{"wave":823,"partition":0,"offset":823,"checksum":"e725dff38d1af0a272c75cd0ffd3e98accc39834f439b781d549f750b110574b","bytes":375611}}
{"source":{"wave":824,"partition":0,"offset":824,"checksum":"8679a0326a8d51a488cf1d74581a0f208dcb3337c80c70d706b04fbb6894ea07","bytes":375611}}
{"source":{"wave":825,"partition":0,"offset":825,"checksum":"cdddd37a06690cb4a202c1a9b74366e4f064da9a46130b86d251b7baeb6eb518","bytes":375611}}
{"source":{"wave":826,"partition":0,"offset":826,"checksum":"0b671291edd3726851b9497e8f7fdfc128caa556d372508e2e7bdcce9fcfba1d","bytes":375611}}
{"source":{"wave":827,"partition":0,"offset":827,"checksum":"68b13d18b7d74ab3fe36d74578319bcbc213717c0f5f8d85f7721fbc22de340c","bytes":375611}}
{"source":{"wave":828,"partition":0,"offset":828,"checksum":"5000d9122ae15eeb5492c93bc53ed02533b60e484fbf3666495cd25c2d4a97a6","bytes":375611}}
{"source":{"wave":829,"partition":0,"offset":829,"checksum":"b97a7d34c463c07870edc8e54b261ab498fdd14746af3668a1bc31d0c1f52ceb","bytes":375611}}
{"source":{"wave":830,"partition":0,"offset":830,"checksum":"2ea152affaf82f9395387320ccf2b6389664931d439c6324198c746a34d42054","bytes":375611}}
{"source":{"wave":831,"partition":0,"offset":831,"checksum":"d3568d26f7fbc6f7b053ad9d2964659ccef7e27600ad8a37541037bdfc17ba27","bytes":375611}}
{"source":{"wave":832,"partition":0,"offset":832,"checksum":"2ff222a37ca428dd87294c88d201f08ef317844ddb50f982d6b691a6d4280b76","bytes":375611}}
{"source":{"wave":833,"partition":0,"offset":833,"checksum":"a4808c54dbb04a7a14c8dfc6e8e562481042eab30bf4469fa0528bdc05669556","bytes":375611}}
{"source":{"wave":834,"partition":0,"offset":834,"checksum":"c5d196e7d6ba88c44bc4cb6dd5fd23fc7a21d4143e7f9eefbc3348db31703e01","bytes":375611}}
{"source":{"wave":835,"partition":0,"offset":835,"checksum":"7465bfa7c3bd018c9273be4293caacdc5b78392f3da59849dfed5c04ebb9876b","bytes":375611}}
{"source":{"wave":836,"partition":0,"offset":836,"checksum":"9753ab13b44b3a1582b33618ee6e77cf27b6818c5600adf1a178ca6f7801b189","bytes":375611}}
{"source":{"wave":837,"partition":0,"offset":837,"checksum":"521c3b1b8625f6f5e56fd6986893aebbc551e1cf720cb5dc09e5d43e6e42f385","bytes":375611}}
{"source":{"wave":838,"partition":0,"offset":838,"checksum":"4d067981f1d27604c8011d779869537479d21033b658cd4b5e51a3a5ae03fee5","bytes":375611}}
{"source":{"wave":839,"partition":0,"offset":839,"checksum":"3a3339a56bae7afdbf5298ba545d88f9755f7783b765e731b63031037dc46ef4","bytes":375611}}
{"source":{"wave":840,"partition":0,"offset":840,"checksum":"3fe8f78098353582ba1fbe5542c52f9a66ae452aa781ac351515dfeff54d6136","bytes":375611}}
{"source":{"wave":841,"partition":0,"offset":841,"checksum":"c4d3e77ebc6a6442e05de0f12411be2cd5d4e4fc550e218bfe7343cf5434ef41","bytes":375611}}
{"source":{"wave":842,"partition":0,"offset":842,"checksum":"a64fbe0c085ea5368e5382cbee066c94451ab97f6adf0af6965d25b713c7fc92","bytes":375611}}
{"source":{"wave":843,"partition":0,"offset":843,"checksum":"1e0b0638cdc724828120d73c98747c50bcf1c5acfb18a7085947d119eaab463b","bytes":375611}}
{"source":{"wave":844,"partition":0,"offset":844,"checksum":"a252c6a13c06e29225ab2a6492f645bd07e5db261229a92c105a15ca631b24da","bytes":375611}}
{"source":{"wave":845,"partition":0,"offset":845,"checksum":"f1228e7c5ff1a2d9086e3c64559c9281cbb2688d74e95a04647ab363cb112892","bytes":375611}}
{"source":{"wave":846,"partition":0,"offset":846,"checksum":"23112d89134706ea39f3a6bf9bc5392feb61a3ec3eb5dc57eee81ca02170e302","bytes":375611}}
{"source":{"wave":847,"partition":0,"offset":847,"checksum":"909f3af85c099dc9ffec3050e9bd66923cb7f0790306572223b00d5c1da08b7e","bytes":375611}}
{"source":{"wave":848,"partition":0,"offset":848,"checksum":"fe92925b1ce017a685a40c99300185516d16d46e7e96bddabe3fee895cd9ea76","bytes":375611}}
{"source":{"wave":849,"partition":0,"offset":849,"checksum":"a068476132ecf96bc0385212142f34caa9cee72d6fdc42c58695bdd895b23c68","bytes":375611}}
{"source":{"wave":850,"partition":0,"offset":850,"checksum":"1c670c0c9802f97f2fd1491782cf3deb190193e40650fcd357ae0ab62362c25a","bytes":375611}}
{"source":{"wave":851,"partition":0,"offset":851,"checksum":"fd5fad007ff35d9340c48c8d476d3bfcc50afb2eed8e093801a205fc9b08dacd","bytes":375611}}
{"source":{"wave":852,"partition":0,"offset":852,"checksum":"ff50527c3b8f7e01bb4d7d795f0e7c837712b7f2cb8be6ddf0de8b24db1056e1","bytes":375611}}
{"source":{"wave":853,"partition":0,"offset":853,"checksum":"50178846099c424864290ec2dae8ab9af150a137924cd650b3930fdf0c24037c","bytes":375611}}
{"source":{"wave":854,"partition":0,"offset":854,"checksum":"36156f312784ea86725a511411b86c4ddb7744c2db0a22586e8b0cdfbaa7aa83","bytes":375611}}
{"source":{"wave":855,"partition":0,"offset":855,"checksum":"f6ac4fc4ae634e384fbfcdb23f124635f937a2fb7c459665f7501d423f16a556","bytes":375611}}
{"source":{"wave":856,"partition":0,"offset":856,"checksum":"af744b51d5ebafc9caa5f384258be53f2b6f6782e62e56b75689da4edce85ef5","bytes":375611}}
{"source":{"wave":857,"partition":0,"offset":857,"checksum":"0c7a50d6dd9b692bd45d9fdfccdd26f7e601a8a47071b6beddf243d8dad3b738","bytes":375611}}
{"source":{"wave":858,"partition":0,"offset":858,"checksum":"c4429bcf076bb780f7abbb9b45089df99168d5b01a49aae23d9ed4e63959158d","bytes":375611}}
{"source":{"wave":859,"partition":0,"offset":859,"checksum":"63f7c4244c0115d720c4adccfc97113ec2da9c454eb44965e31115a2c318983b","bytes":375611}}
{"source":{"wave":860,"partition":0,"offset":860,"checksum":"94276c743711ebc1af1e4ce9fb8f3e8f2034c2b4d0299169ed2a682b857f2857","bytes":375611}}
{"source":{"wave":861,"partition":0,"offset":861,"checksum":"f83eaf87be75eaa2c81dd53b50e7999a19e962ceb37d33bbb40959568bc9585b","bytes":375611}}
{"source":{"wave":862,"partition":0,"offset":862,"checksum":"b2255bba7c39cac2f9368f9adfc75e496a936c12fa21a2504bcdbcc626be8d0b","bytes":375611}}
{"source":{"wave":863,"partition":0,"offset":863,"checksum":"f2663c36e41be18cbb177b082f372bc6dbebe56615ca0c820cb48be253e580b2","bytes":375611}}
{"source":{"wave":864,"partition":0,"offset":864,"checksum":"8888eda060cf991567a6647be1304e9c8db2cc36bbfe3e4dddd779a204f7a738","bytes":375611}}
{"source":{"wave":865,"partition":0,"offset":865,"checksum":"995cc13de4808a0e75bac2df6355dfff2b4cd33ea49e64b3d27be31756a97eeb","bytes":375611}}
{"source":{"wave":866,"partition":0,"offset":866,"checksum":"38539556ce7ee42e60a6960df00a7f03ad38c38de95424d9f3cb0866600317d9","bytes":375611}}
{"source":{"wave":867,"partition":0,"offset":867,"checksum":"95090e2dfa002dcee0917017a9ee4bc9faea37d73fe487c401f58d7a78266398","bytes":375611}}
{"source":{"wave":868,"partition":0,"offset":868,"checksum":"9a2debd703a0fbb5119ab84e62c0f1ce56fee65e3e8cb9fc5bfb4c288fbb266a","bytes":375611}}
{"source":{"wave":869,"partition":0,"offset":869,"checksum":"3ecb86d56c68deeff0c5a8fa9d5205e4a38b784618dfa1f2a1bef57e2f4de637","bytes":375611}}
{"source":{"wave":870,"partition":0,"offset":870,"checksum":"876302e719f269d29592ca52570cbdebb6eebfb2413bb63f53f78c74937d78ff","bytes":375611}}
{"source":{"wave":871,"partition":0,"offset":871,"checksum":"b15448bf8116b1b759f88858d084bbdc9ac173f1af33ffa52a0fa90f7fdba806","bytes":375611}}
{"source":{"wave":872,"partition":0,"offset":872,"checksum":"4b543b7d06ffccc09a46374d7154a42dd2c38218c99c032393dadd16ce9419fc","bytes":375611}}
{"source":{"wave":873,"partition":0,"offset":873,"checksum":"a73081c7a85c48a03ee6f0302e0af0ef59c7842c7df7ab74cf9a160e3d2f43c1","bytes":375611}}
{"source":{"wave":874,"partition":0,"offset":874,"checksum":"efa628d25132ca6607c169fc35a7578a381e1f634ee5a658b0a3f05687b22e36","bytes":375611}}
{"source":{"wave":875,"partition":0,"offset":875,"checksum":"5c8d8cbd99c45310509160a3e8c77653a1083e5eba171fc0199bd6a7394c3e71","bytes":375611}}
{"source":{"wave":876,"partition":0,"offset":876,"checksum":"b24a06107b185480e4badebf27588e13ddc76014ea342a477b128321f3a05980","bytes":375611}}
{"source":{"wave":877,"partition":0,"offset":877,"checksum":"460ca79720082b47ce89ecde412b0a9ca9451f6c819b4ccefb5e9f5894c19052","bytes":375611}}
{"source":{"wave":878,"partition":0,"offset":878,"checksum":"fd7eb219eaf498558cd09920c134e164d32b3c0e34f70c3e80bb96bead281b45","bytes":375611}}
{"source":{"wave":879,"partition":0,"offset":879,"checksum":"bc5d6ac9a55e6105ef7bc3cfc00b987a88e1f63cfd7fbb35d232b4888db8a601","bytes":375611}}
{"source":{"wave":880,"partition":0,"offset":880,"checksum":"dfb67b161444a37ede85e5a5ee358b25017091d6b880d24082abceaaa5db23e0","bytes":375611}}
{"source":{"wave":881,"partition":0,"offset":881,"checksum":"bb63fe6b6c35bd3b038498b4e729c04e19b5fe8faa1f74fc1df6bac0364d3b6d","bytes":375611}}
{"source":{"wave":882,"partition":0,"offset":882,"checksum":"3f3a58a7877d8b20a4f35c6b4fb4af5ba977331e3ea3e714083f5f33b93cf631","bytes":375611}}
{"source":{"wave":883,"partition":0,"offset":883,"checksum":"ff301bebccc789dcfcfbbd619bd49f68ba8a69198b46fc9f46b5694da7d7644c","bytes":375611}}
{"source":{"wave":884,"partition":0,"offset":884,"checksum":"db616248bd9c79e9a7dc8517d92b6bed31b218e5bc8ce07c1acf7cd7491cce5a","bytes":375611}}
{"source":{"wave":885,"partition":0,"offset":885,"checksum":"d0fa78018feac76e331aebc25ca24e1a08ea80762aed6184064d11c6670d2d3f","bytes":375611}}
{"source":{"wave":886,"partition":0,"offset":886,"checksum":"1c4d9c9cdf3e253303e7a39633c512e30f9701cfc83b2837b8ae0f7a3d0d3fb8","bytes":375611}}
{"source":{"wave":887,"partition":0,"offset":887,"checksum":"0ffc585897579bbb77e4f7f7e1afb1a9ea49d0bee49293a99fcd410a4f26cca0","bytes":375611}}
{"source":{"wave":888,"partition":0,"offset":888,"checksum":"4c48289f4f8bc4df6933551d72721d540cd43e5b7236eaf020f31235bbf02262","bytes":375611}}
{"source":{"wave":889,"partition":0,"offset":889,"checksum":"ce71f916ff16cbfb93c49993374b8bb99c7e106c46b9c240ab04ad2f0f004c44","bytes":375611}}
{"source":{"wave":890,"partition":0,"offset":890,"checksum":"dae653bfb50d918a7626586e698dbcc555b34cd5c71d4611d2d3a2abdc4f36ce","bytes":375611}}
{"source":{"wave":891,"partition":0,"offset":891,"checksum":"b63d9aaa786ab45bc93e9588f69ec265e5d1eaabe51664d026ee5c7d70578eb7","bytes":375611}}
{"source":{"wave":892,"partition":0,"offset":892,"checksum":"87e3a5b947f0e10157e23949365fe1113b5be7e871634f985324a2175c9313c5","bytes":375611}}
{"source":{"wave":893,"partition":0,"offset":893,"checksum":"9a73dfb59e88393ba8feca0b2d44d7cf93d3423d89ca3d7f5e7cd9e94ea354e9","bytes":375611}}
{"source":{"wave":894,"partition":0,"offset":894,"checksum":"b9627f7a04f4bbab8eb0b0ccd6aac909eb7d076f75bb2475b8dd5f03db60de13","bytes":375611}}
{"source":{"wave":895,"partition":0,"offset":895,"checksum":"8af596b72d0072c82d394e8bd2a58d4d266b5091d41da674874e6930e1afc8b1","bytes":375611}}
{"source":{"wave":896,"partition":0,"offset":896,"checksum":"d42d9c8dcffed5bd5489f5471c2195943fc157ec4de76fe70949e452180afcd0","bytes":375611}}
{"source":{"wave":897,"partition":0,"offset":897,"checksum":"4eb3d15c7343e50a8fab2191658fd91a251466f6133a432d4ad707e0f953e470","bytes":375611}}
{"source":{"wave":898,"partition":0,"offset":898,"checksum":"98185b530389c111d0b18c273a00fa7199ebc1edfcc487ea37c95afda979ec30","bytes":375611}}
{"source":{"wave":899,"partition":0,"offset":899,"checksum":"c6ea986b3f3284e27409703ea7c7fd43fc9f41a5c8b713a2d737bb71b98f2d1f","bytes":375611}}
{"source":{"wave":900,"partition":0,"offset":900,"checksum":"4e97f307cd38cbb7908cc31fe2f22cf61ba1b0c12677ed65e04be87b07fe5d93","bytes":375611}}
{"source":{"wave":901,"partition":0,"offset":901,"checksum":"06ca43ecf6ab3cfdda2118e98bdc5bf660e7ccff0556e21e36a2a577db0e5f05","bytes":375611}}
{"source":{"wave":902,"partition":0,"offset":902,"checksum":"3d31c561197dd8bf2d23f20f3c66bac34cd934ca9cc1745f27c297c0a78597af","bytes":375611}}
{"source":{"wave":903,"partition":0,"offset":903,"checksum":"17ab518883d23033bd8075fe6031c45a6d6d3a8996c15a7d09b96571b5bc9708","bytes":375611}}
{"source":{"wave":904,"partition":0,"offset":904,"checksum":"b45581c7609431f12d5be4846dc6233c617cb9c2c16fd5e4742dd5569b7fc2f7","bytes":375611}}
{"source":{"wave":905,"partition":0,"offset":905,"checksum":"6aec54645ac00ebb485f3fbd52e464b63f72edad74950c83d1dcb6cbb9c9d842","bytes":375611}}
{"source":{"wave":906,"partition":0,"offset":906,"checksum":"541daf4961a9f82d395cfcbf9b42b517feb61c08407bb0b2ca7bd4df04af3c29","bytes":375611}}
{"source":{"wave":907,"partition":0,"offset":907,"checksum":"ee93abb7594c2fdfde46d38fbff685ad9e8767aa6c7b85f95ba7bcb0be134e63","bytes":375611}}
{"source":{"wave":908,"partition":0,"offset":908,"checksum":"03f7991cbf79d0b936f9c9a5697368b0d9932e2a1fc72d6718a4f75666fa8cbe","bytes":375611}}
{"source":{"wave":909,"partition":0,"offset":909,"checksum":"9cac3127e1c40ee1d320f1016f673371498b44cdd8b8de4fde467d9ee0767f8a","bytes":375611}}
{"source":{"wave":910,"partition":0,"offset":910,"checksum":"7de5214565faf15b38adf9964d272a87a2679757d7bb33ac5042a7880843f82a","bytes":375611}}
{"source":{"wave":911,"partition":0,"offset":911,"checksum":"2a2b2dc3f9f8fdb6ef98ba4431d5556dd9cabb7a0ef6de1dffef1d1a4dd40c53","bytes":375611}}
{"source":{"wave":912,"partition":0,"offset":912,"checksum":"698ae7f96c84caccbc97b71b9d30a241a3ecd86f653ae14751e73c81f188e762","bytes":375611}}
{"source":{"wave":913,"partition":0,"offset":913,"checksum":"f337f31d7b913bae89f9bbb322cba31e376189c60bc405b97d92e26f32a4e0ad","bytes":375611}}
{"source":{"wave":914,"partition":0,"offset":914,"checksum":"d6edee02c871058fab5eca6400af165f631b9ab403b31fe1145f12e13d8b5fc2","bytes":375611}}
{"source":{"wave":915,"partition":0,"offset":915,"checksum":"3f077c0c59a0796f9e2b65fd16fdc284cdd7ee27ee19c6ff691d2a0975f476b2","bytes":375611}}
{"source":{"wave":916,"partition":0,"offset":916,"checksum":"751d4b8fe398f6f70fb9adf290007ce888c057dbb85ecef8c7fc416e513a48c2","bytes":375611}}
{"source":{"wave":917,"partition":0,"offset":917,"checksum":"4139d4980c4afb7d0962c074d551c9c487e04e63d90130d7b3038ec5b0e66e89","bytes":375611}}
{"source":{"wave":918,"partition":0,"offset":918,"checksum":"d462fe15d297a0e97641b5205711d829c703808f6e819e601db1c2525c72ba02","bytes":375611}}
{"source":{"wave":919,"partition":0,"offset":919,"checksum":"7d91cd13aa739e4ec30f2f269ef59e25949c0c7630056090ec8480e688dda5aa","bytes":375611}}
{"source":{"wave":920,"partition":0,"offset":920,"checksum":"0e0b0473db949c642db1a746edefbd716ca3a830a34e2b42fcc935363552f7e4","bytes":375611}}
{"source":{"wave":921,"partition":0,"offset":921,"checksum":"98b97afa6ccfd9a7dc615c467c710c0989124e53802af68caa601138a6eadca1","bytes":375611}}
{"source":{"wave":922,"partition":0,"offset":922,"checksum":"3b08456e68a746e4e0a9df1c4883b4f954f45d0d3e76e510116fd97188bdbe70","bytes":375611}}
{"source":{"wave":923,"partition":0,"offset":923,"checksum":"b98b5bdf6cdd19ab99e5fa923b5afd97c80fa55575b82d3dd181b4dea8a29526","bytes":375611}}
{"source":{"wave":924,"partition":0,"offset":924,"checksum":"363d5422e6a7455223ac2f5107b857d2a0015366cc6c44fc5917001b90680432","bytes":375611}}
{"source":{"wave":925,"partition":0,"offset":925,"checksum":"ca6ebd2e1f88e5be7b25e04fe244e0080c0fe86acc45e291657e67266b973817","bytes":375611}}
{"source":{"wave":926,"partition":0,"offset":926,"checksum":"44e7b5e2c1effdb54a6d8e5291dae3bc0718fc216ae76562123e28d6fffc98f0","bytes":375611}}
{"source":{"wave":927,"partition":0,"offset":927,"checksum":"9a40aaf2806988c1fc6e94d9c43a03d4a767bed95972c71d6799f698e5017723","bytes":375611}}
{"source":{"wave":928,"partition":0,"offset":928,"checksum":"1b44dd08054861f20d7d1584502522928db62d3a8d628ec3362175d88f3e150f","bytes":375611}}
{"source":{"wave":929,"partition":0,"offset":929,"checksum":"ccd73691dcfcbc6060b1a3480d92a4dfb1ff62b9393cd787974ac26f25510caa","bytes":375611}}
{"source":{"wave":930,"partition":0,"offset":930,"checksum":"a907b468012a1b0ad57e9b084c8b86a7fd58b3925e4026207937e6af4902fe1e","bytes":375611}}
{"source":{"wave":931,"partition":0,"offset":931,"checksum":"13755e7f712873fb7773f2fbccf2f4070e352dd75b5cf1f707e683c078081815","bytes":375611}}
{"source":{"wave":932,"partition":0,"offset":932,"checksum":"8eaeadeac7423f95066d1f670e03a0d52dc51ea2c01792821ae942f301c8b0f1","bytes":375611}}
{"source":{"wave":933,"partition":0,"offset":933,"checksum":"6ac9c1f0cf1039abf69cd5e5dbc4bbaacebd9f761f0ff33c8f3f88ed8177c2cb","bytes":375611}}
{"source":{"wave":934,"partition":0,"offset":934,"checksum":"79854c72c9b1585146eacc22f5e2f527c5f51f40f1e40ecd52648fa368cfc717","bytes":375611}}
{"source":{"wave":935,"partition":0,"offset":935,"checksum":"c235446047fb3c301ada80534472ce2fe991a5bb46ab633369bf8aa72295b397","bytes":375611}}
{"source":{"wave":936,"partition":0,"offset":936,"checksum":"d0ce27faeba417172f36471f1762136dcb401396703ecdc07aa29d3b476aacbf","bytes":375611}}
{"source":{"wave":937,"partition":0,"offset":937,"checksum":"de6698a68c208953838ac3227652547548eeacb3a8d97e23a6722afe40e6802b","bytes":375611}}
{"source":{"wave":938,"partition":0,"offset":938,"checksum":"3a9d022caf649e91940b32f3f67118917a5d31195c73fa805936e80d19c29067","bytes":375611}}
{"source":{"wave":939,"partition":0,"offset":939,"checksum":"a6e2b74e8aa227a6fd4e722f1f3394820bed2583d4f31d3f52d6da7dbef5a914","bytes":375611}}
{"source":{"wave":940,"partition":0,"offset":940,"checksum":"05b94403988573b72fce66b983cebee13dd755f20f1cf837fdcaccd9110ea9d1","bytes":375611}}
{"source":{"wave":941,"partition":0,"offset":941,"checksum":"a2b783f474b5f45c668154e5e988a576a0afe306ce31d163cbe9b85c7ac9838e","bytes":375611}}
{"source":{"wave":942,"partition":0,"offset":942,"checksum":"73ea3a20c841c66f3dce851241949665fa0a0a48464d494c9472b689afcc2893","bytes":375611}}
{"source":{"wave":943,"partition":0,"offset":943,"checksum":"e66fed83235acb114277fad88df6096829de678d8a037ee06e91af6ab8aea016","bytes":375611}}
{"source":{"wave":944,"partition":0,"offset":944,"checksum":"252299eef55be17db16723f201732d3cee95fbd164037bf9786e4054e8cea2f9","bytes":375611}}
{"source":{"wave":945,"partition":0,"offset":945,"checksum":"eb1e2bc1d62bba53f7b4ce40dac3051f70021c20820d392c788645087a7057ed","bytes":375611}}
{"source":{"wave":946,"partition":0,"offset":946,"checksum":"53d3c656af5513622991c39243cbb7bfc300d1f7198a8d67aaeb4b0df7447427","bytes":375611}}
{"source":{"wave":947,"partition":0,"offset":947,"checksum":"d24c6b871aa045ee5df2579bf38e89c8e7da2fa90f0acc816b8e5b6b48828412","bytes":375611}}
{"source":{"wave":948,"partition":0,"offset":948,"checksum":"684af648eb68171e6ef26efae63fe994e3bc2cc13fd7aeda90f970851245e0bb","bytes":375611}}
{"source":{"wave":949,"partition":0,"offset":949,"checksum":"4eae406bd400f5120df13357ec042eb7b8b20d414bbd9b5abe812bcdbecfa5c8","bytes":375611}}
{"source":{"wave":950,"partition":0,"offset":950,"checksum":"85f5da1ae181b1629648462baa15e60e2f979831b05fd9b86d9c1b418e887e06","bytes":375611}}
{"source":{"wave":951,"partition":0,"offset":951,"checksum":"37ce755bc865ac40cc93cf4ef69ed0749952c5ee19abc9e10038adc7e37b5aeb","bytes":375611}}
{"source":{"wave":952,"partition":0,"offset":952,"checksum":"7ec8f22cd008817b9693b285c8de614fa6c6a6d4d53b734a148b9586adbfa8d0","bytes":375611}}
{"source":{"wave":953,"partition":0,"offset":953,"checksum":"af7b6d13353ea4a680005d16255226597fe8740ce75ae1ed950c0061fd1731f2","bytes":375611}}
{"source":{"wave":954,"partition":0,"offset":954,"checksum":"66ca7fa662005d5c3560fb2d2b2c1a3b13552e6d94bcebd171a9b3f911a50b8a","bytes":375611}}
{"source":{"wave":955,"partition":0,"offset":955,"checksum":"61563a15fee3d7a98864cdeec4154744f533472254e88ebae1d409ee6f78d2b9","bytes":375611}}
{"source":{"wave":956,"partition":0,"offset":956,"checksum":"c15ab8663283744a375f3a431cf53192fa43cf499a758e45db38c1087203cc1a","bytes":375611}}
{"source":{"wave":957,"partition":0,"offset":957,"checksum":"159403b2bb9bdac3d35b925c8b8872cd3e2e54225706785d2dd2171827bc902b","bytes":375611}}
{"source":{"wave":958,"partition":0,"offset":958,"checksum":"ad9f1c90e848412c2b9cadeea6433b9511bc84b06b815a4f199a59069616af6d","bytes":375611}}
{"source":{"wave":959,"partition":0,"offset":959,"checksum":"6cc717ce6995444d152816848f4eba064bc7adf469fa5ae189019872af72f97f","bytes":375611}}
{"source":{"wave":960,"partition":0,"offset":960,"checksum":"97655286fe6372ae31130fa4920709935311813a474cbabf6adb9b61a8fddcaa","bytes":375611}}
{"source":{"wave":961,"partition":0,"offset":961,"checksum":"dc8fa80619dc31b646e7a04726608e43a10d26ca1a6161f1de4ce34b1c97a914","bytes":375611}}
{"source":{"wave":962,"partition":0,"offset":962,"checksum":"c0c86c6534083a55e7c442ca3dfa5c7ff8e74e69485f11c276cdd689885420e7","bytes":375611}}
{"source":{"wave":963,"partition":0,"offset":963,"checksum":"f483ba000149adee2c67c3bfaf339638b0a979a9179ee62fb2b2844b7ffafaf4","bytes":375611}}
{"source":{"wave":964,"partition":0,"offset":964,"checksum":"01fb935444cd677f14c67a94d5852aaf4321eb9b95afd94fc76d76b45d14ec3b","bytes":375611}}
{"source":{"wave":965,"partition":0,"offset":965,"checksum":"2fd84ad893fb1d18054aa51bc4907f8a4bb4d3888ccb0d4b64d04d92c66a6357","bytes":375611}}
{"source":{"wave":966,"partition":0,"offset":966,"checksum":"ddadb67d13d9d9eb7e8fc038f70d8482f64da04956a7015593e00445263986b8","bytes":375611}}
{"source":{"wave":967,"partition":0,"offset":967,"checksum":"511012e36a8fa8a63b00db4f23455f286e4186feedb7fe2fd7003d5dad4c362b","bytes":375611}}
{"source":{"wave":968,"partition":0,"offset":968,"checksum":"df365559f91bb20e797115bd04ebe3a2edafad51d251243aad2569fac6bc4b8e","bytes":375611}}
{"source":{"wave":969,"partition":0,"offset":969,"checksum":"d938bed38f87cafb6651a3f3c620c7dd6be84922bab214f6a2a86d748e7df425","bytes":375611}}
{"source":{"wave":970,"partition":0,"offset":970,"checksum":"49e0d968a557e3d6274944f3abfee49fa4d6755a0bb196923ebe31a7d61348f8","bytes":375611}}
{"source":{"wave":971,"partition":0,"offset":971,"checksum":"5acb6ddf31c1cde77161ace84c7bd43ae0d630249d0d4d6d6622ce3fbaef2230","bytes":375611}}
{"source":{"wave":972,"partition":0,"offset":972,"checksum":"1c36b962e46922b6688adac4ef5030bd4dc2ba16f81de0f60b2dc239baf6e963","bytes":375611}}
{"source":{"wave":973,"partition":0,"offset":973,"checksum":"cc1570e7657bb0b31e00d584ddfd1f52a6e29b613548ea46a32132149d2adafd","bytes":375611}}
{"source":{"wave":974,"partition":0,"offset":974,"checksum":"1ff68aaccb091f09059d5163f97b28e042199e1299ebb222673bf6c63e1d67a1","bytes":375611}}
{"source":{"wave":975,"partition":0,"offset":975,"checksum":"e5a746cc4504d11537ea4b76d1ce0708d519188109818474bc96b8e6d179fa92","bytes":375611}}
{"source":{"wave":976,"partition":0,"offset":976,"checksum":"bf4aa58e35bda6931c94b7aa9a9719a1afd916019d88961a8d53f766ef6ad86a","bytes":375611}}
{"source":{"wave":977,"partition":0,"offset":977,"checksum":"d20245bec76525873694ba58cf886a4c3ef453663230c42a13ce46c8d312098e","bytes":375611}}
{"source":{"wave":978,"partition":0,"offset":978,"checksum":"28c3151937c97762f4095f64d221afde4edbe0d846ea3898f0e7424f96159f06","bytes":375611}}
{"source":{"wave":979,"partition":0,"offset":979,"checksum":"664a1d1c2621cbad061fd6acff4c54a9d73fd8dc10a1da760eda3ca42ce7eabf","bytes":375611}}
{"source":{"wave":980,"partition":0,"offset":980,"checksum":"f6c0e0c53c144e3555af7ccbbca024bcd03c3d5022e48d8f24ff203c9e6f37f0","bytes":375611}}
{"source":{"wave":981,"partition":0,"offset":981,"checksum":"ddcc62dd3e06df265cb7647b4b649b03b5b6bbc77a3b98abdf2370221f26c941","bytes":375611}}
{"source":{"wave":982,"partition":0,"offset":982,"checksum":"dea556e369764f27b304ff84dd8d0f13de06aa0657cc19cd6eaf26d36120c6b8","bytes":375611}}
{"source":{"wave":983,"partition":0,"offset":983,"checksum":"7fb11f9f79ac91e19a94964806886ba9b577fb98b13fc30b5c93f0e456698553","bytes":375611}}
{"source":{"wave":984,"partition":0,"offset":984,"checksum":"73d16e10a52168e48d15be390185c9f79110bb9492a41d8e2a02c0753f2c5670","bytes":375611}}
{"source":{"wave":985,"partition":0,"offset":985,"checksum":"2593bdda0a674a952a0d8b0b4cd8f63528f0320e0123bc393c168fa8700e2354","bytes":375611}}
{"source":{"wave":986,"partition":0,"offset":986,"checksum":"b4e7483d8f19d1e4fedac7345449ddf4bb736306e89bca831a20562f33d0dfd6","bytes":375611}}
{"source":{"wave":987,"partition":0,"offset":987,"checksum":"af6b348c835018395669b9e2fe730d9036d1b6e8288dcdb5bc0f1a6f5c24ee32","bytes":375611}}
{"source":{"wave":988,"partition":0,"offset":988,"checksum":"c7caf8c7db0a2c70721832e54885f0b3838466f0290dcb4ea8b4c51537c63f8c","bytes":375611}}
{"source":{"wave":989,"partition":0,"offset":989,"checksum":"3464f8adcddfbfff2368647eb7fd92cfdbea3ccf3a244a6e73ee4bc9b2c64f7c","bytes":375611}}
{"source":{"wave":990,"partition":0,"offset":990,"checksum":"200388f1472b5011dbd413bc1658bf7084a9412efc25c119c4b04872b441498b","bytes":375611}}
{"source":{"wave":991,"partition":0,"offset":991,"checksum":"658b88fc8bd0352239addd2bb109b918e7cb37cf28d242eee2aa13ee97a7d68a","bytes":375611}}
{"source":{"wave":992,"partition":0,"offset":992,"checksum":"5a30415f2654c20316958b1e73ce992d6ff993b2ff65766cc940458355026bb9","bytes":375611}}
{"source":{"wave":993,"partition":0,"offset":993,"checksum":"755e89345f1f6160d5c9aa8a4d09a4ba69b90d3f33f843f4862d8f70a18d5be1","bytes":375611}}
{"source":{"wave":994,"partition":0,"offset":994,"checksum":"e2a6b476cc2362577c26768e49df92334bed08224265c36b34f64547f873a2cf","bytes":375611}}
{"source":{"wave":995,"partition":0,"offset":995,"checksum":"ed8370e9f0c2d6ca69b724344a8f0b6995f1ef57f0f618d8731dc5e7042144a0","bytes":375611}}
{"source":{"wave":996,"partition":0,"offset":996,"checksum":"046fb10aa03f67c8a996419326316a39ebf47e2c7683201e62b1ad4f9326d98c","bytes":375611}}
{"source":{"wave":997,"partition":0,"offset":997,"checksum":"904d9be5afd36d3b18049e627802fde3a5a5cd3196e241410d08dd9cc6377756","bytes":375611}}
{"source":{"wave":998,"partition":0,"offset":998,"checksum":"812ee7535bdd013e2d0df6aea3ff8dd684930513a14826cecf98dff9d9789a0d","bytes":375611}}
{"source":{"wave":999,"partition":0,"offset":999,"checksum":"d9f063e610d7a2be3218d5c3997d3a16a0d6201e3e0d7a3ebfc2be1a6391c386","bytes":375611}}
{"startedEpochMs":1790818217188,"paceWavesPerSecond":0,"waves":1000,"trades":100000,"bytes":375157676,"elapsedMs":10168}
SLF4J(W): No SLF4J providers were found.
SLF4J(W): Defaulting to no-operation (NOP) logger implementation
SLF4J(W): See https://www.slf4j.org/codes.html#noProviders for further details.

{"mode":"measure","prefix":"p2-cap-64c101a6-hot","args":[100000,120000],"code":0}
OBSERVER_READY
{"window":{"elapsedMs":5096,"records":9416,"rate":1847.625208242259}}
{"window":{"elapsedMs":10119,"records":66610,"rate":11386.847508243638}}
{"result":{"startedEpochMs":1790818227943,"expected":100000,"records":100000,"unique":100000,"duplicates":0,"identityChecks":true,"outputBytes":209455000,"elapsedMs":13399,"activeMs":9399,"durableRate":10638.42047787294,"pass":true,"windows":[{"elapsedMs":5096,"records":9416,"rate":1847.625208242259},{"elapsedMs":10119,"records":66610,"rate":11386.847508243638}]}}
SLF4J(W): No SLF4J providers were found.
SLF4J(W): Defaulting to no-operation (NOP) logger implementation
SLF4J(W): See https://www.slf4j.org/codes.html#noProviders for further details.

{"mode":"paired-oracle","prefix":"p2-cap-64c101a6-hot","args":[100000],"code":0}
{"result":{"sourceTopicId":"XeP3eNYMTSqJepB-pBI2Ng","partitionSha256":{"0":"04e418a23bb0bfdb892f1dbe655b7682d67347bacc41cbb20c27b8bf5ec6a08d"},"records":100000,"expected":100000,"fullFactParity":true,"orderedUnique":true,"pass":true}}
SLF4J(W): No SLF4J providers were found.
SLF4J(W): Defaulting to no-operation (NOP) logger implementation
SLF4J(W): See https://www.slf4j.org/codes.html#noProviders for further details.

