{"mode":"init","prefix":"p2-cap-906dcd15-hot","args":[],"code":0}
SLF4J(W): No SLF4J providers were found.
SLF4J(W): Defaulting to no-operation (NOP) logger implementation
SLF4J(W): See https://www.slf4j.org/codes.html#noProviders for further details.

{"mode":"paired-seed","prefix":"p2-cap-906dcd15-hot","args":[1000,"hot"],"code":0}
{"source":{"wave":0,"partition":0,"offset":0,"checksum":"ebdba6fb6135485ed33b8325a4c7f5034584d08af8fe2099dce987afea7870ef","bytes":368693}}
{"source":{"wave":1,"partition":0,"offset":1,"checksum":"8f540b3a11bccca9682752b110950c27d87cf84430a0044bb8b03a1dff8ba84e","bytes":368803}}
{"source":{"wave":2,"partition":0,"offset":2,"checksum":"65d999ddbda78aafc8f9bfd3a63b83b0b652523df3d3bb98d759c0c96552ff0c","bytes":368803}}
{"source":{"wave":3,"partition":0,"offset":3,"checksum":"5bbabac0dd28d69f918b19d141b3b2c2272996f2f0efd37ee68e754801574b3e","bytes":368803}}
{"source":{"wave":4,"partition":0,"offset":4,"checksum":"bdedcb6c2aa70ca992e1c65a0aa096f05c987872f5c111f5046d3a854bf98f7d","bytes":368805}}
{"source":{"wave":5,"partition":0,"offset":5,"checksum":"9866d5cef689cb5a9b351da5d09468bbe147617e2d3f568ecca6f202bb8f4732","bytes":369005}}
{"source":{"wave":6,"partition":0,"offset":6,"checksum":"c30088893f24ba15a5e7febfd0a4f2be0cb41526265b91d4a467ce5dd87faedd","bytes":369005}}
{"source":{"wave":7,"partition":0,"offset":7,"checksum":"5d96cdc98bb6e9e55dbe0b0f68181c11df47cd0325ff44d7239398f515d3aa38","bytes":369005}}
{"source":{"wave":8,"partition":0,"offset":8,"checksum":"7aeb3780dec78e690ce6dbc30a5d0a587e8d672fb91f8ef75bb77ed29b4ab8c5","bytes":369005}}
{"source":{"wave":9,"partition":0,"offset":9,"checksum":"d4113069e1b1c98c4b215bd3efc02d96085c9d8c5776b697412fd03aacecad6f","bytes":369005}}
{"source":{"wave":10,"partition":0,"offset":10,"checksum":"968dc2a6c19a15eb1a421fe6686109184dd05790144f4e7fcacea598b697ba62","bytes":372106}}
{"source":{"wave":11,"partition":0,"offset":11,"checksum":"5e7fb8e49dd21d69439c3861c7f790f57f00ff2b608a0d864262bdbc9d8f5511","bytes":372106}}
{"source":{"wave":12,"partition":0,"offset":12,"checksum":"f8a6fda5bfd23de87eb63c6b57045ce6efe83c1ab4c61c404de496ae6a577c76","bytes":372106}}
{"source":{"wave":13,"partition":0,"offset":13,"checksum":"a9c5f01a1eeb4fc170c65694dc0381c8aee8eca19b9c6b60792d8dc0d1705091","bytes":372106}}
{"source":{"wave":14,"partition":0,"offset":14,"checksum":"cc7befbc8d74b80a2da12f00305c9776e648bf730dcd6ddbdd84e721ccec2fce","bytes":372106}}
{"source":{"wave":15,"partition":0,"offset":15,"checksum":"c3175753c8b2454d9774c3155eba8fa32ae128bbf9fd9c279a6e4ffe93ee4f5f","bytes":372106}}
{"source":{"wave":16,"partition":0,"offset":16,"checksum":"bc28b65a11aae1c8748342e3db963ae43a5e8728cc6f7e0249bc7250a7562e10","bytes":372106}}
{"source":{"wave":17,"partition":0,"offset":17,"checksum":"1d0546ba4e05fecba6f2e36df6f6b031a05113ed6a66a782855d808e36900cb6","bytes":372106}}
{"source":{"wave":18,"partition":0,"offset":18,"checksum":"2a66899ed657b156169452a1150732e7a439f40bba8da1ab72638c49ceb0066f","bytes":372106}}
{"source":{"wave":19,"partition":0,"offset":19,"checksum":"9ab827f2c2c1be8e3c77ad63819ea1f22128ee56b8e7d86ec577787f0e27e56f","bytes":372106}}
{"source":{"wave":20,"partition":0,"offset":20,"checksum":"28bd914c97114152a25278ef586f1f826510b36618cbaeaea9e63d326c34278e","bytes":372106}}
{"source":{"wave":21,"partition":0,"offset":21,"checksum":"1bd0b2d5355dbdfd90aad01fed82c8d82463f4d46a37389f065d527ef511a2b2","bytes":372106}}
{"source":{"wave":22,"partition":0,"offset":22,"checksum":"0bee6a0dd91751f93f4023b87b394afc840c772543d9658a2447be76d4cae0cf","bytes":372106}}
{"source":{"wave":23,"partition":0,"offset":23,"checksum":"e886653ff216265b45ea94df0e5c3000294f19817181aa679c310faba0bb4da7","bytes":372106}}
{"source":{"wave":24,"partition":0,"offset":24,"checksum":"5722c54ea16d84dce1147d48fc99dc9c2a35643f5cd773c818761224ebd016b6","bytes":372106}}
{"source":{"wave":25,"partition":0,"offset":25,"checksum":"5e57e946f174bcf156d6963cff23496e43c1dbad840928433658c97276af8a90","bytes":372106}}
{"source":{"wave":26,"partition":0,"offset":26,"checksum":"c7998bbdd8e6fc5f5fccd86ff44ee53f7099177a21f344887c180fcf5bbbd294","bytes":372106}}
{"source":{"wave":27,"partition":0,"offset":27,"checksum":"56a7d9c16e96ac14ecc9ab18f4aabc3547aa710efaf1a97bdf047ccefe2b1863","bytes":372106}}
{"source":{"wave":28,"partition":0,"offset":28,"checksum":"a915eb450c627aa2c331aa018d0b262ab9eed74ca06bc2304b8ed0c019738537","bytes":372106}}
{"source":{"wave":29,"partition":0,"offset":29,"checksum":"4c4b96734dff34abf1a69b343e0dc9407cf1e49e0bb8380cacf5044843c4ff74","bytes":372106}}
{"source":{"wave":30,"partition":0,"offset":30,"checksum":"d6909a0d5620c77802a08cc3656c530af98cec0bb242dedb52e9b5d4b931e2b9","bytes":372106}}
{"source":{"wave":31,"partition":0,"offset":31,"checksum":"dfba456de3cbc534c79751146b298f0d81a495769d6f76417c410ccbca59faf4","bytes":372106}}
{"source":{"wave":32,"partition":0,"offset":32,"checksum":"dcd9164b257f19c3729df7510fbabd42f679eb71422ee31fb05f49a5b90eef80","bytes":372106}}
{"source":{"wave":33,"partition":0,"offset":33,"checksum":"db674e6ef9140cb8e8e4476aa4f1662af4d43e3361a5953aeb53de34b78a10e5","bytes":372106}}
{"source":{"wave":34,"partition":0,"offset":34,"checksum":"fd6ab1d4e16a8db14602b9c090f5fd96efad2591c0fd0e6910fcaf9743b496b9","bytes":372106}}
{"source":{"wave":35,"partition":0,"offset":35,"checksum":"6edf41d2dd4b241c211413c2b97e87f315bf69ce72d1516b06d732e71bdbe369","bytes":372106}}
{"source":{"wave":36,"partition":0,"offset":36,"checksum":"b0bc29148567d5f2f547f6ee6dc1ece58b7dd2f2af9ecd38dc91464c32b98550","bytes":372106}}
{"source":{"wave":37,"partition":0,"offset":37,"checksum":"9f79d93899e3c1f303143bd6fe6dc78c3fc5553d30bbf765d91d11d6f5f90805","bytes":372106}}
{"source":{"wave":38,"partition":0,"offset":38,"checksum":"67297417296cc0729cf73515696fe2907b4b517a30b17dcc1349e491f88202fb","bytes":372106}}
{"source":{"wave":39,"partition":0,"offset":39,"checksum":"2dc04c20b6502a39d9b34328078853a3a11403320c14e7f17a0838263097c720","bytes":372106}}
{"source":{"wave":40,"partition":0,"offset":40,"checksum":"c7ff57b4a313b6fc4a7cb502a49dc24dcb4d1c0328934fc05a84d76d308f41b1","bytes":372106}}
{"source":{"wave":41,"partition":0,"offset":41,"checksum":"437a449445a1a89e6bfb5c4ab818f498f8cd7162e8adbe46cd5cdb80e1be9f23","bytes":372106}}
{"source":{"wave":42,"partition":0,"offset":42,"checksum":"af8ed8069f6934485a2ae113aabd6390cd8d5793dc07ed52c92bdf722e3e94fc","bytes":372106}}
{"source":{"wave":43,"partition":0,"offset":43,"checksum":"9dcdf517cc9b0bc063f94bfd17d50351ee4dcb88ba744ff7911b0880ec846b92","bytes":372106}}
{"source":{"wave":44,"partition":0,"offset":44,"checksum":"19af1dc4a1f75752223aa4c7643aa72dfe4f6f541ef1bafaae65026f384fa538","bytes":372106}}
{"source":{"wave":45,"partition":0,"offset":45,"checksum":"d95d1bdbd583104c230823de7997ce8ea8c1b9e1507b8e60ffa4e08d04e3cc78","bytes":372106}}
{"source":{"wave":46,"partition":0,"offset":46,"checksum":"f280f394e7878d6d250f71e967cc5d6bdbfcdca24361b023340c23f6cd8e2270","bytes":372106}}
{"source":{"wave":47,"partition":0,"offset":47,"checksum":"7faf189ab92d7c353e029dbc3d835563767515b55076c68fd7a57465247afe62","bytes":372106}}
{"source":{"wave":48,"partition":0,"offset":48,"checksum":"a56327742808fe5cf560ba421cf0468cf049ced89ee9df2ccb31e8522b7d8322","bytes":372106}}
{"source":{"wave":49,"partition":0,"offset":49,"checksum":"f516eefb7e62339b46307d8c883d4a98cf146996e8ec45fa7552bdf68a232bc0","bytes":372108}}
{"source":{"wave":50,"partition":0,"offset":50,"checksum":"d0a419d9520de3c18f5592b7eb3872e3c10dc9c7876f4d0449a49470b7c5ea1c","bytes":372308}}
{"source":{"wave":51,"partition":0,"offset":51,"checksum":"3f6e2948efb3e3689e4f80a0dede8d40864be70182672987e5b081f782d7a680","bytes":372308}}
{"source":{"wave":52,"partition":0,"offset":52,"checksum":"364457a3eeee663ab6f67cb474307c60b4b8dd8673099bc2c3978d226754f05f","bytes":372308}}
{"source":{"wave":53,"partition":0,"offset":53,"checksum":"332ab3f6fb5d5cc75a69065ad74d2784f21dbccc1005d99f5a0dcbdaa4133052","bytes":372308}}
{"source":{"wave":54,"partition":0,"offset":54,"checksum":"4c6cb3484b21450b82c5568084441fb8b7b76a4d77e0a72d615ccf3f1a2d74d3","bytes":372308}}
{"source":{"wave":55,"partition":0,"offset":55,"checksum":"4a86e970922124c5d2962a3d7c0503d15a5e1ff7bc7a18b68dbb555c52bcb85e","bytes":372308}}
{"source":{"wave":56,"partition":0,"offset":56,"checksum":"64a725269f31742d453c0039b21df087d6e1e9b8b32ffb13c3db665105cb6fab","bytes":372308}}
{"source":{"wave":57,"partition":0,"offset":57,"checksum":"89debf2879be08e0077a3c45f713c30ee66f56d5f1f13ba7352b9679c45e37d3","bytes":372308}}
{"source":{"wave":58,"partition":0,"offset":58,"checksum":"e1b83111ca8caa60e41500c64fc26edb75ca6d29a0e900e7cee2257e29a7d60f","bytes":372308}}
{"source":{"wave":59,"partition":0,"offset":59,"checksum":"4a40724879bc1758da421d343a5caa87422c98ecd3c21595f49ff3ab85dec6a5","bytes":372308}}
{"source":{"wave":60,"partition":0,"offset":60,"checksum":"5f5e8ebf088e0bd1e84029014767f66a74113e6498fbe4f234a92ce10919157a","bytes":372308}}
{"source":{"wave":61,"partition":0,"offset":61,"checksum":"18c2d4e585ddd55448aefa17c24a2dc6f71c8b89e7a1e0dae9799b3449897518","bytes":372308}}
{"source":{"wave":62,"partition":0,"offset":62,"checksum":"f41a98fdcf84923c371d2f37872aee1a254fb900c44f7a09a5c46bde01280113","bytes":372308}}
{"source":{"wave":63,"partition":0,"offset":63,"checksum":"a9a45fdb019e0440a0ac482e98e7086c96664a55f8f53ef2609df6074cc8682b","bytes":372308}}
{"source":{"wave":64,"partition":0,"offset":64,"checksum":"967579c259a2984bfde18835c51f0c1a39b2099b6d061bc706d79374cec35293","bytes":372308}}
{"source":{"wave":65,"partition":0,"offset":65,"checksum":"97c839703ffc0f236bce8b5da1136648e724bf38e40b9f8b20ecb2ee5188b6a8","bytes":372308}}
{"source":{"wave":66,"partition":0,"offset":66,"checksum":"ad6aa50b61ae55f98f0acb95893f48131a7d0e357183d3617ad6aa44a5b57258","bytes":372308}}
{"source":{"wave":67,"partition":0,"offset":67,"checksum":"68d87808b8cb2ae034219c245a9deed44ba2e3b40fd9703d9871852d39b36579","bytes":372308}}
{"source":{"wave":68,"partition":0,"offset":68,"checksum":"b861ac4fa6e748d567465a75b681c67668bcffad5bc555f9e1949ca7cf9878c8","bytes":372308}}
{"source":{"wave":69,"partition":0,"offset":69,"checksum":"2aeb03f75b61e4f5fb65bab0f9a53832a8ac5ff8f06d12f8f8c269370279c3eb","bytes":372308}}
{"source":{"wave":70,"partition":0,"offset":70,"checksum":"de6bc1663bee0ae246063601737ab91194de391dff904fcf78dc4e8ebf7345eb","bytes":372308}}
{"source":{"wave":71,"partition":0,"offset":71,"checksum":"e66220bf8ec6f2c87162bdf8b23612984539d527807887ae0a7d7dd2fbc57a1e","bytes":372308}}
{"source":{"wave":72,"partition":0,"offset":72,"checksum":"d1f4808fb695e8a6f14fd197cc30bba1d42294a79660d1693f749195386045e6","bytes":372308}}
{"source":{"wave":73,"partition":0,"offset":73,"checksum":"157c01f7ada5548da80ee72ff7ebdf917c0c602d2e137c35055eb785b15d317d","bytes":372308}}
{"source":{"wave":74,"partition":0,"offset":74,"checksum":"e131f4ac54ccefa6bc904be5ece8d3451295df6be8d4f4a0129343091454b197","bytes":372308}}
{"source":{"wave":75,"partition":0,"offset":75,"checksum":"44e630df223ab64fb4815a44ce58dac389c9aeb06d451623cb831b9ab6b75216","bytes":372308}}
{"source":{"wave":76,"partition":0,"offset":76,"checksum":"cb12c02fece13689932df3ba39f81b423f8030ed9515c52e465edf765c47796f","bytes":372308}}
{"source":{"wave":77,"partition":0,"offset":77,"checksum":"ca29b27e77c04ec188b8df3e7511ad20687163f8fb8a8a1c4ae289bd609e104f","bytes":372308}}
{"source":{"wave":78,"partition":0,"offset":78,"checksum":"86c616a78c8838ac14c87a0e15e8fb990ba236a5d3957875dfd03beb073b08ca","bytes":372308}}
{"source":{"wave":79,"partition":0,"offset":79,"checksum":"d7e1b02fcc678a27b3577fc0eaea1c75556fd84736ee9f381c398db02e1b6252","bytes":372308}}
{"source":{"wave":80,"partition":0,"offset":80,"checksum":"40e9f6c2e956bccdca812a2a6e86b748e318f417eb07ee6d734040a28943ad44","bytes":372308}}
{"source":{"wave":81,"partition":0,"offset":81,"checksum":"b80505f012c0e17e3431243e7b5644449eccd01f0c8d4302bc4b6dfe6fb21b2a","bytes":372308}}
{"source":{"wave":82,"partition":0,"offset":82,"checksum":"d31268882ea1fdca5a1fb5a82f7def41b14b39f6b1fbdd9a43a875356b099bb0","bytes":372308}}
{"source":{"wave":83,"partition":0,"offset":83,"checksum":"ae826c9f1452eca3cfa5b17676ff8f6c2e68591c93c3a75af6f9689d2dbe2262","bytes":372308}}
{"source":{"wave":84,"partition":0,"offset":84,"checksum":"a3135c1e7fb1a959f735edd9312b27905fb927437503be049f41c99c11228112","bytes":372308}}
{"source":{"wave":85,"partition":0,"offset":85,"checksum":"361c00b0a04d1aa6abc0fd027c7e88d180f64545ee8065084674a13232ee007a","bytes":372308}}
{"source":{"wave":86,"partition":0,"offset":86,"checksum":"e2b0dfe5eb14757046f073c86ae0f2e2c28f6a6e6916929f63080d0ed3ea3be1","bytes":372308}}
{"source":{"wave":87,"partition":0,"offset":87,"checksum":"ef7cf3fef7fdf8905497fc8d0895ac1e22ce6dd4f78c3c3e89537030f21a5465","bytes":372308}}
{"source":{"wave":88,"partition":0,"offset":88,"checksum":"8ee72a992435f0857cf5a78ffe9f2d93b78db9d3f2cba62bebb439e73c5f3f78","bytes":372308}}
{"source":{"wave":89,"partition":0,"offset":89,"checksum":"3f34baecf5382de2613e45f0ec36e5be06704ed6a4be3600933b42a1178fd06f","bytes":372308}}
{"source":{"wave":90,"partition":0,"offset":90,"checksum":"15ab6b3785e503472861fe167e5c8fad1429f20c595ffdb66f3de8e5cb7acb76","bytes":372308}}
{"source":{"wave":91,"partition":0,"offset":91,"checksum":"6bc46da1d6e7ad8ab6f96679b61dee72a177bc4a7581d6833db9313a623d6837","bytes":372308}}
{"source":{"wave":92,"partition":0,"offset":92,"checksum":"91c96f9bbafc5bdca1b03237ff18237683f6dc90daf756711c079515733dda33","bytes":372308}}
{"source":{"wave":93,"partition":0,"offset":93,"checksum":"8f9fc355d7a482194248a56e99311d8e89ecdfffac7efbd4a25834439dcff18c","bytes":372308}}
{"source":{"wave":94,"partition":0,"offset":94,"checksum":"ee9774419f3a1e6294a2a3e1a08068c63d891ddeead64dd16399cbf8466b5db2","bytes":372308}}
{"source":{"wave":95,"partition":0,"offset":95,"checksum":"9245daf68e4fb09c6056b670cedbd0c65286a65ff2122eed14ae0c6195690d3e","bytes":372308}}
{"source":{"wave":96,"partition":0,"offset":96,"checksum":"cf7241dd9ca591c19b97f6ba3235dedc9210f08b85612fee7f42564d7edd3ae3","bytes":372308}}
{"source":{"wave":97,"partition":0,"offset":97,"checksum":"5c578b24221f4a549927e8842ebf3aef5efbc7ce2a0b18543b5c5fc7d6b3664c","bytes":372308}}
{"source":{"wave":98,"partition":0,"offset":98,"checksum":"7e9a13f41d396f402ad10069ad76772f5b576d00ece5219b26ff44422e60d141","bytes":372308}}
{"source":{"wave":99,"partition":0,"offset":99,"checksum":"bef3fde3b2ce18167fdab0f1dff3b483e9421ae5f4e39aa7a78b21a541a804a2","bytes":372308}}
{"source":{"wave":100,"partition":0,"offset":100,"checksum":"bf52ddcadcd78e9a9a80bfc3ea142b6db661560c2837fc4a61265da4e7c08ff1","bytes":375409}}
{"source":{"wave":101,"partition":0,"offset":101,"checksum":"ded66cdc498a015d769fd2ef7462159f73c976244b9235ced4a3cf0086198884","bytes":375409}}
{"source":{"wave":102,"partition":0,"offset":102,"checksum":"55d720974f2eca76d2276541e25b1b1e77a464c68eb7af43219b16536a249393","bytes":375409}}
{"source":{"wave":103,"partition":0,"offset":103,"checksum":"e590fff21b8e5131dc3eb6d4314e83f457ab981e7e7bc7f88b5ad10f5b1862b4","bytes":375409}}
{"source":{"wave":104,"partition":0,"offset":104,"checksum":"949e1ee86d772c6edcabbb24f186c6efb2fa5a6f10f806e33ef5bbca388840c3","bytes":375409}}
{"source":{"wave":105,"partition":0,"offset":105,"checksum":"c770ed68a686f31ddf431de6f6ba3df94609859299fcca68fa4add74221d930e","bytes":375409}}
{"source":{"wave":106,"partition":0,"offset":106,"checksum":"4dfa92b3105e784113d4dd5f1679311a8db6857b011daf89690f080976fbe2db","bytes":375409}}
{"source":{"wave":107,"partition":0,"offset":107,"checksum":"fc58adff360ff0cae06c584ca9b7245a20f8e8f9a24b5dde5c394740e89f8c64","bytes":375409}}
{"source":{"wave":108,"partition":0,"offset":108,"checksum":"04c0ea7db7dccaa4f7e338adcc22f78dfbd4408f7ecd11dabe6f885448503ba3","bytes":375409}}
{"source":{"wave":109,"partition":0,"offset":109,"checksum":"2648d4682cb38dbdbd8482283f0476f3315d3ce7ece0029661c1583ed180e229","bytes":375409}}
{"source":{"wave":110,"partition":0,"offset":110,"checksum":"45d64a91a832171c5b12fd2f37a00a74b6cae9d87f32c74f8a26fb51e9a1f926","bytes":375409}}
{"source":{"wave":111,"partition":0,"offset":111,"checksum":"51707a03c41770cf688a116659a8709bed13e30bdd14de6f2bb58e7c7d4c50ee","bytes":375409}}
{"source":{"wave":112,"partition":0,"offset":112,"checksum":"7744e34ba1037c9ce64e663881cd881d4165b445ff86315ab683abc753ca3758","bytes":375409}}
{"source":{"wave":113,"partition":0,"offset":113,"checksum":"480f06037c42408a9a958b9051e683c43fdb27ca1556f29c31c29c81fe81801c","bytes":375409}}
{"source":{"wave":114,"partition":0,"offset":114,"checksum":"b88be8316fa63154b55386046ef82451f6f237b42a14bc8af86db47da92c2cc8","bytes":375409}}
{"source":{"wave":115,"partition":0,"offset":115,"checksum":"b1aacee229d3b40ec730131cd9f1b43d5bb0b9c7be209053586cb6a5bb85438d","bytes":375409}}
{"source":{"wave":116,"partition":0,"offset":116,"checksum":"cfee917fdfdf93836bbec3a72b0ae4502906ac0bcf7750e5e4fc6a2a24067f23","bytes":375409}}
{"source":{"wave":117,"partition":0,"offset":117,"checksum":"b586f2312bd5853c93db56e74e2fe4f964d9e6e20e33677dc48c12bac4f3e8ab","bytes":375409}}
{"source":{"wave":118,"partition":0,"offset":118,"checksum":"595f8d1d23f438e19e3750e9ecbccb0e4f8c0b194cd9ceb28b4f9ff7a4299a32","bytes":375409}}
{"source":{"wave":119,"partition":0,"offset":119,"checksum":"9dcfed616394175664fa4d74983ad7079fbb8a3ba2238fdbe427abe3ad8f0bb7","bytes":375409}}
{"source":{"wave":120,"partition":0,"offset":120,"checksum":"5b0d8bab7f44d0de208659b60ea2a281bac221684615510f753b65fa95ef1b2d","bytes":375409}}
{"source":{"wave":121,"partition":0,"offset":121,"checksum":"7f3d584e9cef44a8577a9e7cee8cb96b754cc5bca3664ad5b1bebf8850d79283","bytes":375409}}
{"source":{"wave":122,"partition":0,"offset":122,"checksum":"041b2f263c49060e79893be8d3bd9089fa7a87e49ee7207e9e245e5ce9eb3552","bytes":375409}}
{"source":{"wave":123,"partition":0,"offset":123,"checksum":"39ea8996a05d745845d296df1454658970ba45733ffa5cd1ae20778c19e24d31","bytes":375409}}
{"source":{"wave":124,"partition":0,"offset":124,"checksum":"b365acbfb4ce1c28cd4fc4ce005879e0351f66b49d7907016d703150418fb0d2","bytes":375409}}
{"source":{"wave":125,"partition":0,"offset":125,"checksum":"658b440fd6ab0621d822f06352e2fe9b18274ddd3639b06bf71a0258658deacc","bytes":375409}}
{"source":{"wave":126,"partition":0,"offset":126,"checksum":"0a520ad9dcf6182d7fde4b0e85ac9f7cf44223c7a2c00f25e0344405b1643b24","bytes":375409}}
{"source":{"wave":127,"partition":0,"offset":127,"checksum":"f8bb684f31fbb46c1ad2f6ae9de5eb1ecf318d6eea37866324917dedaa150128","bytes":375409}}
{"source":{"wave":128,"partition":0,"offset":128,"checksum":"f10f7d32b5d8bcd9360f77827b9481a2669c9781e9d4448878c936a266e4c7fe","bytes":375409}}
{"source":{"wave":129,"partition":0,"offset":129,"checksum":"312987d9b0f6079bd002cd411172ededee4fddd3de8b01e1b77d22311146b97e","bytes":375409}}
{"source":{"wave":130,"partition":0,"offset":130,"checksum":"b5470fd2d29c95ea6f13ad206a02f57a2a541da0f1e2aec847584261254baae1","bytes":375409}}
{"source":{"wave":131,"partition":0,"offset":131,"checksum":"dc4194d3550f88033bbe24f86c17c4f2873463131ba72812ee10f11670e9d330","bytes":375409}}
{"source":{"wave":132,"partition":0,"offset":132,"checksum":"58dd79f2e7858cd863f3d8728a81f0cbe00308fd79abca40e9f7bdbcb77e9084","bytes":375409}}
{"source":{"wave":133,"partition":0,"offset":133,"checksum":"cfcf7b14957a80a28d906eba07b441393b01194b684284f1e7e87c8f6b30b36a","bytes":375409}}
{"source":{"wave":134,"partition":0,"offset":134,"checksum":"1dfaa0662ff250423e55370028d9e7ab7816cefc2c6900163952085d61bc9fd5","bytes":375409}}
{"source":{"wave":135,"partition":0,"offset":135,"checksum":"e7ebfb7938377484d139787f698d1efac73e3b7859550850e7356b18e84c0e6d","bytes":375409}}
{"source":{"wave":136,"partition":0,"offset":136,"checksum":"47248dcf4a8bcd869ee57c3bedb0cd52c353d0818168812d9f2798dbb35e1d37","bytes":375409}}
{"source":{"wave":137,"partition":0,"offset":137,"checksum":"966521d93677a75daa4fbd313d338122fe29b4d987a5ea8e731bc46a5c6a0f41","bytes":375409}}
{"source":{"wave":138,"partition":0,"offset":138,"checksum":"84b8b95635d020b97a3f4b657eec19c9cd532982c910442549dc57d6db09174a","bytes":375409}}
{"source":{"wave":139,"partition":0,"offset":139,"checksum":"4bededea2ede3fead526df595d6f2b8bd11ceefe2c5d46b41603f6dc4de3233c","bytes":375409}}
{"source":{"wave":140,"partition":0,"offset":140,"checksum":"9b210d692e10026a11517259371eb5ee5d9cfb598bd98733fa2cf266c0399313","bytes":375409}}
{"source":{"wave":141,"partition":0,"offset":141,"checksum":"c0ed4a5fc7c1c1564f7bc2303055a0aecf706e43ddcd08bfbb67874bf5da874a","bytes":375409}}
{"source":{"wave":142,"partition":0,"offset":142,"checksum":"a36f8d98081a0ac69a13de5c96575a41c1fc359a66fede07951a57222e6953ca","bytes":375409}}
{"source":{"wave":143,"partition":0,"offset":143,"checksum":"fb52770106774a52df421ef6810a2af9fc1b4572c203188dc8fe745fe200d1f4","bytes":375409}}
{"source":{"wave":144,"partition":0,"offset":144,"checksum":"a89210c27ec88b00110787014758caf187a89fabb2e232e6395bae50ac9a70dc","bytes":375409}}
{"source":{"wave":145,"partition":0,"offset":145,"checksum":"be8f936247841b236629e9f628658f5f462c12da15da60346905dc270be95a2c","bytes":375409}}
{"source":{"wave":146,"partition":0,"offset":146,"checksum":"4bd529b1762d1e7f7deb8c0949a9002cf8cbfaaf00676d7ab9d71cf6a7dbd97a","bytes":375409}}
{"source":{"wave":147,"partition":0,"offset":147,"checksum":"41172277aeb851d4610bd6c65328655b6aead250d85d5fd9eb35d329983bd83e","bytes":375409}}
{"source":{"wave":148,"partition":0,"offset":148,"checksum":"7e77dc7a4842074fc73cd97505ead3e0db11e0124c03441253162877b2f61eec","bytes":375409}}
{"source":{"wave":149,"partition":0,"offset":149,"checksum":"dc9d1b6500de7973af0688fcc8664e70776531489778c22844191df25dba6083","bytes":375409}}
{"source":{"wave":150,"partition":0,"offset":150,"checksum":"86a649971a810ada78e75d8d2a58e2d4ef51957f8532f7361ee205eef13bc247","bytes":375409}}
{"source":{"wave":151,"partition":0,"offset":151,"checksum":"6860630bdeddddd62c7be1f467f78e4ed12b2cd86534b439f0df642190263d5f","bytes":375409}}
{"source":{"wave":152,"partition":0,"offset":152,"checksum":"a2234ac80675dca3412283dc07357b9f22a772395b9ececcecadb3c6ef599cf0","bytes":375409}}
{"source":{"wave":153,"partition":0,"offset":153,"checksum":"bd191281f77cea33b0a1f794f1b72ff057965a135da896856dceb8a305eb197c","bytes":375409}}
{"source":{"wave":154,"partition":0,"offset":154,"checksum":"7e430619e862a0e8224dc82e8ec95b199a976984d29087d5cb5cd53eed78c1cb","bytes":375409}}
{"source":{"wave":155,"partition":0,"offset":155,"checksum":"95d2ebe5879c0a37231eefce0cf9e263d7352dabed9377a9dd3975da97aefb03","bytes":375409}}
{"source":{"wave":156,"partition":0,"offset":156,"checksum":"843fbd09eeab1a10201c0d18a8d0480c25efd7e12de4ae79a447ef01c0d73139","bytes":375409}}
{"source":{"wave":157,"partition":0,"offset":157,"checksum":"c5f06a263a4503dcfb1a4eb206ee3995a32f8f2b4b7ed143471a65f6466e1e38","bytes":375409}}
{"source":{"wave":158,"partition":0,"offset":158,"checksum":"e606f35f665dcf4d6006e22b5546347dfed33b2f4d17cdd6cb99910622ceb6a0","bytes":375409}}
{"source":{"wave":159,"partition":0,"offset":159,"checksum":"a37c5a5e6e3f7657072f151e13f33b3fe90b7cb651690195d4584706181a6a06","bytes":375409}}
{"source":{"wave":160,"partition":0,"offset":160,"checksum":"4493307a0a4b1041b4fd6b147670503c174599b874e74359a32e05e954b5a5cc","bytes":375409}}
{"source":{"wave":161,"partition":0,"offset":161,"checksum":"e7f7f14f919b50f32511993267200693194a1292f656d648158a13f14681c2e4","bytes":375409}}
{"source":{"wave":162,"partition":0,"offset":162,"checksum":"df3d4baa2232c26ceb8057b5bccbba3a427662498d27b694239d1e7161f5b324","bytes":375409}}
{"source":{"wave":163,"partition":0,"offset":163,"checksum":"e8c7e445db653818b621fb7a026889718293cab3581ef65f11711f057ffee8c3","bytes":375409}}
{"source":{"wave":164,"partition":0,"offset":164,"checksum":"3fe409acc9fe5a903a134fa7235b8789eed021fa26347d4f36f5412ce5bb71fc","bytes":375409}}
{"source":{"wave":165,"partition":0,"offset":165,"checksum":"8a6e1e6da925deacea4ed7c9b8d1269a90d76e44f3f2a46de55c53dfb21a24cb","bytes":375409}}
{"source":{"wave":166,"partition":0,"offset":166,"checksum":"0b5e810d8b77122e61575cd45da80483f6e35017a7897573bccfb80137914ef2","bytes":375409}}
{"source":{"wave":167,"partition":0,"offset":167,"checksum":"99243c103a40270ba95227ed3c91b88e4a66572072576887531c64978a0453f5","bytes":375409}}
{"source":{"wave":168,"partition":0,"offset":168,"checksum":"a087b9fbc276b32bbcd418330329ec0a95a4dc315b3354424c826b5e08fcb0ff","bytes":375409}}
{"source":{"wave":169,"partition":0,"offset":169,"checksum":"e826c1bd0dd09815ca15e14acae3edf65d3c14173d1c6fb09e2dac2057acad02","bytes":375409}}
{"source":{"wave":170,"partition":0,"offset":170,"checksum":"fa32d098d91572192a2665af41caa175ad9d63567cf9296186bbcb16c2d1d4e1","bytes":375409}}
{"source":{"wave":171,"partition":0,"offset":171,"checksum":"25fff61bbe109f0ced4e61a3df798e781e3682b58f10a45178d0ae08e41f7312","bytes":375409}}
{"source":{"wave":172,"partition":0,"offset":172,"checksum":"a81cad1a5046db530fc5f66d29baa1c10bb5f4b2fcbfe5c6da7648170e0982a5","bytes":375409}}
{"source":{"wave":173,"partition":0,"offset":173,"checksum":"055f00d23942717b04cc6ef0912abc5aa2cc8e363dfcbcf28945322ceeef4bc9","bytes":375409}}
{"source":{"wave":174,"partition":0,"offset":174,"checksum":"bd0e020769dbd4609b8786bedd1a2ccc26253615f00eef7d16bec0f6b025e879","bytes":375409}}
{"source":{"wave":175,"partition":0,"offset":175,"checksum":"0f4201e6ce81e068bad2ad1a745ed770c72fc3b7163f9d6638bbac0fb052174c","bytes":375409}}
{"source":{"wave":176,"partition":0,"offset":176,"checksum":"0989cf330dffa995b3f7af3b97e2ecd9ea42876cc7f5109549c7f26a3cd7d8e1","bytes":375409}}
{"source":{"wave":177,"partition":0,"offset":177,"checksum":"c2f3263e7af50bce66aa2549c79f7e48506f105d51bef9ca8c5662fabf332db0","bytes":375409}}
{"source":{"wave":178,"partition":0,"offset":178,"checksum":"1978b82c15c37f0bfb647dc4043067180b69d92e8e32557fa47e64037ef4648d","bytes":375409}}
{"source":{"wave":179,"partition":0,"offset":179,"checksum":"1735280aea8f724431859490a1a6c418289c1cddca1cd79cd1e87b95fee00011","bytes":375409}}
{"source":{"wave":180,"partition":0,"offset":180,"checksum":"c79d39f79e2af6b306b36f4ce11e20aa4066e938f5fe3a51fc82df301d4061db","bytes":375409}}
{"source":{"wave":181,"partition":0,"offset":181,"checksum":"e5a7a544c634023125a1c3dfadddab4fce78f3b28452ca08988960383b6dc1d8","bytes":375409}}
{"source":{"wave":182,"partition":0,"offset":182,"checksum":"211f7de1374ce7cd459a70c1a31aa04b41a7a26b43012cf91c2c5df86f71b201","bytes":375409}}
{"source":{"wave":183,"partition":0,"offset":183,"checksum":"478d9915c4361dabaa7aca818c70a4d6f6ed07ed5758f99b9c7503c3608a62ca","bytes":375409}}
{"source":{"wave":184,"partition":0,"offset":184,"checksum":"f3ebe0b71f6b80b61728df3da74bfb524a9435d69dd075cab42dac91d3567da3","bytes":375409}}
{"source":{"wave":185,"partition":0,"offset":185,"checksum":"30047c707a085958a2e937a44fc0a7c082310937c06134baf7b10dbed2dd5d60","bytes":375409}}
{"source":{"wave":186,"partition":0,"offset":186,"checksum":"f56ea875967a2beef2dbde47b79925daec7d907f7357147774be0a9580396226","bytes":375409}}
{"source":{"wave":187,"partition":0,"offset":187,"checksum":"0d7f7a10e8670ecc04588d99d102210356f3df7183d0570f79f2d9554f585b15","bytes":375409}}
{"source":{"wave":188,"partition":0,"offset":188,"checksum":"2003599d0a6cb3e5f6aa4f04ed4a2d0916a1d3fec4f6239b4bf040422d5010ee","bytes":375409}}
{"source":{"wave":189,"partition":0,"offset":189,"checksum":"3641b5d3e9ed7fada9a757a6c09916e7197b39333e5d494163791fe256c49266","bytes":375409}}
{"source":{"wave":190,"partition":0,"offset":190,"checksum":"f95fbd295c21d8ac826c6d9b57fd8d06bfad684640ee2426e362a8746c2e5d19","bytes":375409}}
{"source":{"wave":191,"partition":0,"offset":191,"checksum":"870f7c09a343b309b20a15646f7ae20b0f67a30d99def6f1c44ddcc8d9b05c9c","bytes":375409}}
{"source":{"wave":192,"partition":0,"offset":192,"checksum":"2c10e002ee939bb3d51be7fbbe84c3adcb26211bdaa5ef94ca62cb0d9f3e9c72","bytes":375409}}
{"source":{"wave":193,"partition":0,"offset":193,"checksum":"9e7edf8a3389fd637a140b304317ba9844882ab859bc18e67d511e8f98fc0c0f","bytes":375409}}
{"source":{"wave":194,"partition":0,"offset":194,"checksum":"6a9199019239f0e1bb637ca06a05c941811f092a45fdd0bf825a52de3384ef44","bytes":375409}}
{"source":{"wave":195,"partition":0,"offset":195,"checksum":"25449121335a4aed491037932025f78bef2177214f3e100783ec4fd3b1ef4bd0","bytes":375409}}
{"source":{"wave":196,"partition":0,"offset":196,"checksum":"f2b42e10825eec1b03c388a5a40025cfd744eb2a50ad3c3335a6cedf6c1eeacf","bytes":375409}}
{"source":{"wave":197,"partition":0,"offset":197,"checksum":"05783a5a6b53974e1e92ade327d8549e82d2af4cee72af5c92a63fbaf75d4107","bytes":375409}}
{"source":{"wave":198,"partition":0,"offset":198,"checksum":"2cc48e18e9af6098b59c1b0b08125d272183d7600a8b3f6bc48083ef7ef78472","bytes":375409}}
{"source":{"wave":199,"partition":0,"offset":199,"checksum":"a7050746c5c390b3f20078bf7508a80af3114c9bfa650320c6280400e09fd607","bytes":375409}}
{"source":{"wave":200,"partition":0,"offset":200,"checksum":"d4beca82d11938e025b1fb5c31319c0b3cc956df455ed6980f1e2efb61a3f545","bytes":375409}}
{"source":{"wave":201,"partition":0,"offset":201,"checksum":"e346d73fd1e864d0685477b84f9f08761ab45e88aa8df0806048f31ac88ad3f6","bytes":375409}}
{"source":{"wave":202,"partition":0,"offset":202,"checksum":"6652cfae70224effa29eb8286bce910f88ccd27f8073b5a21864da0f25240eaf","bytes":375409}}
{"source":{"wave":203,"partition":0,"offset":203,"checksum":"43bc259c2b106a35d855d702b4abba274ddfc358be872c47c97be1c42043b26d","bytes":375409}}
{"source":{"wave":204,"partition":0,"offset":204,"checksum":"13bcb528a00f6484a7a5a45a95f97c02913ff4f01125753c0dff7e04d47bb737","bytes":375409}}
{"source":{"wave":205,"partition":0,"offset":205,"checksum":"7fcf22ddd84f58c5805b3f459c86e659ccbf0e4e641b9674406aafa7884d2812","bytes":375409}}
{"source":{"wave":206,"partition":0,"offset":206,"checksum":"ae974438681cdf716cc201eb376d5c6f58cd2a66e7f7365b2c8a6696bcca0029","bytes":375409}}
{"source":{"wave":207,"partition":0,"offset":207,"checksum":"2e5e6a31d6c7f4bd5dd39224e831fcd96150519c9048694f4931aaf19ca302c8","bytes":375409}}
{"source":{"wave":208,"partition":0,"offset":208,"checksum":"8213305f7d083d66cbf480409bb29d6936f002711e96a6f46c2aa6eb048dda10","bytes":375409}}
{"source":{"wave":209,"partition":0,"offset":209,"checksum":"de56d205e50f234590bd0dc58b8af65a26462944421bbd0e2b11ad5bc9192482","bytes":375409}}
{"source":{"wave":210,"partition":0,"offset":210,"checksum":"46f1bb7289b0fc34dacbbff5e34d2c77cd8d3a2edcae65cdccddcae1d1f37992","bytes":375409}}
{"source":{"wave":211,"partition":0,"offset":211,"checksum":"b298cb2430befc74fe9c6c7f16d515e77343bfe31cee1165673311530a799721","bytes":375409}}
{"source":{"wave":212,"partition":0,"offset":212,"checksum":"089b7abb7bef14a30ab0a6d9db01f8fa441020288a29326eb3a4c672bd32498e","bytes":375409}}
{"source":{"wave":213,"partition":0,"offset":213,"checksum":"4ea51056eef80dcf4c3e54b5b2fc2c2bc5855f161da072a537a3da56b80f3e2d","bytes":375409}}
{"source":{"wave":214,"partition":0,"offset":214,"checksum":"5de67d4472267a3efa527087de12cac003ed81b2be151ff82b29669ed78fc0d1","bytes":375409}}
{"source":{"wave":215,"partition":0,"offset":215,"checksum":"4bdf6da9aebe3f40b1af055d061c52e258ffe6b6ef7e0a256054896c2eb787d6","bytes":375409}}
{"source":{"wave":216,"partition":0,"offset":216,"checksum":"c1f905512da366145678df0a0b0f341226af45d74ba78e3ddde09153bf34d691","bytes":375409}}
{"source":{"wave":217,"partition":0,"offset":217,"checksum":"e82a03b507d4736c8f6d86774bcef44027425aa91068d0e1334f280c98cd3e23","bytes":375409}}
{"source":{"wave":218,"partition":0,"offset":218,"checksum":"fc6a3b00149bd8f3fd06812d5ccce06ec7448a3a6628c85de07151801b3ccb95","bytes":375409}}
{"source":{"wave":219,"partition":0,"offset":219,"checksum":"272a0d1cf0ca41c85ef3855d491e789fbe1161d3dfb97484e728e177fb3b865d","bytes":375409}}
{"source":{"wave":220,"partition":0,"offset":220,"checksum":"d378f58e3ded79479e45d793fb7d56facb08b64b98ced7a4d39acd0951daeb0f","bytes":375409}}
{"source":{"wave":221,"partition":0,"offset":221,"checksum":"5cd563381dbb6a8f1b9bedcbb2c566e6d22132131f7bbac252efa9d743eea777","bytes":375409}}
{"source":{"wave":222,"partition":0,"offset":222,"checksum":"de76ee5c9dc70f5f399dd77db990b896669c94c53c0719fd8f6c72e419fd5090","bytes":375409}}
{"source":{"wave":223,"partition":0,"offset":223,"checksum":"485d8e9d6e7be721423afcb718dc75a261991dd59e405bd32a399aac33b2059e","bytes":375409}}
{"source":{"wave":224,"partition":0,"offset":224,"checksum":"5f44b22878071cc90769765eac8371fe4e31c3c06bf22559e05731837dabfddd","bytes":375409}}
{"source":{"wave":225,"partition":0,"offset":225,"checksum":"5ec6a301cb5c62f0b77146bad56a560dd09bf65d29c295ce26dd2d84f63faa70","bytes":375409}}
{"source":{"wave":226,"partition":0,"offset":226,"checksum":"3163c72ee45c3d1f8e86d393c5a88ec3dd65459391be1c19cb7263b37c41eec0","bytes":375409}}
{"source":{"wave":227,"partition":0,"offset":227,"checksum":"f50159239e6a7281374ccd18a3e101b990b865f54b602eeb3f3e0df9bc39d171","bytes":375409}}
{"source":{"wave":228,"partition":0,"offset":228,"checksum":"e298d05b40681ed78fb00a841534dbcd30e515b15102b88c0b1de7a4f7476545","bytes":375409}}
{"source":{"wave":229,"partition":0,"offset":229,"checksum":"0658dc69d99bfad0c64834c368aedfbe91047079366f19534c6fe51a00af01c5","bytes":375409}}
{"source":{"wave":230,"partition":0,"offset":230,"checksum":"26d1d12ff7f5337c102a1180b5bb21e316ba49256764e623d8e1ad52a861cd58","bytes":375409}}
{"source":{"wave":231,"partition":0,"offset":231,"checksum":"ba79c02d729e9cbd85040b6221c784925764a7f5394bb78f2a89fbf4bb92ed96","bytes":375409}}
{"source":{"wave":232,"partition":0,"offset":232,"checksum":"3fc380fae29b1f9b8b1c0af674abf37edd31fdb8de584155524e2eacef5c89aa","bytes":375409}}
{"source":{"wave":233,"partition":0,"offset":233,"checksum":"f38c13c9390299b1fe1ea45ccf48dcb1f1cfb329cb354d9545a3dbb997919c6a","bytes":375409}}
{"source":{"wave":234,"partition":0,"offset":234,"checksum":"4af4c03ae2d950a923b9611ad06f85f5e9c67c52bcded2ba9a55ed20fd823f2d","bytes":375409}}
{"source":{"wave":235,"partition":0,"offset":235,"checksum":"16e30f09f5e44ca078b14440a643f0d10bd43b13542838d0dbee94131520a3f1","bytes":375409}}
{"source":{"wave":236,"partition":0,"offset":236,"checksum":"4e3fe676644b0cea23d7243e805463ffdccd16669a8e97006d48c45dd7071284","bytes":375409}}
{"source":{"wave":237,"partition":0,"offset":237,"checksum":"087df751e96cd6a4306f124ef898920d77eb9633a5f805ba6dcb9bb2051bee71","bytes":375409}}
{"source":{"wave":238,"partition":0,"offset":238,"checksum":"521ac94975a8b91ef4c73127bad579d2fdbca05b7c1460653316764758765c8a","bytes":375409}}
{"source":{"wave":239,"partition":0,"offset":239,"checksum":"7cd346250bc7d92e890dbf7186a13f0b357f3f364b7861afc76ad38d752064bd","bytes":375409}}
{"source":{"wave":240,"partition":0,"offset":240,"checksum":"dcfab5f04a35ae1ae966e363d4810bad47546e249f93849449f591b13c21fbeb","bytes":375409}}
{"source":{"wave":241,"partition":0,"offset":241,"checksum":"f38a56f23cf202262b73a11c1de57ad564327cf8514ffa8a2301ba172d49f2a8","bytes":375409}}
{"source":{"wave":242,"partition":0,"offset":242,"checksum":"995b8c8a3b237ababcb0eeda104a1b08871e98bf8f6b4e3acd64dd455c5c8829","bytes":375409}}
{"source":{"wave":243,"partition":0,"offset":243,"checksum":"fabbbb73affdf9247ee8b19fb1c4403f9c01425bfabd28c30c5693ca050be379","bytes":375409}}
{"source":{"wave":244,"partition":0,"offset":244,"checksum":"29f99cdefe6b27050de03f6f7450ba106e07d4b956cd6728b93bb5ff81d31041","bytes":375409}}
{"source":{"wave":245,"partition":0,"offset":245,"checksum":"7239b7016c498a6c268569f1ca2b8191c5e3798516101a884285f4b19f627386","bytes":375409}}
{"source":{"wave":246,"partition":0,"offset":246,"checksum":"ba3e5cf64ff6b177641d9963a9e2f24f1de3c6b653463e18e0b1923769589632","bytes":375409}}
{"source":{"wave":247,"partition":0,"offset":247,"checksum":"10de8313fecd1d2f98e288983d6c31af6f7a0aaf26b69ecc60b0ade2a528825c","bytes":375409}}
{"source":{"wave":248,"partition":0,"offset":248,"checksum":"1dc9f3b7425876e5634bd2370c847f0be0dc85022ad16ed3f3396ca01ca9d8f3","bytes":375409}}
{"source":{"wave":249,"partition":0,"offset":249,"checksum":"ef62c07b3db59b9d225672a11673b752d2d9e1af32aae247897966d9b5526125","bytes":375409}}
{"source":{"wave":250,"partition":0,"offset":250,"checksum":"12ded92a048ed3167ed04e5fba24f06bf9d6d17b1b0646576646dae505635b21","bytes":375409}}
{"source":{"wave":251,"partition":0,"offset":251,"checksum":"db145e993a03804bad42829067a6ac48743958549d6c75515ccafe5b51fb4347","bytes":375409}}
{"source":{"wave":252,"partition":0,"offset":252,"checksum":"34181968736f50a85a50080cdb0f0a29d5e30db67864d39c0d80e6f01ed0c771","bytes":375409}}
{"source":{"wave":253,"partition":0,"offset":253,"checksum":"1dcc7db530ef647c5dc1bdbf1985dff1bc9392c59b203b7a0436586a32c9c8c7","bytes":375409}}
{"source":{"wave":254,"partition":0,"offset":254,"checksum":"8fc107e999a35453e1ad425eb97ef075416f03f65d8014811e49bc884b1d6702","bytes":375409}}
{"source":{"wave":255,"partition":0,"offset":255,"checksum":"a1c82b1390877a0605e9284ceab6a544c6e7f8363092ff993575d4ba0ed34838","bytes":375409}}
{"source":{"wave":256,"partition":0,"offset":256,"checksum":"3b5a4cfe967ab7f8a8ce859f76834183215b7af15dc4a242483ceadcad1eb332","bytes":375409}}
{"source":{"wave":257,"partition":0,"offset":257,"checksum":"745e679effe8964dfb5a0321be5b44e41d80f43dea99089921a576a796d4e512","bytes":375409}}
{"source":{"wave":258,"partition":0,"offset":258,"checksum":"c88eeeb3c54ca2d921d92f270dbc48fd4080736f994f7261a96d6cc997caf096","bytes":375409}}
{"source":{"wave":259,"partition":0,"offset":259,"checksum":"ef19f7ce49ce67c5bd81958fed609264b9e35d8a78b1064a4fbd8020fa784587","bytes":375409}}
{"source":{"wave":260,"partition":0,"offset":260,"checksum":"5f30f30e82865f95869ddf8534d552a7d8d8cec4b434b2096c5190ecd0f6eadc","bytes":375409}}
{"source":{"wave":261,"partition":0,"offset":261,"checksum":"589ed7eae04b80bec9602ac8b16ce48bfa641f8a5c3a02f4add364d47830ccd6","bytes":375409}}
{"source":{"wave":262,"partition":0,"offset":262,"checksum":"80076fdde6a19485d9c88d92075c80a98c7206b66fb51df91d0935beb86573a9","bytes":375409}}
{"source":{"wave":263,"partition":0,"offset":263,"checksum":"db5fa901f446c5a58c94dcf49c5ade71d5d2a47a10794287a47c31571a717dac","bytes":375409}}
{"source":{"wave":264,"partition":0,"offset":264,"checksum":"cd3f77364f468f4492aa4c4033224da018fdfa59916ebb3a0ec345d90708715b","bytes":375409}}
{"source":{"wave":265,"partition":0,"offset":265,"checksum":"42d880ce5588213473febc5b29d42c577d5d0cb3a1d4b13ff575fa91908c764d","bytes":375409}}
{"source":{"wave":266,"partition":0,"offset":266,"checksum":"2b361c8821884b483879fb9322c98ea1ed71a1a833db290b9dfab2d7ae36af7e","bytes":375409}}
{"source":{"wave":267,"partition":0,"offset":267,"checksum":"2268b954a80dcc54e24093e385ae62040527771076a302f63b1e8571e7af73fa","bytes":375409}}
{"source":{"wave":268,"partition":0,"offset":268,"checksum":"36745777dfcdaf2c340dd624d77de425d2128851004f52d3e99bd7b0b6a20958","bytes":375409}}
{"source":{"wave":269,"partition":0,"offset":269,"checksum":"63aa9e0cd69380b4a751ba60ae312982d2ce0704cb9b590f486d38d60c977015","bytes":375409}}
{"source":{"wave":270,"partition":0,"offset":270,"checksum":"b0aa1fa16487205e1170b664a29c4548b2f7c88bd3de5791bc0fe838c3526c69","bytes":375409}}
{"source":{"wave":271,"partition":0,"offset":271,"checksum":"85e7b9aada4c17a7e67ee7ab18120cd9e02fd69cbea349dcc9ac2020928923ac","bytes":375409}}
{"source":{"wave":272,"partition":0,"offset":272,"checksum":"5ac0af90d6b272887245c6f7c058670fccb192f989dd68fe9f99afced27a90a6","bytes":375409}}
{"source":{"wave":273,"partition":0,"offset":273,"checksum":"73e2dfd5b6ebe7a30a5fe022a6c6ac411bf84a4804676ca0a99c9403e28370fc","bytes":375409}}
{"source":{"wave":274,"partition":0,"offset":274,"checksum":"805792dd20e21b1616bc5245319511b5d66b98e2f8ebfd9713d45ab47bc740b4","bytes":375409}}
{"source":{"wave":275,"partition":0,"offset":275,"checksum":"0af5a0d81740ebd358336676f3fe3853404e2bfd44cfc0fb64b1b0747de39459","bytes":375409}}
{"source":{"wave":276,"partition":0,"offset":276,"checksum":"1a438ffc41ada29217bb3e5cd99684a42f68ba8f24f51bcc14af2ccc9903213c","bytes":375409}}
{"source":{"wave":277,"partition":0,"offset":277,"checksum":"2b3fcbf3d777b83eb9548a6d9ec077d7ad2675ee4af83d133485adb99a0bd480","bytes":375409}}
{"source":{"wave":278,"partition":0,"offset":278,"checksum":"57413eb4982acb550136cd36db08a7078a4755781cc0bc16e6e8bee6f55b6401","bytes":375409}}
{"source":{"wave":279,"partition":0,"offset":279,"checksum":"cf6905bff5967e276a57ae440b0cdcbfc116dd6176a0a01917e099ed0868fb59","bytes":375409}}
{"source":{"wave":280,"partition":0,"offset":280,"checksum":"0702301d030a9ca9d06f7b4b3f8c27e06e13cd519fc348ec82d8b137290068e9","bytes":375409}}
{"source":{"wave":281,"partition":0,"offset":281,"checksum":"f7ed8b56ff7d561e5988e9fdd96f13922be0bbcda036b0a01f9429d5c8864bce","bytes":375409}}
{"source":{"wave":282,"partition":0,"offset":282,"checksum":"1d531866077857994f88e99c23301ea5f34e7db71c8a734e36fcbf72d3021c0c","bytes":375409}}
{"source":{"wave":283,"partition":0,"offset":283,"checksum":"5754e649983f1b7c993a6e822249129c1e37b3301dc9d7becf2d14f9635038e7","bytes":375409}}
{"source":{"wave":284,"partition":0,"offset":284,"checksum":"4be8772836b384ad4bf5ea93651f88b6a32818f24c7d2d89ec87c8872e1fafd8","bytes":375409}}
{"source":{"wave":285,"partition":0,"offset":285,"checksum":"c7ce4cc8594de7d092572a307e768476c73f192ea57625718b985ab353754906","bytes":375409}}
{"source":{"wave":286,"partition":0,"offset":286,"checksum":"61746dab4dc7fe8adebdcc0bcf69bcae4b6b5ad8693890b6897d471bb6b8d3e6","bytes":375409}}
{"source":{"wave":287,"partition":0,"offset":287,"checksum":"1fa4142f85eee3c2dbbaccd6d5c783fc58d683abeeac2aee36c3345e1ba7dfae","bytes":375409}}
{"source":{"wave":288,"partition":0,"offset":288,"checksum":"1413b53444fd5c5414d6cf033a3fc0d2415401205a381387e23217cedfc00804","bytes":375409}}
{"source":{"wave":289,"partition":0,"offset":289,"checksum":"02f1f8be54a27cfdb0f5cd2c8fc45303d4983e6a95ccabb4ffe9f3a428f011bf","bytes":375409}}
{"source":{"wave":290,"partition":0,"offset":290,"checksum":"b48998cba476b6605abe6cd0d05e4ad678e4251206577edb3009a43edd726b6b","bytes":375409}}
{"source":{"wave":291,"partition":0,"offset":291,"checksum":"76582e17d23ebe293b9c81f8d69fcf6e5ecc668494efd3422761dcc04a31cb7a","bytes":375409}}
{"source":{"wave":292,"partition":0,"offset":292,"checksum":"fe5b3f753aaa5a8512a7d9978b4a77e296942680db64b4e555f991eb4c5b8478","bytes":375409}}
{"source":{"wave":293,"partition":0,"offset":293,"checksum":"bac2af5de2a0b0cbe8f32d96a655fe0a6c1a121a5ad0c30bfacc662976b1fb0b","bytes":375409}}
{"source":{"wave":294,"partition":0,"offset":294,"checksum":"c33851256813e4feb924965e689c225cf9346ae1acabd58b05f1cf4ab28d9e53","bytes":375409}}
{"source":{"wave":295,"partition":0,"offset":295,"checksum":"20e067dfa0cf7ea858f6fc6b7a89b35b641850242938df840a4a06bf9d7cf1d7","bytes":375409}}
{"source":{"wave":296,"partition":0,"offset":296,"checksum":"f648b9a998586d1d0c19d58a1d83a7735a3c27931c0d9cb87bd484543debcb4d","bytes":375409}}
{"source":{"wave":297,"partition":0,"offset":297,"checksum":"4a47705c48639d7a8ea714ae2704529c1927904731bab915323022deb3a64dec","bytes":375409}}
{"source":{"wave":298,"partition":0,"offset":298,"checksum":"743852e3257acf6122605d43f6e4f8874feea0bbf0c2e3bd3733e33cbf14e7a8","bytes":375409}}
{"source":{"wave":299,"partition":0,"offset":299,"checksum":"f0a2cadfcfd70bb6cc318167a14c86e93f5f3de2e6f54f397a850fcd2abf130f","bytes":375409}}
{"source":{"wave":300,"partition":0,"offset":300,"checksum":"473c06d129d7477d46a13547864993744be6f2b97bc8cc4caf023e6ff03dab1b","bytes":375409}}
{"source":{"wave":301,"partition":0,"offset":301,"checksum":"ff3fe4b9a845960628f16edc34afd56555f34088d2eb02c749174a08c9bff494","bytes":375409}}
{"source":{"wave":302,"partition":0,"offset":302,"checksum":"64f334930a8d452aa057cbbbf99101bdf1b1bd7a962d06f834742625c914fd75","bytes":375409}}
{"source":{"wave":303,"partition":0,"offset":303,"checksum":"7e1160efa93fe4e4ee691ded478a4599dcf00bde06267c6c44d79a906bebf50e","bytes":375409}}
{"source":{"wave":304,"partition":0,"offset":304,"checksum":"56995f9373a82ede8c09d2ceb87d2efea22fdc8881782bd84795ec0f969cb796","bytes":375409}}
{"source":{"wave":305,"partition":0,"offset":305,"checksum":"879826a2e04f59a35df31666fea86de6d5539a4093a2b077d93f3bfec822aeba","bytes":375409}}
{"source":{"wave":306,"partition":0,"offset":306,"checksum":"8c425da63f918c83074c7dfdbbf134120cf4accc06a303b79264ba2c8311dc84","bytes":375409}}
{"source":{"wave":307,"partition":0,"offset":307,"checksum":"5f4fef5a75db77ca5cf042876349472cc8a5fcf9a332a33a3bdff8601eab3e25","bytes":375409}}
{"source":{"wave":308,"partition":0,"offset":308,"checksum":"7c11936c23c33f4fb77980643be87bfa77b847134033b93ab5243b82ba76aab9","bytes":375409}}
{"source":{"wave":309,"partition":0,"offset":309,"checksum":"c7f56d64ea6b4820e0c31389ebeebda5e3634edeac80a6343b7159e6b6db3932","bytes":375409}}
{"source":{"wave":310,"partition":0,"offset":310,"checksum":"06ec06ff30efa1b5751187adf75214e0a7af2ef175459b4cae00d6a173f76fef","bytes":375409}}
{"source":{"wave":311,"partition":0,"offset":311,"checksum":"7cc918468aea3857b4485154f75f4d1c096cca3ee07c48afb4b254a3c8d19aab","bytes":375409}}
{"source":{"wave":312,"partition":0,"offset":312,"checksum":"2b926e9d73fbd6170fe78f4d35e57d79def7dd7ca5ec3375e4c509606741686b","bytes":375409}}
{"source":{"wave":313,"partition":0,"offset":313,"checksum":"b4c309b6863d07b72a29c33a79a5ebecd09cdecb1d96be0f139747ef84acf62d","bytes":375409}}
{"source":{"wave":314,"partition":0,"offset":314,"checksum":"934bdb6039bd3e492b8d57b64ae58e375d36644a68a96f1f28ca9f125ef09b25","bytes":375409}}
{"source":{"wave":315,"partition":0,"offset":315,"checksum":"3d2cc29ac3f0f0c284549c655c3d9962f46626f7f74b17d89e4a6ca28833ee86","bytes":375409}}
{"source":{"wave":316,"partition":0,"offset":316,"checksum":"f1373ea588632932142cf7c5fa8a5d75bcdb4482c8223771ee616a3b73038065","bytes":375409}}
{"source":{"wave":317,"partition":0,"offset":317,"checksum":"c1024ad9ae9a2509967934ac7a42fcf4669d74e3d217ab76a21c99e411dab062","bytes":375409}}
{"source":{"wave":318,"partition":0,"offset":318,"checksum":"6d7464ddd645fba976098466b8c0a19d0e6a6f7b05513299931de6b944a44721","bytes":375409}}
{"source":{"wave":319,"partition":0,"offset":319,"checksum":"61c54592fe03bc520694eeae2ff456ebe72534bdf0e24948c070ef288e6b73b7","bytes":375409}}
{"source":{"wave":320,"partition":0,"offset":320,"checksum":"d7b685c73391842a02052e99b8e5b9b20050d82660e91d3cde933c77638b664d","bytes":375409}}
{"source":{"wave":321,"partition":0,"offset":321,"checksum":"6595eaf5e58e631e4a18378c56130200cc89a550616449838ab1bed8917483f2","bytes":375409}}
{"source":{"wave":322,"partition":0,"offset":322,"checksum":"8797c42d395b13d5df22047c36b103258a4c3d960743d2b2e642d13fd5ffe120","bytes":375409}}
{"source":{"wave":323,"partition":0,"offset":323,"checksum":"3936caf000ecb40e182efedce7058ce467729fd6065cf32ce5ce0ccad6865c9a","bytes":375409}}
{"source":{"wave":324,"partition":0,"offset":324,"checksum":"afeda38cd339cba029efe14011d146dc9fe33698288d1bfb5668028199095e52","bytes":375409}}
{"source":{"wave":325,"partition":0,"offset":325,"checksum":"423ac124c1a1c24104612f13575901f4e040a9cb6e4948b70024b334d2e38e05","bytes":375409}}
{"source":{"wave":326,"partition":0,"offset":326,"checksum":"1f7a76edcfa9a283df438fdf184489105842b255a2f459ec45497dba4f16b8f6","bytes":375409}}
{"source":{"wave":327,"partition":0,"offset":327,"checksum":"a00461b11c5368486112a8020aa4b665f2bb577efbf527c0fd23f47c53b04f89","bytes":375409}}
{"source":{"wave":328,"partition":0,"offset":328,"checksum":"7bf9567cde948f747cf713acf29a8a93da131877eb79644aae2eff4e4666bcd6","bytes":375409}}
{"source":{"wave":329,"partition":0,"offset":329,"checksum":"53b429cc5635ebf9554852098499152f73b7fc0cf8b902f7e22692525e046f75","bytes":375409}}
{"source":{"wave":330,"partition":0,"offset":330,"checksum":"404c08734ac2bf4c2afa90962451731f495fed0fe990e03bb9cd51dc8973b974","bytes":375409}}
{"source":{"wave":331,"partition":0,"offset":331,"checksum":"523bb3c3c2bb6c0742078afdc843fb695ee2a8bfab718333a35e00d1a623adf0","bytes":375409}}
{"source":{"wave":332,"partition":0,"offset":332,"checksum":"f56bd792202370ce2649c535af998a7b186660a400a255b987d0a5419751e037","bytes":375409}}
{"source":{"wave":333,"partition":0,"offset":333,"checksum":"efbdd09cb8f1337e50c953a5912dbf2a158d423d736ad7d366ff33163637bebf","bytes":375409}}
{"source":{"wave":334,"partition":0,"offset":334,"checksum":"c7c19a2b53d4b56d3ac7bdd21a9c7bd986ce35fb9f79afe3d3ac3caac4fb9402","bytes":375409}}
{"source":{"wave":335,"partition":0,"offset":335,"checksum":"acc7147a752d3504a4cf6f58ac9de009ffc7dd25432fed26bb2c0816638e9e43","bytes":375409}}
{"source":{"wave":336,"partition":0,"offset":336,"checksum":"eabb6f5b1c9f39901d22764216e6dac5406e3c823fecaebcfd852b15cf54e91c","bytes":375409}}
{"source":{"wave":337,"partition":0,"offset":337,"checksum":"0f2056e9eeac3d7da5a871caeb21aa3c561099408532ffa9e9e38ae279c6165b","bytes":375409}}
{"source":{"wave":338,"partition":0,"offset":338,"checksum":"803889a86799ee9c8ec40686ddd7e5c83cff8369a8cc08548a457d04f6679b41","bytes":375409}}
{"source":{"wave":339,"partition":0,"offset":339,"checksum":"d1594532225d6990cad1cdc98b5b925db9b0d4d305e2ea0583c9e737d2a9d74b","bytes":375409}}
{"source":{"wave":340,"partition":0,"offset":340,"checksum":"4cf51bfe8b3fc477e0a7b0e57945a43bf219812537f7320359a8421e7a0e6a1f","bytes":375409}}
{"source":{"wave":341,"partition":0,"offset":341,"checksum":"8e6c994aa876da81383e93d535f5bd24c69918f420e8d336a78d824bb252a745","bytes":375409}}
{"source":{"wave":342,"partition":0,"offset":342,"checksum":"91135185e7312244f59a536f84cc786367679c7b9e57ba03c6d602c669129801","bytes":375409}}
{"source":{"wave":343,"partition":0,"offset":343,"checksum":"0afe7d8261706d1f0adfba877c16748a730078a91afc3d5dd1ea8595d0ed4e19","bytes":375409}}
{"source":{"wave":344,"partition":0,"offset":344,"checksum":"ebe356808869d04299a2f3d245aa7efeb6d051f912277b86265e8e5a0a64dd74","bytes":375409}}
{"source":{"wave":345,"partition":0,"offset":345,"checksum":"c94089ba9662e6c9f2b9e5d38741409c7e9679f1fa3deeea44030a978f0d785f","bytes":375409}}
{"source":{"wave":346,"partition":0,"offset":346,"checksum":"b19b34e5cabf6ff812a69066645b10a65491f4468492b736ebbd6dd381649f30","bytes":375409}}
{"source":{"wave":347,"partition":0,"offset":347,"checksum":"14d95eb0dd5684519f6ed50ebef3400d2b116f0ee482405b6d778cbbbadd7811","bytes":375409}}
{"source":{"wave":348,"partition":0,"offset":348,"checksum":"d16f08c4700f23eb8ca0ac204af26b3d4c286bb6a33adac4480974ee6464b387","bytes":375409}}
{"source":{"wave":349,"partition":0,"offset":349,"checksum":"76b5997424812f5485cc5a9cf956b8d6766e0d365bc53a7bae4548e77389d35d","bytes":375409}}
{"source":{"wave":350,"partition":0,"offset":350,"checksum":"6babf271fc3d8b6d4a6b0a5c07b9f1e2cfb3387e373f259b4f59a08541f0422c","bytes":375409}}
{"source":{"wave":351,"partition":0,"offset":351,"checksum":"bc4cf519d60b7cc5f2e2b35ade8c5fdf793e702aca7dccacb761de85af5f4ca2","bytes":375409}}
{"source":{"wave":352,"partition":0,"offset":352,"checksum":"5534e79dade58c41baac6ecb648ec9f97bb35210035d16737ea89e69930a64db","bytes":375409}}
{"source":{"wave":353,"partition":0,"offset":353,"checksum":"3b44fbb20a2da8537b6f8ee707746f42e925ce44ede45b44f795057127d60a70","bytes":375409}}
{"source":{"wave":354,"partition":0,"offset":354,"checksum":"9cf213e3eef6d81ec4c7d513e62eb8530d233987a7285f3e40f546a3455a7763","bytes":375409}}
{"source":{"wave":355,"partition":0,"offset":355,"checksum":"af435de4139b2742b3694d9ec5fa856cde4d7fdf490d9a9520d5bf103fc293ed","bytes":375409}}
{"source":{"wave":356,"partition":0,"offset":356,"checksum":"19983e80cf65a8261686700395d101189e63c6fdf3073fade4670e9d9dc118d2","bytes":375409}}
{"source":{"wave":357,"partition":0,"offset":357,"checksum":"28311eeef9dbef57e69bdcb570e4fd5a77ee85d84bcdf1a2436854fe584aa85f","bytes":375409}}
{"source":{"wave":358,"partition":0,"offset":358,"checksum":"07504fbdba1b94f68d148d2c25654a3b3f205519784a35944c7fd23685a25621","bytes":375409}}
{"source":{"wave":359,"partition":0,"offset":359,"checksum":"db7abdfc0c058e806c82a59aea92ac9629434a4abd65e809513e4afadf3c18dd","bytes":375409}}
{"source":{"wave":360,"partition":0,"offset":360,"checksum":"28a13ec730c73415d946cf923aad624876fcea7bd1d17477c91c9a54f2aacd78","bytes":375409}}
{"source":{"wave":361,"partition":0,"offset":361,"checksum":"8c1a664291ec226475e79d35d1277aed484035dd5917efb127bc0581f8e8188d","bytes":375409}}
{"source":{"wave":362,"partition":0,"offset":362,"checksum":"f397c1aaedd26d92ca26eddfce7df305e640cd67141ba904b333bb9576567bb4","bytes":375409}}
{"source":{"wave":363,"partition":0,"offset":363,"checksum":"4d70c22b3b094438eecb9051cfbacd15042a355f6b803e8d07d887fa2e1af015","bytes":375409}}
{"source":{"wave":364,"partition":0,"offset":364,"checksum":"828217e4c201df12cf25c200f830377811a7a75c0e03a96491e356d161199829","bytes":375409}}
{"source":{"wave":365,"partition":0,"offset":365,"checksum":"3da923388e91a0efe50a3f4f64cabd6578f7a86cad3483fcb9916f21d41f277a","bytes":375409}}
{"source":{"wave":366,"partition":0,"offset":366,"checksum":"885a17c2158f6bd90575d1382a627f7286974eadbd7a07fb3bf59f9435bac44b","bytes":375409}}
{"source":{"wave":367,"partition":0,"offset":367,"checksum":"5bcad73f136c9a6c7748831199ea0654abda59c5b40279baff0a31cd8640733d","bytes":375409}}
{"source":{"wave":368,"partition":0,"offset":368,"checksum":"5154fb3e62dc39c9facf4811d70b075ca240511a7c7564e498593f41b8c51848","bytes":375409}}
{"source":{"wave":369,"partition":0,"offset":369,"checksum":"954852fa688f339454f86d53b8c66f163c51c6f3aec59e3a9a97d0fc316a0423","bytes":375409}}
{"source":{"wave":370,"partition":0,"offset":370,"checksum":"fef658957a0980bf7be4701702a11bb88bad2dcdc5e69b9916d51b6b1d676699","bytes":375409}}
{"source":{"wave":371,"partition":0,"offset":371,"checksum":"568e47b5411a7732d073d9bf837420535dfb01f40bb543b7618b4a70e57bd04f","bytes":375409}}
{"source":{"wave":372,"partition":0,"offset":372,"checksum":"c484007b8a67950307c9e45f12b90fa8296303ff79c1febb5df7f28ee47d53b0","bytes":375409}}
{"source":{"wave":373,"partition":0,"offset":373,"checksum":"e1d4867ef1f471f76c1b78f33e3192173a7aa63fb0e1061724cec5dd42c9641f","bytes":375409}}
{"source":{"wave":374,"partition":0,"offset":374,"checksum":"ea2df44be2905bc8e83e122c98656174ed13d231e3e7c10ccd4c3a2db8aa2647","bytes":375409}}
{"source":{"wave":375,"partition":0,"offset":375,"checksum":"0e0a5bfa57c4577202b8402a50f6663ad056ebdfb561af7dd846a548b5d2640f","bytes":375409}}
{"source":{"wave":376,"partition":0,"offset":376,"checksum":"0dce997a9d50fc8c2dba76b78a0c561a60c91969cbd0f08bba2a2fad7e8bd80b","bytes":375409}}
{"source":{"wave":377,"partition":0,"offset":377,"checksum":"f699aca64a8cb699d05f8685df43d3ff252b40e563aefaa1a487ad3267439a34","bytes":375409}}
{"source":{"wave":378,"partition":0,"offset":378,"checksum":"c5683002021ca5e7f1ac225b7fa8cc2d9916c10f10aee962a773f86140082974","bytes":375409}}
{"source":{"wave":379,"partition":0,"offset":379,"checksum":"d647e08a56a432e243535245a0be98d2f21218fbc04a64b86c7e5ee7c86099df","bytes":375409}}
{"source":{"wave":380,"partition":0,"offset":380,"checksum":"ae0134dc197cfa97480a026e26a363e6594c832efff1120f63157b622104cd82","bytes":375409}}
{"source":{"wave":381,"partition":0,"offset":381,"checksum":"676a8884424da8df7996c1f9283c85347cfac9c98935ba8395eabfd378d24583","bytes":375409}}
{"source":{"wave":382,"partition":0,"offset":382,"checksum":"f3ef46d6976ad1b65334e87f4419d67c33d595d5adc461edd5a642a5f4319409","bytes":375409}}
{"source":{"wave":383,"partition":0,"offset":383,"checksum":"d19b1eddce9b0370ed316315c40e985644b5ffe54bf35c52a6300354152fc578","bytes":375409}}
{"source":{"wave":384,"partition":0,"offset":384,"checksum":"26defc86b2985ae26f67cd1b790eba484efa6f245a5a04e31b60c6ced73aa5d8","bytes":375409}}
{"source":{"wave":385,"partition":0,"offset":385,"checksum":"284ae33f5fcc03fb8df4983755b1f51ed270efa6ea319ea18c1041bbc0272c26","bytes":375409}}
{"source":{"wave":386,"partition":0,"offset":386,"checksum":"56b80584bc49f2f794d75545dda2e6b4315265fb08916a361ee0f30eda901162","bytes":375409}}
{"source":{"wave":387,"partition":0,"offset":387,"checksum":"9d9bdc38ffe7f5818435f77d934091643a83e1a0f2e05a9348f22c1064d1966e","bytes":375409}}
{"source":{"wave":388,"partition":0,"offset":388,"checksum":"306c27cfbf80c7180d3475a90adab61448955622d3b9418306883ef8421d9e3b","bytes":375409}}
{"source":{"wave":389,"partition":0,"offset":389,"checksum":"0c33f7057ce86f6e2d93baafed63bb444700377bca336700dd4ad0be7ec1f6ee","bytes":375409}}
{"source":{"wave":390,"partition":0,"offset":390,"checksum":"0ca3158d5684fa1c6a8c901e24a6f369060c2e416ba0d30bb02d047e1b83d1bf","bytes":375409}}
{"source":{"wave":391,"partition":0,"offset":391,"checksum":"71d2b915d1c6e511e7ebbb49d5d5762921d1a27e63025394d4750aba5b837150","bytes":375409}}
{"source":{"wave":392,"partition":0,"offset":392,"checksum":"9cc03ef1106b02cdf6b0539ff77bb05b10debd02cc4c8023dd3ef7df04c599b6","bytes":375409}}
{"source":{"wave":393,"partition":0,"offset":393,"checksum":"25ead489138c537d45d5dead95affb9b9c79636c0c804f6d5e09a7938857f8c3","bytes":375409}}
{"source":{"wave":394,"partition":0,"offset":394,"checksum":"7bb855aa8e05227d65419e2f5a5bdb6f35c5579ac4c5835a36eebbfcb706df62","bytes":375409}}
{"source":{"wave":395,"partition":0,"offset":395,"checksum":"3c5650f6ada5022816cb94b5c3755e0a20a63ccde52596d27ab143e9df69b270","bytes":375409}}
{"source":{"wave":396,"partition":0,"offset":396,"checksum":"e752a8f6668f97b107dd9157675f2a997abdbd2138669dcbeb46de12d58d4018","bytes":375409}}
{"source":{"wave":397,"partition":0,"offset":397,"checksum":"a334ab0654d818ebcfd37a540174cc3472798558a2cde0e81c0a136a78b367af","bytes":375409}}
{"source":{"wave":398,"partition":0,"offset":398,"checksum":"3270cc8761ce268c60a109ce473feeb93193d7f6e966abc686c70abc9d5c3aff","bytes":375409}}
{"source":{"wave":399,"partition":0,"offset":399,"checksum":"7536b8f668e770a335396c9d632e83af6ebb5e6d9a1bd4286d874f31126e9360","bytes":375409}}
{"source":{"wave":400,"partition":0,"offset":400,"checksum":"543229e834faf11c5189323ec70008b817a3e5049dafaebccb0f8deb27dba1fb","bytes":375409}}
{"source":{"wave":401,"partition":0,"offset":401,"checksum":"09fe2bdc2b2d3b6884ed8c82dea3b9a61cbd87341dfe8628f6d33b44e093f59b","bytes":375409}}
{"source":{"wave":402,"partition":0,"offset":402,"checksum":"2269b1f09f0381b502895f1ff60bc20f61876084244cbb1903ff9f9951befdbf","bytes":375409}}
{"source":{"wave":403,"partition":0,"offset":403,"checksum":"9303eaefd958d8c8e6e0e4c87b8eb42e9f8709226b96ed96fa186242db063e02","bytes":375409}}
{"source":{"wave":404,"partition":0,"offset":404,"checksum":"d2f624cd4b4ceb12b67dad128c258d92808a6e8acb64fabcd2f98e210c837f40","bytes":375409}}
{"source":{"wave":405,"partition":0,"offset":405,"checksum":"63bdc772fda3c413feb5750e8b51e996b4ca5a648241f8e45458c5e012388786","bytes":375409}}
{"source":{"wave":406,"partition":0,"offset":406,"checksum":"ee6b94b6536f6b47df40091855db55665f83fb67f1c95a63f48b8aa951d889dd","bytes":375409}}
{"source":{"wave":407,"partition":0,"offset":407,"checksum":"12ba744d4dc4718f3b5f3552f0ef8700d44d916487b676d188e87cb6ccea1313","bytes":375409}}
{"source":{"wave":408,"partition":0,"offset":408,"checksum":"fa9ef21d76b6900c6f4cd56adb99bbcf0f8dc6fe4c653b89ca1c2476cd4eca19","bytes":375409}}
{"source":{"wave":409,"partition":0,"offset":409,"checksum":"888692bcb49805431e5db4d9bf7e1b75265220a5d9699aa9b51ce45aff0fae87","bytes":375409}}
{"source":{"wave":410,"partition":0,"offset":410,"checksum":"a4c67bea9414b360f1f3a5aa28017ee5b430639e9fa414c4fec30389b96a044f","bytes":375409}}
{"source":{"wave":411,"partition":0,"offset":411,"checksum":"fe2943b43b07d801927a3c44d866814b40d588b5f16cfaba7144c9862c6ca89e","bytes":375409}}
{"source":{"wave":412,"partition":0,"offset":412,"checksum":"8778f4cd66437c0708d03b29ecb5f04827cc375b4cd42757eab0f440f7197fe2","bytes":375409}}
{"source":{"wave":413,"partition":0,"offset":413,"checksum":"82f4df736db370353ce6d1bb6ed4a5eabf5bfa866b8dc7d3fc95463de2de7d05","bytes":375409}}
{"source":{"wave":414,"partition":0,"offset":414,"checksum":"4baf18bee544e9ce9f18226533664444e2992c92b82c70bfea398a7e2c892497","bytes":375409}}
{"source":{"wave":415,"partition":0,"offset":415,"checksum":"d70d3df2b7198916f26af5991de6038ad91a4eb146977668844aa9189abd1838","bytes":375409}}
{"source":{"wave":416,"partition":0,"offset":416,"checksum":"1a1e3a4db759631ceabaa641dfb5137bc73702967ab4add18c9b48ecaff65514","bytes":375409}}
{"source":{"wave":417,"partition":0,"offset":417,"checksum":"1f0848033b8fb8f3da50ee81062a60925ed1a83e7684eaca8bfcf8caece80063","bytes":375409}}
{"source":{"wave":418,"partition":0,"offset":418,"checksum":"df628e5b7eb01a83013c99c051e7ba47b9b3f4c9bb9f843776bd4465f8992b89","bytes":375409}}
{"source":{"wave":419,"partition":0,"offset":419,"checksum":"dc810f314308180383e45994bf58c387f7f0a2d749f62d0c0c92e024389f28b1","bytes":375409}}
{"source":{"wave":420,"partition":0,"offset":420,"checksum":"8f4533fed97df0e9332a93df2424e66d25f74d9b1ff5e7b1b68977af7d9b9864","bytes":375409}}
{"source":{"wave":421,"partition":0,"offset":421,"checksum":"427f8ba151f357bd2499e29108b95a33fcf3f678cbf4e454c7042930708c06f7","bytes":375409}}
{"source":{"wave":422,"partition":0,"offset":422,"checksum":"1a5ca22b652655bb3a27a2591a72d30c1718fb31acb21bd6684e23fc4c386850","bytes":375409}}
{"source":{"wave":423,"partition":0,"offset":423,"checksum":"3e668e254b174561fc88edcccc1359ab503be64786bb3c90678839f83edc4359","bytes":375409}}
{"source":{"wave":424,"partition":0,"offset":424,"checksum":"bd63ab525162365ae2320aedb791f70846b74bd5f0452258d62db1048f965144","bytes":375409}}
{"source":{"wave":425,"partition":0,"offset":425,"checksum":"11c587a9a8cca3a7a7e773a714ed5a99bbb27672bb3df3619596f5178f9abd85","bytes":375409}}
{"source":{"wave":426,"partition":0,"offset":426,"checksum":"21a6b3435c55047011a1f55d7a442b46e26aa61d1dabdaf8b2900f9ad2f6cadb","bytes":375409}}
{"source":{"wave":427,"partition":0,"offset":427,"checksum":"3b50bdc218e39b41734f2420281a12621f79c4c318039f26682f057cea80adf2","bytes":375409}}
{"source":{"wave":428,"partition":0,"offset":428,"checksum":"3400e0d8e64f6a20e81e74cfc2fe0636480fee7f35c13db099c8acb9b0e8f58a","bytes":375409}}
{"source":{"wave":429,"partition":0,"offset":429,"checksum":"8772a82e2876ed5759d6c2bc574dce0032de3b11667f67b4ebabc70f7695a96a","bytes":375409}}
{"source":{"wave":430,"partition":0,"offset":430,"checksum":"4e1444b77a4b7eaf50b71270cd08c8b76cd352ed2193c334cfac8d549d361bc5","bytes":375409}}
{"source":{"wave":431,"partition":0,"offset":431,"checksum":"1a4870d6154491867bc979f72b27f28ed920bfa8a1b76d6702949187646b1ed3","bytes":375409}}
{"source":{"wave":432,"partition":0,"offset":432,"checksum":"056e77f1eddcaa41aaadd0c0462f31f6fd78dedec58b8b31ca8368541d3b722c","bytes":375409}}
{"source":{"wave":433,"partition":0,"offset":433,"checksum":"f0fff686181ff6d02218f1ead80567c56dde247901abfff90941a26108549b65","bytes":375409}}
{"source":{"wave":434,"partition":0,"offset":434,"checksum":"b8c941853b7ac8d5451ada6bf82e2892b84f08933a59cbd649b17ea05dd1b012","bytes":375409}}
{"source":{"wave":435,"partition":0,"offset":435,"checksum":"4847152077ab6e226d72a3a76bcfc9adec4f806bbd5c018d41574b0c88b39eb0","bytes":375409}}
{"source":{"wave":436,"partition":0,"offset":436,"checksum":"6a53626b7edc83dca14253151c15bf45e1daf1a7f800a6815e814797b52f8b3e","bytes":375409}}
{"source":{"wave":437,"partition":0,"offset":437,"checksum":"1799bf335352ae4003b1f571f461a0112e8d45ec157a6e02db479b3e27f700c2","bytes":375409}}
{"source":{"wave":438,"partition":0,"offset":438,"checksum":"1d41733c1a2bdd672ae280b6b09c322ffc0368610363d684d35e83de65dc0f5a","bytes":375409}}
{"source":{"wave":439,"partition":0,"offset":439,"checksum":"71a96a71460d6670adac5f24cb95859cc80d2781110deca4d804ac709f8a5149","bytes":375409}}
{"source":{"wave":440,"partition":0,"offset":440,"checksum":"aa7a69c1f56c386c40ba1500cd3ffabb0e6ea3da60687fc4c0a24650ca92adf8","bytes":375409}}
{"source":{"wave":441,"partition":0,"offset":441,"checksum":"c5da3f0138e615624be6f9f054870a9fc10689f848fde830e13418ac479f334b","bytes":375409}}
{"source":{"wave":442,"partition":0,"offset":442,"checksum":"f70b7f2f1a339ba1eeb2a9bb5c8a186980fa8e6bfd775e0a0ec063acb03d8f02","bytes":375409}}
{"source":{"wave":443,"partition":0,"offset":443,"checksum":"2754530d7fb4abb445c6504f8d82289824dcae93ac7a873416f392ed5bc0d5f6","bytes":375409}}
{"source":{"wave":444,"partition":0,"offset":444,"checksum":"fdf9636ea2fe9fe2051e7f86627db955f6f27319074f6343f256348703abe624","bytes":375409}}
{"source":{"wave":445,"partition":0,"offset":445,"checksum":"ce0d15bae6a9dabdec3a76eb9286d987a85eb4fe715fd363e16a9fd1329c2a39","bytes":375409}}
{"source":{"wave":446,"partition":0,"offset":446,"checksum":"85b64855ebce954791dd1a0b5dc116b9579b4374823425c42d722885ea6bb3af","bytes":375409}}
{"source":{"wave":447,"partition":0,"offset":447,"checksum":"80e9f68382315a38aec6ec2875197a2ad0d511f4d0932a0905f9bc73f1a61ec3","bytes":375409}}
{"source":{"wave":448,"partition":0,"offset":448,"checksum":"83ddafd9c48b6a8e2197098313b57742d254de57dca46abb871c61c3d953ec17","bytes":375409}}
{"source":{"wave":449,"partition":0,"offset":449,"checksum":"0b3453a0008090081b75802e30e52f1bd984a13cd1c3f6470fa434458976965f","bytes":375409}}
{"source":{"wave":450,"partition":0,"offset":450,"checksum":"a39cfd3520da49f75e132bf8c3c1d036afb304f1c8c21ead622220da6d5ff2b4","bytes":375409}}
{"source":{"wave":451,"partition":0,"offset":451,"checksum":"6e6138b6d0ba2885aa03d3b0dce2a19ba8818a28dcf9efbf114546988031a248","bytes":375409}}
{"source":{"wave":452,"partition":0,"offset":452,"checksum":"edfc4bc193fca143ce910f489d177e1dabbf7d046c6073d07672dd4f22e6819b","bytes":375409}}
{"source":{"wave":453,"partition":0,"offset":453,"checksum":"d54015d3861b2455b35259dd228fe1e44f326625b4303507028c2ce3fb61ddee","bytes":375409}}
{"source":{"wave":454,"partition":0,"offset":454,"checksum":"4a027275889305ede9c3c2461268049f24c2455d8bbfc3dcc257bb0be36fa892","bytes":375409}}
{"source":{"wave":455,"partition":0,"offset":455,"checksum":"5e5118ff42bc955df9c61f9abb0b922b066c5333444cfdf3fd56c19643979cf5","bytes":375409}}
{"source":{"wave":456,"partition":0,"offset":456,"checksum":"9c713174363b2415721614bfc584a78fc653d55b33977a96f91484dc4c1fb5d6","bytes":375409}}
{"source":{"wave":457,"partition":0,"offset":457,"checksum":"d47e782a048cf91cf2b9d3e835452718fc85816818310f531f305a704392e3f0","bytes":375409}}
{"source":{"wave":458,"partition":0,"offset":458,"checksum":"1bbd677938e7cc537775dbbe6550a5ec22ada1ed4fd17daaf5bff74973fcbea3","bytes":375409}}
{"source":{"wave":459,"partition":0,"offset":459,"checksum":"24c4fd0fd5e9134070a9bbce78f08d45cd1aece04a34f6b6f0e476bf81a70bb0","bytes":375409}}
{"source":{"wave":460,"partition":0,"offset":460,"checksum":"fa4c901236b95ff585e63e76d6512c64ea8f4e1af868e5d1b1875bdc545dd5e2","bytes":375409}}
{"source":{"wave":461,"partition":0,"offset":461,"checksum":"1a289690cd6ccecb3c0e6b5c152c2d654a0e5de5ab93d61605b8d5b625b3e86d","bytes":375409}}
{"source":{"wave":462,"partition":0,"offset":462,"checksum":"df2eb33da4beb3558a92b9a9b1433f4863aa73aac328246e165838de0cb0f305","bytes":375409}}
{"source":{"wave":463,"partition":0,"offset":463,"checksum":"7bed8fd38b09c1a7c6342a9bd463b8bc20b28fac3ea57ab0a2d0fe584f04f206","bytes":375409}}
{"source":{"wave":464,"partition":0,"offset":464,"checksum":"650165728d5ed08f1bb882334213e9aee63c41740cb6fcfa2d4af7001a6c6c4c","bytes":375409}}
{"source":{"wave":465,"partition":0,"offset":465,"checksum":"1e73fa9eeaac90fbccf13a52e1b121ece40a3c06ffb7acd87b1060a21c09f3bc","bytes":375409}}
{"source":{"wave":466,"partition":0,"offset":466,"checksum":"58e1b5ac8199ad08060650302609a6fbf7de913536ff9af4d62b64db62d6a27c","bytes":375409}}
{"source":{"wave":467,"partition":0,"offset":467,"checksum":"97bff4d9fde1770be4549acd3f132c78efeb86f867fa0fce564b242c5f978c5f","bytes":375409}}
{"source":{"wave":468,"partition":0,"offset":468,"checksum":"8ca9e1c78820cdf25b5666b44543bec27fd831acf9ac21f71ab30dfb5d8814c9","bytes":375409}}
{"source":{"wave":469,"partition":0,"offset":469,"checksum":"d7e22a129387a8cdaa055f08f870c248a40cc7547b9c879cb4af229f0314857a","bytes":375409}}
{"source":{"wave":470,"partition":0,"offset":470,"checksum":"0c3346ab9d0b44c997b71f961658c79a8b077933319e31d288790cf10cfd3c2e","bytes":375409}}
{"source":{"wave":471,"partition":0,"offset":471,"checksum":"b376e318544af424057a3304836ab0cae37a28f3a7836688a6a0e09f2ffd7bd4","bytes":375409}}
{"source":{"wave":472,"partition":0,"offset":472,"checksum":"e5b19dc398b3071c38f72c14f01ad23f012b6bc1bb4ae0c8b25e1ea151ac1456","bytes":375409}}
{"source":{"wave":473,"partition":0,"offset":473,"checksum":"b454a56745b4d24c14099ba569faf0dde18cd4784d4533cc44ef90545ce399db","bytes":375409}}
{"source":{"wave":474,"partition":0,"offset":474,"checksum":"baeea5e753d5f54c21c850640a90c5a7ffe7ab3801781079ddbd5055998ce89c","bytes":375409}}
{"source":{"wave":475,"partition":0,"offset":475,"checksum":"71c8749ecad56c969f3c6d5bde9cd94c0901d613a94cfd3d0fe527fd330dbacf","bytes":375409}}
{"source":{"wave":476,"partition":0,"offset":476,"checksum":"eba30f65862a37ba869087e707db5632a887dad07aa4767251881e14d26e518a","bytes":375409}}
{"source":{"wave":477,"partition":0,"offset":477,"checksum":"a4508ac7e09a3abfc3a56690d3bc4b1dfbae1e96c87a53844c7bc8c7f08d7b9a","bytes":375409}}
{"source":{"wave":478,"partition":0,"offset":478,"checksum":"068f4de033eae72b67df8a08db35423d80fe572d581aa8076e216e2347a82ce4","bytes":375409}}
{"source":{"wave":479,"partition":0,"offset":479,"checksum":"28ed1104bf7a6adf85d1756299fb3c4121c75f091f377b983002655222b19ccd","bytes":375409}}
{"source":{"wave":480,"partition":0,"offset":480,"checksum":"bc8207fd4e409c198c7e3e69dded13f636a7da4a4a79729a340897ab6e697617","bytes":375409}}
{"source":{"wave":481,"partition":0,"offset":481,"checksum":"7bf388626dfc2630ad033f955b8b0b9d163d875a19b5f995c6f63590f5db0baf","bytes":375409}}
{"source":{"wave":482,"partition":0,"offset":482,"checksum":"2bb2d41f76b439723a3c16356ba2e53cf7dd35142d28c4785fc3fa62264d10ed","bytes":375409}}
{"source":{"wave":483,"partition":0,"offset":483,"checksum":"21a58bede5a97832c13fc1430dd7da8c7f4d5346cd52133d9270b2d8286d7f8f","bytes":375409}}
{"source":{"wave":484,"partition":0,"offset":484,"checksum":"1a9c72e211ac25bf9eace3885f99346c571d2d658959b6b23af1c09cc212ae87","bytes":375409}}
{"source":{"wave":485,"partition":0,"offset":485,"checksum":"200f65595472a2b295d4ae4f500e0cdad5cae81e58268f021af3e3439a2cda73","bytes":375409}}
{"source":{"wave":486,"partition":0,"offset":486,"checksum":"85236ae3bf89d1131644a7a15a23efc866f20fff91392057bee94d0301827f29","bytes":375409}}
{"source":{"wave":487,"partition":0,"offset":487,"checksum":"a8b58830acecf047680461ba4818d4e758f433065d096458eb638d09f2a49dc5","bytes":375409}}
{"source":{"wave":488,"partition":0,"offset":488,"checksum":"f02717f38ddbe99ed20137dcda142bbd3e3693c806deb6218b4d2339eb57efec","bytes":375409}}
{"source":{"wave":489,"partition":0,"offset":489,"checksum":"9695e8d4d89f7e8c7bb9e771b425c07baf956b9cfb0eb8ccf0648b832d84e269","bytes":375409}}
{"source":{"wave":490,"partition":0,"offset":490,"checksum":"2e95d2db7cb86e39039f09c0b4607dfcdf0ebb3087a11d8045dc618a28e4bb08","bytes":375409}}
{"source":{"wave":491,"partition":0,"offset":491,"checksum":"9d40f5aaba13cb1648a070765ee65ee29c9dcb179de4081d1919429d6b0528fc","bytes":375409}}
{"source":{"wave":492,"partition":0,"offset":492,"checksum":"e4c74235a1ca89e51eb159fa245981baafe70f03c22ff6988d3a39a3eb511fb2","bytes":375409}}
{"source":{"wave":493,"partition":0,"offset":493,"checksum":"d8d3d95d571ed7c771ee3e4d7b5a4a8c6ea719a73050c03f7c2f826bd622859a","bytes":375409}}
{"source":{"wave":494,"partition":0,"offset":494,"checksum":"787ce54426f4078d3ed5946ee16aa5d61498c81b7083037e6076b7a4e078b1b4","bytes":375409}}
{"source":{"wave":495,"partition":0,"offset":495,"checksum":"a7e4d872d8a893a4045bcec678628f3c81d72540f1c2664ae5558a3d587d0589","bytes":375409}}
{"source":{"wave":496,"partition":0,"offset":496,"checksum":"fd3d9a24339568199ae82fe20cdbfcbf3636a868f92bc4bc62196cae67199fd8","bytes":375409}}
{"source":{"wave":497,"partition":0,"offset":497,"checksum":"951ff7cdc59cc40fac7a2b64c591bbca570ef2d2a6a06e4c3a29383d614872d3","bytes":375409}}
{"source":{"wave":498,"partition":0,"offset":498,"checksum":"9871ebcb29fe3f5af666c3991a0a696f01ddc4481e6bf1dcb7bc1317cae5c23e","bytes":375409}}
{"source":{"wave":499,"partition":0,"offset":499,"checksum":"18df6958e3b7553e7ec0e8c111fbb438b1d4a792802cffb597e0bc53fb15ae27","bytes":375411}}
{"source":{"wave":500,"partition":0,"offset":500,"checksum":"90bbf03b1e042efe704723683ff79330c3c898cfa3930d890bd703b5920695a9","bytes":375611}}
{"source":{"wave":501,"partition":0,"offset":501,"checksum":"af7154bca4e45499ba83353263f598f567ea0ff3f9341b859ab5a71496d24f9d","bytes":375611}}
{"source":{"wave":502,"partition":0,"offset":502,"checksum":"21773bc6d0b72c08f8a942cf5e62c6348c085e16c4939ec3e2270ae8ce6d7c64","bytes":375611}}
{"source":{"wave":503,"partition":0,"offset":503,"checksum":"5ece3e289e3f85490a4950723574fa1d82c64a06a538a6830f70eb1552ce6110","bytes":375611}}
{"source":{"wave":504,"partition":0,"offset":504,"checksum":"4255e0375a370998efa1c49e89fff59f15a31221eea915ad832977c487302e8b","bytes":375611}}
{"source":{"wave":505,"partition":0,"offset":505,"checksum":"70856f63a0422fcf1ffc3f6b4cbba9ae6d21bb4a4170a76f8c26269e56247cf6","bytes":375611}}
{"source":{"wave":506,"partition":0,"offset":506,"checksum":"eaad6c8281106863ef2a145261114cbb175e9e93a0407b2e49b7efa62c916f83","bytes":375611}}
{"source":{"wave":507,"partition":0,"offset":507,"checksum":"9af98dba603859d083c8e0c459123661446752cc9c98aec9ce10935f65d52651","bytes":375611}}
{"source":{"wave":508,"partition":0,"offset":508,"checksum":"613f8e4f020f528e106e2051dbdbd1d398046bb78c971492b41a439b18c71e56","bytes":375611}}
{"source":{"wave":509,"partition":0,"offset":509,"checksum":"597941f562eeca4b1e53ce06b9896ad136dfe33b82aa8fcffc419e2be9096053","bytes":375611}}
{"source":{"wave":510,"partition":0,"offset":510,"checksum":"1116c1d96369eb9876277e2ea9d0e171ef4f587af18df51248ea35f57850e404","bytes":375611}}
{"source":{"wave":511,"partition":0,"offset":511,"checksum":"a36718e96f428274fd87c3347cf0bc1b0869c82b9ac59c009de9a44ca17675c2","bytes":375611}}
{"source":{"wave":512,"partition":0,"offset":512,"checksum":"857a8f82ad5fa4d75748a61c8b0235b00f54942d5705b2b71fd5e02206bd4fa0","bytes":375611}}
{"source":{"wave":513,"partition":0,"offset":513,"checksum":"ce8c6bba08553c6b42c23188eada5bfeb34f1a9edf18abe32c159b5a9c8951e4","bytes":375611}}
{"source":{"wave":514,"partition":0,"offset":514,"checksum":"046ab40aedcec2e9765ce8e8dfaf9d43452bcef0c5cb19e4d94d256483d23ecf","bytes":375611}}
{"source":{"wave":515,"partition":0,"offset":515,"checksum":"71d3b59e43022275bdb1743efdc16863f03e33e1e5b929da7cff299caca1a199","bytes":375611}}
{"source":{"wave":516,"partition":0,"offset":516,"checksum":"305ce181516191d93ca2a62d3229b1784600c91e6d66eeebea4c4891d395cdaf","bytes":375611}}
{"source":{"wave":517,"partition":0,"offset":517,"checksum":"d5dc269e09f78745e62d72ffed2954106fe408567b429b65aa4b6397bb3058f1","bytes":375611}}
{"source":{"wave":518,"partition":0,"offset":518,"checksum":"ece7fa1413b0ac20c5a0e6fd7ceb1d3e84204aaed8670b2fcf0ae96dcd2b7e5f","bytes":375611}}
{"source":{"wave":519,"partition":0,"offset":519,"checksum":"81addb3bbf3c261aef5630e5d6c8f77d9ece80f4a0d4688653f6a47f8a31a06a","bytes":375611}}
{"source":{"wave":520,"partition":0,"offset":520,"checksum":"c17acb2663acd9cb691fc2d2acdf3decefad68b103320c7f8e6e5862379b9617","bytes":375611}}
{"source":{"wave":521,"partition":0,"offset":521,"checksum":"1fa68ba67eff8e7f6fc40b5942643dcd40ca99490a65af1ec6f88a0531d24ebf","bytes":375611}}
{"source":{"wave":522,"partition":0,"offset":522,"checksum":"b23554fefed258a3cc4e1c4e4a9001fb9a5341485b7f6d052dca39652dfd5fca","bytes":375611}}
{"source":{"wave":523,"partition":0,"offset":523,"checksum":"84091666b90bbe17ccfe1108e931d2e3d249252e034e5f99d6a409e99d557a0f","bytes":375611}}
{"source":{"wave":524,"partition":0,"offset":524,"checksum":"b3584fbe033c9782ea287543f2245bb20f18383f47ce76831929e7f0b9e73e06","bytes":375611}}
{"source":{"wave":525,"partition":0,"offset":525,"checksum":"3fc6e72da11068c9182524e1c0ed1b0091bdfafa2acdc3a262273c7184dcb5d4","bytes":375611}}
{"source":{"wave":526,"partition":0,"offset":526,"checksum":"1a9cd300ec1aacb67f0ba31c68fd5939da372c012591fad1f23cf5d65de0de8e","bytes":375611}}
{"source":{"wave":527,"partition":0,"offset":527,"checksum":"ecb503bfb9f38beff85a382f2c2ba5dab00f8ebbf10fa49aac3497457596b8d0","bytes":375611}}
{"source":{"wave":528,"partition":0,"offset":528,"checksum":"a01f8fd0b11f1ae33f5d8157a94498c9534218e3b9688726a6d9e7f7414874a7","bytes":375611}}
{"source":{"wave":529,"partition":0,"offset":529,"checksum":"aeb823941b31357eeb1cd0c411841456b997cb823adcf65074d36b18f61112b2","bytes":375611}}
{"source":{"wave":530,"partition":0,"offset":530,"checksum":"77292f725382440f9b69d234e2aecceb4f6861d52c8da3e200a5f045d8ecc896","bytes":375611}}
{"source":{"wave":531,"partition":0,"offset":531,"checksum":"c52c51a94de1a466c8e2262bad3ab5339a0a74db0f6e4b610797507296ad47a1","bytes":375611}}
{"source":{"wave":532,"partition":0,"offset":532,"checksum":"97041ee5d9bd960926ee4037527d8d725b034ad3cc75599f6fc83119d0443ef3","bytes":375611}}
{"source":{"wave":533,"partition":0,"offset":533,"checksum":"301be5b6ec2f89398aae09cf70fc2d2b1e150c9085597456748419df1b41d253","bytes":375611}}
{"source":{"wave":534,"partition":0,"offset":534,"checksum":"b1ede7f3ec21e1d4f2e21f2359d51d8580ad1b4549ffc04e925cbf0dbc602c99","bytes":375611}}
{"source":{"wave":535,"partition":0,"offset":535,"checksum":"26e513a9d16a9d1f92bc815a324dfadf4a5a669bbf8504a35ef8d316ed02f6e3","bytes":375611}}
{"source":{"wave":536,"partition":0,"offset":536,"checksum":"28692eeae64618b8ccf55640832d04a680d42a09334836226279628104e80386","bytes":375611}}
{"source":{"wave":537,"partition":0,"offset":537,"checksum":"9fe6dad381a69f402e9b4483af0389c9e5b2cc5fb174326edbf55a75be6c822b","bytes":375611}}
{"source":{"wave":538,"partition":0,"offset":538,"checksum":"02f47191be2fb6f56a0fdb7ddd4ba3e501902dd2740cd77b278e384da062df4a","bytes":375611}}
{"source":{"wave":539,"partition":0,"offset":539,"checksum":"fc90efcde51ae65f87bfbd828a75e77f7f9930d8ed0f526e7d6bb08031d8f2e5","bytes":375611}}
{"source":{"wave":540,"partition":0,"offset":540,"checksum":"2002b6b70bba254d3cdf099d4e7b0a8035af0a02ab3d07bad9f991733303674a","bytes":375611}}
{"source":{"wave":541,"partition":0,"offset":541,"checksum":"3532c17709e36ab28c1e654cd49a49333486fd9692d6085c037eeaae0f08b2fe","bytes":375611}}
{"source":{"wave":542,"partition":0,"offset":542,"checksum":"b4d2d60fae3fc5cef8a3407432e56238c4fcdbb5add433bd7fa58d05391344ed","bytes":375611}}
{"source":{"wave":543,"partition":0,"offset":543,"checksum":"b4d0cd9d5717863fee30281825139418727e1ac0e42a84f015889a6a991b8775","bytes":375611}}
{"source":{"wave":544,"partition":0,"offset":544,"checksum":"b23efa46715008d990eaaba403a42a66c6676fb4187ed76258555f6ba08ccced","bytes":375611}}
{"source":{"wave":545,"partition":0,"offset":545,"checksum":"25c855804eec4956896b9ee4012090d4b2c286de071eb627fd6e88124fa667ff","bytes":375611}}
{"source":{"wave":546,"partition":0,"offset":546,"checksum":"346ce1016eda191540851547aa242f9e45dbb1d4ab19f90a2de3647156820c4f","bytes":375611}}
{"source":{"wave":547,"partition":0,"offset":547,"checksum":"96dd186173572c32151c1a98f93753bbe9415f4f35d11cc3ae502ca205428996","bytes":375611}}
{"source":{"wave":548,"partition":0,"offset":548,"checksum":"2c7ae2ca66198b658484c3b163582ea2b4e67b5afa4e13538cc64338408eb17d","bytes":375611}}
{"source":{"wave":549,"partition":0,"offset":549,"checksum":"37895898795ead4313aa1937f8052035e37d479a27fbfa6c6f212435765cdcd8","bytes":375611}}
{"source":{"wave":550,"partition":0,"offset":550,"checksum":"9ca10a06657a37683d7be6521cc57223a43d59908e180b8f383cb1948225edde","bytes":375611}}
{"source":{"wave":551,"partition":0,"offset":551,"checksum":"07313ed8ef7f6300a3c3697e730c31ae904be49c00f6ff05192ac1962e9177f7","bytes":375611}}
{"source":{"wave":552,"partition":0,"offset":552,"checksum":"0b92b283cda6f34536d65b2154395bd2f3748519b2d05959d864dbc1686d5c2a","bytes":375611}}
{"source":{"wave":553,"partition":0,"offset":553,"checksum":"aa61eb03f4554057b84235cfd9467cd22b78f17459b0b0ad2c8b4a5e6885ba68","bytes":375611}}
{"source":{"wave":554,"partition":0,"offset":554,"checksum":"2c36ab5ce1857620c827d1aa1fb29da93f88f608cc1a3bee1c8e8e442a70afec","bytes":375611}}
{"source":{"wave":555,"partition":0,"offset":555,"checksum":"91023bf8da04166f2b4eeba3701e7e533025804368cf750027a623e58632b305","bytes":375611}}
{"source":{"wave":556,"partition":0,"offset":556,"checksum":"fb6022b1eed60901054c5bbc0451f0f2f10f3633d5576cc82265e4da548e7c45","bytes":375611}}
{"source":{"wave":557,"partition":0,"offset":557,"checksum":"4a5a2e0e97c3c0b2741c41b93f463174eb04df7aac223b72bfb44ca8779e9450","bytes":375611}}
{"source":{"wave":558,"partition":0,"offset":558,"checksum":"3cfa1973a9f56a8e433ce44cf9062d46bc68affe678211afdaae9b0630711b04","bytes":375611}}
{"source":{"wave":559,"partition":0,"offset":559,"checksum":"5d092a6205403cebf5ff194a28baa3621b64335f58789e625ebcef2b3ee65c0f","bytes":375611}}
{"source":{"wave":560,"partition":0,"offset":560,"checksum":"7e72d21d1a369b226d11dd48cf46db402401f0fd2bedfbcc3870c134fa6b2731","bytes":375611}}
{"source":{"wave":561,"partition":0,"offset":561,"checksum":"42c950216cacaf3c690d08783c9606cb19cf344adc5b0675e872314aaa6d2a8c","bytes":375611}}
{"source":{"wave":562,"partition":0,"offset":562,"checksum":"e16b7ca76968311973ed1fbc317fb0dc89126fbec1a4ae26d06001754b57eecb","bytes":375611}}
{"source":{"wave":563,"partition":0,"offset":563,"checksum":"bc920912ecef5d0750d538e14b34e6d91aff00e19a7d386e573849377af2c758","bytes":375611}}
{"source":{"wave":564,"partition":0,"offset":564,"checksum":"07bbe3a6d05dd495ce1554ef8929ecafa5aa1837690f2f76e7b426d5f8f67218","bytes":375611}}
{"source":{"wave":565,"partition":0,"offset":565,"checksum":"b1cfc50a8256c98604a4376ce3cf96e5d4cf4605579bef66df0c280f870921ec","bytes":375611}}
{"source":{"wave":566,"partition":0,"offset":566,"checksum":"963abf34e749782da47c6f744726ff7f4decb1c8f5d8e21c5f5b1892ba347e55","bytes":375611}}
{"source":{"wave":567,"partition":0,"offset":567,"checksum":"51c222308f485b510f4155bc466947309bba3fdcbec69cdb3f1d662e4f7e8cbd","bytes":375611}}
{"source":{"wave":568,"partition":0,"offset":568,"checksum":"7080a99dc313e8f43dc0981f650c44556bbab765a5851d9ce2371b50269deed7","bytes":375611}}
{"source":{"wave":569,"partition":0,"offset":569,"checksum":"285e4e54f185fbf7a4c75339ae24c08108ae780485af22107478e639da0a2655","bytes":375611}}
{"source":{"wave":570,"partition":0,"offset":570,"checksum":"16c5658e150acac7c5ced7779cf2b691b4ce08d4a890b9ef9f93b632938536df","bytes":375611}}
{"source":{"wave":571,"partition":0,"offset":571,"checksum":"30583f62051a501398bf694eba5c951018f97fb2839097a5fcb23162acc84427","bytes":375611}}
{"source":{"wave":572,"partition":0,"offset":572,"checksum":"3edf764fc7ac61a218e69e40e7f12751fef38d8b4e00a3875f05939a1da43b6c","bytes":375611}}
{"source":{"wave":573,"partition":0,"offset":573,"checksum":"7c452546b24a8878db75aee906ef69f4081ae074ee06533260282a5d6f011e14","bytes":375611}}
{"source":{"wave":574,"partition":0,"offset":574,"checksum":"a6db3fe393fe064f48d687ef3f887513cad5cad6cc925e16c604deaadcb4d285","bytes":375611}}
{"source":{"wave":575,"partition":0,"offset":575,"checksum":"7d4bddbe5a53194dbeb057ce9868c112ec7b91504c641e066b5ef41e7eb41e2b","bytes":375611}}
{"source":{"wave":576,"partition":0,"offset":576,"checksum":"9b9750ea7e35fabad00b62456abf11f70f3c7efd6dbd0dc39584b43a29e7d01a","bytes":375611}}
{"source":{"wave":577,"partition":0,"offset":577,"checksum":"c32b9a7797fbbfa5187a1eeff9e67b2945e6fe2955e2e947ebb5350ac87a9aee","bytes":375611}}
{"source":{"wave":578,"partition":0,"offset":578,"checksum":"655f316715a21d75a048d186d9be6764eae1d41fccd426da4dc9c1b9ce9e85b8","bytes":375611}}
{"source":{"wave":579,"partition":0,"offset":579,"checksum":"2ca0dacd179deaeaeadd4763e282a671355ef9a21c2beaa91766198514ae3c61","bytes":375611}}
{"source":{"wave":580,"partition":0,"offset":580,"checksum":"91cede87b41b2b916dd34b2aa5af74db8a8041949ab0749b78e30aa7abccdda0","bytes":375611}}
{"source":{"wave":581,"partition":0,"offset":581,"checksum":"a5597b7c4af12117d2ff5bd9563adf04fc1271c98a63fc21e8bc585625b5433d","bytes":375611}}
{"source":{"wave":582,"partition":0,"offset":582,"checksum":"30586153c67fa7f36b38b75f398c907c1abdee75763a085327f80f19a581a96a","bytes":375611}}
{"source":{"wave":583,"partition":0,"offset":583,"checksum":"2b335203d50922ad748ed346ef7e35bf655e618528d8bd371686961482a38873","bytes":375611}}
{"source":{"wave":584,"partition":0,"offset":584,"checksum":"c7af48f6683f157a54a32edd26696c949ea96deabd6e200641a2792a64213f1f","bytes":375611}}
{"source":{"wave":585,"partition":0,"offset":585,"checksum":"fcb564a4b7660582775fc8ec551e21cd2f6eafd87f01132a02af9341460466af","bytes":375611}}
{"source":{"wave":586,"partition":0,"offset":586,"checksum":"be92ba33ad5ef6d362f67d272e3b219e7cef6c2489cfab71d62e1d8fbb5ded4a","bytes":375611}}
{"source":{"wave":587,"partition":0,"offset":587,"checksum":"b4f459343f18488158e14f17afb54f60e5bb18cebd39d02166c3561484edd429","bytes":375611}}
{"source":{"wave":588,"partition":0,"offset":588,"checksum":"82a8a81c71d07de2187d6e1641daab414cbe18e6d00c42ece9938311fa8dc6a1","bytes":375611}}
{"source":{"wave":589,"partition":0,"offset":589,"checksum":"eec7cc5b7e96982e29a7970ef2fe66f012d09a6a04da4b32e637b36849ece3dc","bytes":375611}}
{"source":{"wave":590,"partition":0,"offset":590,"checksum":"207efc8cff25d2090341683ce98ee3be942d2306505df85704b87c3a1fc59845","bytes":375611}}
{"source":{"wave":591,"partition":0,"offset":591,"checksum":"e7e079d04f3f20ba10517b7548563f2fc0d4df49d261406e25fe594e915e520b","bytes":375611}}
{"source":{"wave":592,"partition":0,"offset":592,"checksum":"5d81d0b7dabf492591acf928388141f659c0b69082ce0efbd477d41343aa9cd7","bytes":375611}}
{"source":{"wave":593,"partition":0,"offset":593,"checksum":"95c806e281729416df0bd302e18f5cb5f98e6d2b173345df2aa2b8a62f9f21a0","bytes":375611}}
{"source":{"wave":594,"partition":0,"offset":594,"checksum":"0a83760ac9d4581a69a2077a3b8db9f318b92df512cb21daee1d0b93e53c9bb4","bytes":375611}}
{"source":{"wave":595,"partition":0,"offset":595,"checksum":"2b2bf6bc8c4cbc93c0704484722fb58e05fa11bd9987f2a7bce206ce85a44491","bytes":375611}}
{"source":{"wave":596,"partition":0,"offset":596,"checksum":"fabd857c377c138a1bcb2b690bf4de8601e0fcf57b2136aca0c1061d9ab650c2","bytes":375611}}
{"source":{"wave":597,"partition":0,"offset":597,"checksum":"fff7a20727ac6a22c7a3dad2396565f2ea45986955353318b2406ead6388f084","bytes":375611}}
{"source":{"wave":598,"partition":0,"offset":598,"checksum":"6a34646efb372e512c126d8245b7041d3fe1d1844e2a1ab5b0ed3938f04dc4fc","bytes":375611}}
{"source":{"wave":599,"partition":0,"offset":599,"checksum":"edf3c4c76e137996b8048471ad5360e57e5919a02154e901f432d2c3ad9e393a","bytes":375611}}
{"source":{"wave":600,"partition":0,"offset":600,"checksum":"b7e018fa72eac03c06d61d7bdfe762a1cf3c850658c1ea10daae7279f70cc202","bytes":375611}}
{"source":{"wave":601,"partition":0,"offset":601,"checksum":"03d08dcde22eed8cc82dfa61f3941c138ac87037f827a31cfcd61f6bafd896b4","bytes":375611}}
{"source":{"wave":602,"partition":0,"offset":602,"checksum":"034320396e3aa9609e22f8ba6bd69df1aeef6009d589d304346f03273b8f343c","bytes":375611}}
{"source":{"wave":603,"partition":0,"offset":603,"checksum":"65d822b5de1f34b6ef88b2b3522907f499e40b792a581dcdfe61a1029c9a4e4b","bytes":375611}}
{"source":{"wave":604,"partition":0,"offset":604,"checksum":"f054c5c113b3c767df05487bd37be2f31aa238528954123c7c9d76769a223baa","bytes":375611}}
{"source":{"wave":605,"partition":0,"offset":605,"checksum":"c0713b317c98d88296730d10ad375182fb709aa428e0d371a0304f69fa7b2535","bytes":375611}}
{"source":{"wave":606,"partition":0,"offset":606,"checksum":"d41f7948115b679e8d93c6eb28a013e616edf96dd655dbb55005a92ea13f1723","bytes":375611}}
{"source":{"wave":607,"partition":0,"offset":607,"checksum":"8d083d54328c6fb47bdeb6189da49f5cff7c2120a94ae910d30cc4e15840be8f","bytes":375611}}
{"source":{"wave":608,"partition":0,"offset":608,"checksum":"8c5cb0cba23c99fded65836e8cd515869aca0c23bcc3909b142d09c150ff7c85","bytes":375611}}
{"source":{"wave":609,"partition":0,"offset":609,"checksum":"2fc9212798d30569894f0c616c3d467088c0783d29fb4c66f2b6e66383c8b5fa","bytes":375611}}
{"source":{"wave":610,"partition":0,"offset":610,"checksum":"32de5562edde21a114cc1011a4a9b19380b1f76e012366fc87db72ff884cf12f","bytes":375611}}
{"source":{"wave":611,"partition":0,"offset":611,"checksum":"e63b3668f70740a378223e78b2eb4df4f76565b7e4ceccb25fcf69ce2be8e262","bytes":375611}}
{"source":{"wave":612,"partition":0,"offset":612,"checksum":"dde9a234612b529aeb85b6a364d48d451f4eab643e79999a036e735b305bc4ea","bytes":375611}}
{"source":{"wave":613,"partition":0,"offset":613,"checksum":"98658961865cfa011c6e67e7154d9dab0dac8163abf40d7b5d9b8311138619f2","bytes":375611}}
{"source":{"wave":614,"partition":0,"offset":614,"checksum":"b741e9f2d4266c18c802038e4af51319c73b080e36ea4c3abdd7c2e2d78c02ba","bytes":375611}}
{"source":{"wave":615,"partition":0,"offset":615,"checksum":"337a709cb1e11998fb76d92fa50e2df1bea5c94826a3233f4805146b5c33886e","bytes":375611}}
{"source":{"wave":616,"partition":0,"offset":616,"checksum":"db4bf902065482c6d15651eef76a77de1b44f4af1479c4aeb2b33486feb0db78","bytes":375611}}
{"source":{"wave":617,"partition":0,"offset":617,"checksum":"a2213423b4df92ee2e515be9b5584fa1b46ab72fb4e066211ea89a30f8d75d1d","bytes":375611}}
{"source":{"wave":618,"partition":0,"offset":618,"checksum":"f1c3368cf81b244171afe15f7fd420b3896ffefff66009155dbd5d0ea64a74be","bytes":375611}}
{"source":{"wave":619,"partition":0,"offset":619,"checksum":"4f51cdfcd4c220de0aed2aa98a654b8594cfd16e519277575b7268d214281c7d","bytes":375611}}
{"source":{"wave":620,"partition":0,"offset":620,"checksum":"bf4b12b986e9eea1dbc638454a031a9c48ac865886a25a26b45ff43a33ea3577","bytes":375611}}
{"source":{"wave":621,"partition":0,"offset":621,"checksum":"58c0499e2f4fc8a5de45f54da8e5ccfd5c249610ecfdfc7f9fc0e832e53be4e9","bytes":375611}}
{"source":{"wave":622,"partition":0,"offset":622,"checksum":"b8b25d2c9b21da0df817e0cc0a03d8fba410fe84ba6800b2ed9ee795a4aaa642","bytes":375611}}
{"source":{"wave":623,"partition":0,"offset":623,"checksum":"76def0caf3b132e789490479c30d2d7420ed83bbf6e003a593c62add685ec551","bytes":375611}}
{"source":{"wave":624,"partition":0,"offset":624,"checksum":"526a9ce0fb90eef702348efa2c8d161f6ccea8568c1dd9a605b7e2a2b4e13148","bytes":375611}}
{"source":{"wave":625,"partition":0,"offset":625,"checksum":"b72057ce84f94f6916583bb40b410f89a706c7d6b5f2d0b96adca2e6e6b4db11","bytes":375611}}
{"source":{"wave":626,"partition":0,"offset":626,"checksum":"499f07a4afbecb6d8e82643f9864c02a940af5917dbd1eb89165a8b9fe569c8a","bytes":375611}}
{"source":{"wave":627,"partition":0,"offset":627,"checksum":"c7af13d4acf3de502568c10ee63950da6a343e4525a7a8d9861af1be2ae76f1f","bytes":375611}}
{"source":{"wave":628,"partition":0,"offset":628,"checksum":"2aa6bf1994877aae57106e6c32dfd02400d19ddc5e1920392128a06298c376f9","bytes":375611}}
{"source":{"wave":629,"partition":0,"offset":629,"checksum":"058103e5689961d41caca1b1e34756650d98129b005a1d4e0c40d29bea9e17b9","bytes":375611}}
{"source":{"wave":630,"partition":0,"offset":630,"checksum":"6cf8f7bde4b113a43bc7fa41b6655b31d45d88d63443f4eaafc67be84f198212","bytes":375611}}
{"source":{"wave":631,"partition":0,"offset":631,"checksum":"2c77066b9d47af826410cd4fb306b3b995f5e856312a751fc4d697f9602b57b4","bytes":375611}}
{"source":{"wave":632,"partition":0,"offset":632,"checksum":"c01c5f2c98b97988dd75e229c1eed987c74183b6c19afa7bbc683b15c2d999c9","bytes":375611}}
{"source":{"wave":633,"partition":0,"offset":633,"checksum":"c4794e8882545468215278389238c30ca6b2ee23817b5f4824f340935966630f","bytes":375611}}
{"source":{"wave":634,"partition":0,"offset":634,"checksum":"a72f312ca431431c0757c603252913213822603e93b5fcb322571f1b37d94dc5","bytes":375611}}
{"source":{"wave":635,"partition":0,"offset":635,"checksum":"d7ae6871a2a6ff3db09fe9132945006517ca19483d360aa48842863c5041dc22","bytes":375611}}
{"source":{"wave":636,"partition":0,"offset":636,"checksum":"de536119fe615898fef1b08b129be33724deba8a280ff897e076baae63efac4f","bytes":375611}}
{"source":{"wave":637,"partition":0,"offset":637,"checksum":"c6282a9e834a62ad59057e6f8af641d83389018e1f4160f8e926f5b238212257","bytes":375611}}
{"source":{"wave":638,"partition":0,"offset":638,"checksum":"f44bba35a422fd112bcc1fd56f6990cbb64d76fb662c318f8c0423fbc3f9be58","bytes":375611}}
{"source":{"wave":639,"partition":0,"offset":639,"checksum":"12278fb9677a075ba5bd2ac9ff4ec0c8dfedb4cc3a46d6bb34d4a6f7bbfddf89","bytes":375611}}
{"source":{"wave":640,"partition":0,"offset":640,"checksum":"5601db891a746355cd1b7d291a58a32eba8d60e11c36507d4f1e0fdacb0a6c22","bytes":375611}}
{"source":{"wave":641,"partition":0,"offset":641,"checksum":"635c54ba9d21ee02632126dcfa70026c634c4f68471a07f397a4e14f653d50de","bytes":375611}}
{"source":{"wave":642,"partition":0,"offset":642,"checksum":"55ac94dc431793ea2321c15d341843b223dc97ad9521aac5d706f4d014d42336","bytes":375611}}
{"source":{"wave":643,"partition":0,"offset":643,"checksum":"656d569b7b5a9d472c7810e44d26188bd10ee9414aca7714afcc4d5ae8bc54ee","bytes":375611}}
{"source":{"wave":644,"partition":0,"offset":644,"checksum":"a7b2802de5dde7d4f59019f32c3859c97f9c775c17cc5660f57d2dbdc14fc7ab","bytes":375611}}
{"source":{"wave":645,"partition":0,"offset":645,"checksum":"f5488af1be1ba9ca184ef351192d15f42f25be4dcd735a0c9bae5dc31bc3fd1e","bytes":375611}}
{"source":{"wave":646,"partition":0,"offset":646,"checksum":"5eb8f3356c11a7314ebeb864590b1499b4ff5dd70d984a7c30fbd7aece4129f7","bytes":375611}}
{"source":{"wave":647,"partition":0,"offset":647,"checksum":"50cb13891943b65c958296792c9a4ede250a470a4be6d0c40e434db6e5545aec","bytes":375611}}
{"source":{"wave":648,"partition":0,"offset":648,"checksum":"9cfb422e8d637efa58fce66801afc76124be2826ab5f58c5c26d8ee4573f2094","bytes":375611}}
{"source":{"wave":649,"partition":0,"offset":649,"checksum":"8429e5670df0eaff28d4dabbb23311ae9d7c21f7cf65484d333d7d8d19167508","bytes":375611}}
{"source":{"wave":650,"partition":0,"offset":650,"checksum":"2ac1e99306b191e7f166b459568cb68dab530145faf44e9baf08a088f85fb0b8","bytes":375611}}
{"source":{"wave":651,"partition":0,"offset":651,"checksum":"4b0d5251ecf0e85489b0291b44de71fcc0b28486cf944ee1073903f96f572c70","bytes":375611}}
{"source":{"wave":652,"partition":0,"offset":652,"checksum":"12f6d3ca25e993c441c6c18e95ecf2960e4c4e9a864396e18a85e6515392cd24","bytes":375611}}
{"source":{"wave":653,"partition":0,"offset":653,"checksum":"61b8109718680102b6facf7c5799894785cf93bb28ff2bfe351867a0463232d1","bytes":375611}}
{"source":{"wave":654,"partition":0,"offset":654,"checksum":"325d2aa70788ba61738d9351ea0ec043a85866d9c065a2d6a5d53e8a4bfd9dee","bytes":375611}}
{"source":{"wave":655,"partition":0,"offset":655,"checksum":"4ab9ff61757f22fa2893120df75476edaa4863efbc35ab255d7d6929396ab8a3","bytes":375611}}
{"source":{"wave":656,"partition":0,"offset":656,"checksum":"7a5280690299731c8388c84362226a60f4c7ac57f9afb1fc77ec1457e7f964b0","bytes":375611}}
{"source":{"wave":657,"partition":0,"offset":657,"checksum":"4a7c386c05742b35c8f0e454f3195146969fbd1dc11e22a65f96ba243d53990b","bytes":375611}}
{"source":{"wave":658,"partition":0,"offset":658,"checksum":"0b0d7eac2681c9effbc3f84b7dc200675cadaf744a966b928c6809055c508544","bytes":375611}}
{"source":{"wave":659,"partition":0,"offset":659,"checksum":"0371c48c262eeda5f75a97e14fae48919bb1be3141fa4cbf2fd903173f1b1d96","bytes":375611}}
{"source":{"wave":660,"partition":0,"offset":660,"checksum":"1a1f8331d5fbc611a8c9488e467bebf5fa45df06e8f700185475d3b247be44c8","bytes":375611}}
{"source":{"wave":661,"partition":0,"offset":661,"checksum":"f0b08a6608bf1e40a4bd5c48e5e93db40344249da5b3a8d1cda10014f0fe66c0","bytes":375611}}
{"source":{"wave":662,"partition":0,"offset":662,"checksum":"57854ebb2883238a60ee36538e2df53bf28bda47aa13ba8cc2dc0e1776aba352","bytes":375611}}
{"source":{"wave":663,"partition":0,"offset":663,"checksum":"90c2e168c9f14f9ae51bd8b328a8596a842d18528ccd3a22672681752f22e13a","bytes":375611}}
{"source":{"wave":664,"partition":0,"offset":664,"checksum":"d5de70d2fdca65742bbe5142447344b377e23821667b9f2b62bd976587bf0b5d","bytes":375611}}
{"source":{"wave":665,"partition":0,"offset":665,"checksum":"85c2fcfc2b1cfc2a15d3a91c608e7f68d8aea35d5aaee0ac94a2422d194fe377","bytes":375611}}
{"source":{"wave":666,"partition":0,"offset":666,"checksum":"210dc8644051a695f83bab7214e6e3f1e4de2882781767c68d2fd267ab2281f0","bytes":375611}}
{"source":{"wave":667,"partition":0,"offset":667,"checksum":"e619dffafdccab7ef8e96fc5e168918c22cccae262fae953398d6a00eb40263b","bytes":375611}}
{"source":{"wave":668,"partition":0,"offset":668,"checksum":"dfaf09e08e8fe524d0a4a1888ab6e21000e8677bee78f1a31e05c23890771d9d","bytes":375611}}
{"source":{"wave":669,"partition":0,"offset":669,"checksum":"63a7522e5362c9b6b77cc6c17efd3ca5d76de2abc952b263564f9acfb97bfd58","bytes":375611}}
{"source":{"wave":670,"partition":0,"offset":670,"checksum":"0b1168ac2d38197c98f006bacfbc732b4017e9016ad2da46dd42a7ff766b3c3a","bytes":375611}}
{"source":{"wave":671,"partition":0,"offset":671,"checksum":"c824c074191bc1550f0017d0bd9c3138a5ed35ccf3774325021d8b86a5a9e899","bytes":375611}}
{"source":{"wave":672,"partition":0,"offset":672,"checksum":"8ef025740b0e4b69671b61584e4d7f9d1f36a801c009a77ed45ffb8f4a3fa953","bytes":375611}}
{"source":{"wave":673,"partition":0,"offset":673,"checksum":"6861ccb61a51fd8281a784453c02e99fd03248eb683a2b5a096ea7a74725ee33","bytes":375611}}
{"source":{"wave":674,"partition":0,"offset":674,"checksum":"3d0b8828bc07c780871a4be66c30ce71de9a3fe698c7cfaa7581966b4ed43c53","bytes":375611}}
{"source":{"wave":675,"partition":0,"offset":675,"checksum":"4c57fceb220d979a7d481233a486299957c1e09ff2cb5e15dd4bd56c3b50113c","bytes":375611}}
{"source":{"wave":676,"partition":0,"offset":676,"checksum":"08bd315b20fa27772c63026f0c41c3137cbc6f096c5b04b45446aa3c79c76b87","bytes":375611}}
{"source":{"wave":677,"partition":0,"offset":677,"checksum":"2e85a24d091370bc818fc884c793d7a7c651a2eca2747df1059815df2f60e58b","bytes":375611}}
{"source":{"wave":678,"partition":0,"offset":678,"checksum":"36690022a3204b6eba33da03e834a3e40d912b6d47aca337e6e71e64560a0cb8","bytes":375611}}
{"source":{"wave":679,"partition":0,"offset":679,"checksum":"f5ea13e28c09c09f8a6336ba7ac5c8ea19fcc07513b7abb05498a6ab7ad54976","bytes":375611}}
{"source":{"wave":680,"partition":0,"offset":680,"checksum":"b6f5edfcd479141182fbc2af65564a15ee2ffe4f4d830c55c22d70740c231cd0","bytes":375611}}
{"source":{"wave":681,"partition":0,"offset":681,"checksum":"346788083b37090ca3be3edbb40a33566c799bdf74a600d592536eb539acfc6a","bytes":375611}}
{"source":{"wave":682,"partition":0,"offset":682,"checksum":"57ed0a5961a113cb752eeb0750093085aae4ee9ce82ccba18c358cf3721cc3d0","bytes":375611}}
{"source":{"wave":683,"partition":0,"offset":683,"checksum":"d9b5b3ed385ff110c1d056233a54f61277c8e2e450742343959aba0b9287a918","bytes":375611}}
{"source":{"wave":684,"partition":0,"offset":684,"checksum":"4d403310d2518c472ece725e5a761e2daf61fde448495534653fd1a63eb89d13","bytes":375611}}
{"source":{"wave":685,"partition":0,"offset":685,"checksum":"b04369d363066fb3a8f44589ddde3a77da76c1ecf10d7c3822f90186bd057605","bytes":375611}}
{"source":{"wave":686,"partition":0,"offset":686,"checksum":"96dc8060d20eeeee182770bace733b471f2a8ac89cbc2a7ed33adab500e765e5","bytes":375611}}
{"source":{"wave":687,"partition":0,"offset":687,"checksum":"855c35331fcc68857d57561dcc6efc70f47156e0242be76a7546e4611329e5f6","bytes":375611}}
{"source":{"wave":688,"partition":0,"offset":688,"checksum":"32a8760c279007fc8edb22ad5369e7b050496104aa973d8c7461a0ab14c56805","bytes":375611}}
{"source":{"wave":689,"partition":0,"offset":689,"checksum":"33501cba8e1206bfaca1f6f076d96de6dc9aedd53d03de1f4a79be5d2fda59af","bytes":375611}}
{"source":{"wave":690,"partition":0,"offset":690,"checksum":"bc70ef31779abfbb08db8ac0faa9b56b7c081c44819586f505ca3c24c957e389","bytes":375611}}
{"source":{"wave":691,"partition":0,"offset":691,"checksum":"5235eb19882ac74eb4b4b4be28134b718248c0f4bea667cbeee3a02a7de46f49","bytes":375611}}
{"source":{"wave":692,"partition":0,"offset":692,"checksum":"f14b739d3e4808b26859c256b2f0c0afa339f9faa714d72a7997602681252af7","bytes":375611}}
{"source":{"wave":693,"partition":0,"offset":693,"checksum":"f9ffabcec749c2adac700a28303209ea8bcb72f9231810fa8c5c5da23cbc31c7","bytes":375611}}
{"source":{"wave":694,"partition":0,"offset":694,"checksum":"c08bf2df640265ec4c3365b0ea0d89c465db4c3b0cddd511a8bec3cd45f3cde8","bytes":375611}}
{"source":{"wave":695,"partition":0,"offset":695,"checksum":"31c4704caac7e7cb473ad9ef2e979d9c12e654ada01a460b4c3b090913b97ea4","bytes":375611}}
{"source":{"wave":696,"partition":0,"offset":696,"checksum":"62edc3cfd87de39ff81a7f8d2a3ebbb220d58ed13d5d34da66153dd885da3cce","bytes":375611}}
{"source":{"wave":697,"partition":0,"offset":697,"checksum":"093f8f60831e93e3a5a0dc09c9031ad1ba722f639a909e408155ce3c697928a5","bytes":375611}}
{"source":{"wave":698,"partition":0,"offset":698,"checksum":"51f7d27daa6d3a75eba23e8180126828df136e842f995b0eb06100da8468b2bf","bytes":375611}}
{"source":{"wave":699,"partition":0,"offset":699,"checksum":"fcc8abb300af9d7b22b535b8924a034b2ded244226fa30f5b0c5cc9c49b54a11","bytes":375611}}
{"source":{"wave":700,"partition":0,"offset":700,"checksum":"a61fc9515116b66c355994abb751650da4970d915c57e4b53535435ee7040300","bytes":375611}}
{"source":{"wave":701,"partition":0,"offset":701,"checksum":"c59a8187bae11bc784e007d6327b88b6151e63f6b18d8f46838a55d5ead779ce","bytes":375611}}
{"source":{"wave":702,"partition":0,"offset":702,"checksum":"977b18073d0d2e80a94212cc3b4c161f43bcea2a475e55ae4b3ecaf3843e7884","bytes":375611}}
{"source":{"wave":703,"partition":0,"offset":703,"checksum":"f7467cbebd11d5a2344708d2d42fc23937dcc9a1dce7684981872bca15121273","bytes":375611}}
{"source":{"wave":704,"partition":0,"offset":704,"checksum":"96123e7482c33de21e0578230ddf4c1d2a6a505167db32e35136ed16659cf205","bytes":375611}}
{"source":{"wave":705,"partition":0,"offset":705,"checksum":"74b7acb98cecabdee0a5a3db2bd26a57bdf69082447b6fd84ce9fe13201cd659","bytes":375611}}
{"source":{"wave":706,"partition":0,"offset":706,"checksum":"9f5976592638f45d25241ed44ef295481080f35b39686310767b6f121b1eef0c","bytes":375611}}
{"source":{"wave":707,"partition":0,"offset":707,"checksum":"b76d5dc60edf03775dae78fa7b59b26e6ae8bb273426fbdb7ef34bd30c351bd5","bytes":375611}}
{"source":{"wave":708,"partition":0,"offset":708,"checksum":"a38dedf5cabdafbb58b90c113f5b7dba1d3db6516e1700826e4c647c1ca2bdac","bytes":375611}}
{"source":{"wave":709,"partition":0,"offset":709,"checksum":"6a368d6d7ea0c4a2d0e2e1af25bc461b786bbcfc8d6cb0614b237202bd9c783a","bytes":375611}}
{"source":{"wave":710,"partition":0,"offset":710,"checksum":"dc52fed4d9606f4f60700958eeb595584b5ca1c75d7bdf1609ad545bc8981fc6","bytes":375611}}
{"source":{"wave":711,"partition":0,"offset":711,"checksum":"1129f28da70816315130b73df3122c92e969a6e143c25a3140334330d54715fd","bytes":375611}}
{"source":{"wave":712,"partition":0,"offset":712,"checksum":"4200b8c8afff353656ff1f84de4e75a41444274d0e61f65c951068a95aaf9801","bytes":375611}}
{"source":{"wave":713,"partition":0,"offset":713,"checksum":"f0075ef09a104cd52dc155bae8f3da70e8d990593d14dda3d9ff6e407292c732","bytes":375611}}
{"source":{"wave":714,"partition":0,"offset":714,"checksum":"04ce687be7f8579ff894e36159b62de2715902a26ddea89ea40aa769b32d26f5","bytes":375611}}
{"source":{"wave":715,"partition":0,"offset":715,"checksum":"d7918f3a985eb954bbfff82a0f665198ec1d5aa481d9c4a60f41d1490925374c","bytes":375611}}
{"source":{"wave":716,"partition":0,"offset":716,"checksum":"aa4f2948e91b09d3c39b10bdf439f8c51cbc7b59efee1712b5f126c8050d846b","bytes":375611}}
{"source":{"wave":717,"partition":0,"offset":717,"checksum":"2aadde544ca930e3411ef0b3d6a4949b7cfa06166085e4de5aa08a84234f48ae","bytes":375611}}
{"source":{"wave":718,"partition":0,"offset":718,"checksum":"f70f2fcb3fc9997d6acc21cfbd0bfc528ad13ef3a9bdf1e82150c919aa582ba6","bytes":375611}}
{"source":{"wave":719,"partition":0,"offset":719,"checksum":"ba28f080648bdd863ea13aa863b4a49294e51d2c74fa5e4c2fd38a6f85c22ef9","bytes":375611}}
{"source":{"wave":720,"partition":0,"offset":720,"checksum":"201b3ca990644b97924ca5509889c1d01ff5c1897c80949fc3e4bd307565be6a","bytes":375611}}
{"source":{"wave":721,"partition":0,"offset":721,"checksum":"bbbcc5c525d6393272446dc2417597051a08b24b3dc1b107d3252cac975f2f82","bytes":375611}}
{"source":{"wave":722,"partition":0,"offset":722,"checksum":"6314133c1af005acaa6b0f5d84b39640be92b140addd2c7b33cfb028e315c113","bytes":375611}}
{"source":{"wave":723,"partition":0,"offset":723,"checksum":"73479dbd5a338f764598fd75a967545258f014e80ceb293f2481e95fda4c2599","bytes":375611}}
{"source":{"wave":724,"partition":0,"offset":724,"checksum":"20d5987989d5168d03774eb0f2097d0207dc36bc3ea7ea5e71d499aacec15710","bytes":375611}}
{"source":{"wave":725,"partition":0,"offset":725,"checksum":"586cab624a3de4f9a77d6c4ef23787b2b79962cb5843c59c19074c933bb105ba","bytes":375611}}
{"source":{"wave":726,"partition":0,"offset":726,"checksum":"a7b430f48742028019009774c88fe920d0959a66c33d5b8f45fe69b33cc76ed1","bytes":375611}}
{"source":{"wave":727,"partition":0,"offset":727,"checksum":"e671064bfad2da7cb5d6edcd822c38aef91ed338a1d9664f375ca509e905b0e9","bytes":375611}}
{"source":{"wave":728,"partition":0,"offset":728,"checksum":"6a47966ce4aa9fe740c205f6a31753378ac199058e03adb3028e3343069ab711","bytes":375611}}
{"source":{"wave":729,"partition":0,"offset":729,"checksum":"da0a484897f6cb2e878f7bd952b06f963cdbcff8a5c84c5aca1a2b71ebf80794","bytes":375611}}
{"source":{"wave":730,"partition":0,"offset":730,"checksum":"3a42c9516eeba882f95186801562b6dcd696958a2ccf0dee58b4f70cb6966016","bytes":375611}}
{"source":{"wave":731,"partition":0,"offset":731,"checksum":"50aa72aea9f03eda981fba0fa31a441255c364e17da31f0bc6570ce59f2695b0","bytes":375611}}
{"source":{"wave":732,"partition":0,"offset":732,"checksum":"856af2ff51233c27defb1145caeaa802d71c274eea9f2fe5840699e05f0e6d6a","bytes":375611}}
{"source":{"wave":733,"partition":0,"offset":733,"checksum":"5308e3ac1a9e1d82d6004515989ef9b39049a648731faf3c38dba8394cbf0064","bytes":375611}}
{"source":{"wave":734,"partition":0,"offset":734,"checksum":"3a4859033ed506828074a14cc9f61a684df5bdd61982f430aff14cc73df47045","bytes":375611}}
{"source":{"wave":735,"partition":0,"offset":735,"checksum":"1f87df31dc9da3b6921e6f36a9b24109aaa4980d7fdaa7ca0d140209bfe5cf28","bytes":375611}}
{"source":{"wave":736,"partition":0,"offset":736,"checksum":"bab1abc677bfdef8dabdadcc2b221c7f02b2f9ed6002ae87274176225aa8ba5f","bytes":375611}}
{"source":{"wave":737,"partition":0,"offset":737,"checksum":"728cd8e25ac8aef660ff4a03d51d2974037bfb6abe06fbe336314fc338a7db26","bytes":375611}}
{"source":{"wave":738,"partition":0,"offset":738,"checksum":"49673d970e6f5a90f71e13da57a2065d7e61011d7695fec8d6e8c08c2393c84d","bytes":375611}}
{"source":{"wave":739,"partition":0,"offset":739,"checksum":"7ff567a040e69711af1345fbc3a72c93cc627ff1a18aa907e53fd22586c3f0f2","bytes":375611}}
{"source":{"wave":740,"partition":0,"offset":740,"checksum":"76d70985713b63bd748411d7459e38eefbb038f566b9feff3d128fd067d66206","bytes":375611}}
{"source":{"wave":741,"partition":0,"offset":741,"checksum":"289c8f2534f5fccf90f03c0932457aa152b8cbea048ec4b219e9b0554d00fe5c","bytes":375611}}
{"source":{"wave":742,"partition":0,"offset":742,"checksum":"8dfb9f9dcfb4b15237cc81bea234c8a8a4ae790f9532e8969d89bffe559e42d6","bytes":375611}}
{"source":{"wave":743,"partition":0,"offset":743,"checksum":"8435097dde57dce7a94876c217326d0984373eef1d2935c8f537cb208574cb7f","bytes":375611}}
{"source":{"wave":744,"partition":0,"offset":744,"checksum":"0d6d91e96ed23d8854138a899c52a302b732f21109a112e8fe7b118c6acd51b1","bytes":375611}}
{"source":{"wave":745,"partition":0,"offset":745,"checksum":"b158c63631dc068473809a85fffe1d9098196e3fe7495eabed9e3bfd0887857a","bytes":375611}}
{"source":{"wave":746,"partition":0,"offset":746,"checksum":"f5a473542c852ae8390ad2bf2f57cbc554fc795265f6b582fd2d01a19f778c15","bytes":375611}}
{"source":{"wave":747,"partition":0,"offset":747,"checksum":"bdc1fb447090ccb33c851dc9df8a3333fb43d23bcf615a8f904302c67d1365ff","bytes":375611}}
{"source":{"wave":748,"partition":0,"offset":748,"checksum":"c4bd5cf5ff24ee466d14346abc7a148334dc6151c9756ca7c2f70c855f1fcfa5","bytes":375611}}
{"source":{"wave":749,"partition":0,"offset":749,"checksum":"ce98ea8a44180d762248214995e6c798de6343c30d8ee8372d8a6ae656bca45f","bytes":375611}}
{"source":{"wave":750,"partition":0,"offset":750,"checksum":"13ff504a07711ff9dcc171340958b206ab442ff621718f96aebef5b524f9144b","bytes":375611}}
{"source":{"wave":751,"partition":0,"offset":751,"checksum":"4afd2450b04e14332e7607b003f3f5b65519b24764178514534980477b3d06f2","bytes":375611}}
{"source":{"wave":752,"partition":0,"offset":752,"checksum":"9b2fb62d082f2c9be1ccbf25f89a0fbb230944830043dda56e135daa8c6f2cf5","bytes":375611}}
{"source":{"wave":753,"partition":0,"offset":753,"checksum":"7a38f1c9ba873d0fb39aa5ddb3d24937d2e2caa0c4be1d7a6436784c8b2f4272","bytes":375611}}
{"source":{"wave":754,"partition":0,"offset":754,"checksum":"6da0294aacf94c45ef5c6378d7f363475b3371e7a233fea38402054e0b24efba","bytes":375611}}
{"source":{"wave":755,"partition":0,"offset":755,"checksum":"91df466c1d32f85c09e44f13577ec3add76c4173f6cb6bfbb95caae6ddbb85cc","bytes":375611}}
{"source":{"wave":756,"partition":0,"offset":756,"checksum":"274d7cc882236f0efe64d030060c20cafdd2d9a6a9db0b2dc0b44fb919a52acd","bytes":375611}}
{"source":{"wave":757,"partition":0,"offset":757,"checksum":"1febfb30f8fac8bce729fb1b8affa86610acb3180a134cddf0d1a043af3e33f4","bytes":375611}}
{"source":{"wave":758,"partition":0,"offset":758,"checksum":"20c0b5a2ea69328728d03193077cbcbd8ee49c88caab0cc4eea925d9ac512e6c","bytes":375611}}
{"source":{"wave":759,"partition":0,"offset":759,"checksum":"5a26c35789ec611acf77b7631471cc332437a3fae260fe657ae170a5b6aa0181","bytes":375611}}
{"source":{"wave":760,"partition":0,"offset":760,"checksum":"845ac4141d830802e1e15c3568a634195d1cf94d40b7dcdf8ee07cb8c149f667","bytes":375611}}
{"source":{"wave":761,"partition":0,"offset":761,"checksum":"6aa8ad7a3864b81eda6842caaf50b92dc110f3be4e6e6712a67ea13db28a5c1e","bytes":375611}}
{"source":{"wave":762,"partition":0,"offset":762,"checksum":"a0ae8e21a45b3e55f99831fb111c452f1baa521aeab22f486090788c3a57dfb4","bytes":375611}}
{"source":{"wave":763,"partition":0,"offset":763,"checksum":"3b50980c4406e7af60dc17fcd8fa229ae36bc501be72014baaf293fa1089c5b5","bytes":375611}}
{"source":{"wave":764,"partition":0,"offset":764,"checksum":"d82aaeb4914f9d63798e2785529953f8520b708481c98cf53c5710124cbff52a","bytes":375611}}
{"source":{"wave":765,"partition":0,"offset":765,"checksum":"00b213a0ed85bd4bfabc145a622a6b42381af4c1e74f9f2a26a1b922e668baf2","bytes":375611}}
{"source":{"wave":766,"partition":0,"offset":766,"checksum":"021a9f4de77494c4847a06b980c5c11b5be185c4ed67cd00244c7728351f823f","bytes":375611}}
{"source":{"wave":767,"partition":0,"offset":767,"checksum":"22022a1c6fbc52daa7face9207221224725ad5e5023b91ae962a11bb4a83f0d9","bytes":375611}}
{"source":{"wave":768,"partition":0,"offset":768,"checksum":"64ceda7ebd78512bb44da0bb9b82437e14cd18717c440fc9d691da44006ece0d","bytes":375611}}
{"source":{"wave":769,"partition":0,"offset":769,"checksum":"e594d12e413d6406c076bc485dae0c1eff968fd23c93464a561a3e66a9cbf515","bytes":375611}}
{"source":{"wave":770,"partition":0,"offset":770,"checksum":"db993d3da3d9f537fa662e0a62ae70d41c63682e08e66223dca623c6f093b593","bytes":375611}}
{"source":{"wave":771,"partition":0,"offset":771,"checksum":"df984acc39e02dc5038df0ef79f2b1f479fa3e1f77ebb38d7b953d4a298d4783","bytes":375611}}
{"source":{"wave":772,"partition":0,"offset":772,"checksum":"06fba7c6d3ec1af0aa9487d8d5dfb67f42c91b2c260c82f22cfa1a58f8e5117b","bytes":375611}}
{"source":{"wave":773,"partition":0,"offset":773,"checksum":"57ab52215522895d2d085834cdbabb16e26b2e707eaece65dd891c726f7a083d","bytes":375611}}
{"source":{"wave":774,"partition":0,"offset":774,"checksum":"9992ed837ae4376d6254e3ef63e5f217b71dc56ddab3de1b3ff9dc698c97a71f","bytes":375611}}
{"source":{"wave":775,"partition":0,"offset":775,"checksum":"ceee24bbdbfb802dbed1e29a5dcfc605c6ea886adea3e39b9796c004f002d20d","bytes":375611}}
{"source":{"wave":776,"partition":0,"offset":776,"checksum":"d6b4a4c85c12f6964483c5143484e81ae9c60de5aa6c3b7e9eea329cc3bf223d","bytes":375611}}
{"source":{"wave":777,"partition":0,"offset":777,"checksum":"03382db3238938065e5750dd066c1d21c6f3182dec75ee73924fb1073c825b43","bytes":375611}}
{"source":{"wave":778,"partition":0,"offset":778,"checksum":"6e95f6561cefcfa573987c50a908492e2fb0efdc5757044edc6831f7b8824cc0","bytes":375611}}
{"source":{"wave":779,"partition":0,"offset":779,"checksum":"7e8aed93cab097bf359d1d870bd4141e418a697379e606958d33fea44e2f7f4b","bytes":375611}}
{"source":{"wave":780,"partition":0,"offset":780,"checksum":"cc45d92507d2cfb4e45d24c7c60b099f71cde97b8f6aa99e4de5fc85692d4d9b","bytes":375611}}
{"source":{"wave":781,"partition":0,"offset":781,"checksum":"c418b10bd1f8461da577ffbf81fbaee19c5ba7b641643f88c80f1b2304c36f93","bytes":375611}}
{"source":{"wave":782,"partition":0,"offset":782,"checksum":"f68674402745e4ab394c5a351d56cd8b68e4814877f685402df8fa1b63d48c32","bytes":375611}}
{"source":{"wave":783,"partition":0,"offset":783,"checksum":"b0de5c377f681b96ceb8da4d0f61c1b0c58ad614871cc4cd4d544c86e34a02d4","bytes":375611}}
{"source":{"wave":784,"partition":0,"offset":784,"checksum":"24146d3245c70e9be70845b1b0fc0ea4127d83d9b74a71d321a1722311152da2","bytes":375611}}
{"source":{"wave":785,"partition":0,"offset":785,"checksum":"2a1629f6718262aedf754cf701a6b1630bde65fb79ac8f2139736437884001bb","bytes":375611}}
{"source":{"wave":786,"partition":0,"offset":786,"checksum":"52408b58158a248a2b40cadf983cc08358fc0f367037dc49744bedc7bd82f33d","bytes":375611}}
{"source":{"wave":787,"partition":0,"offset":787,"checksum":"0151da73808bdb60bae8e2dcdc016bf8685892a19748cef884efed91fdda8fd0","bytes":375611}}
{"source":{"wave":788,"partition":0,"offset":788,"checksum":"7710c0b8a0fa9c7e9031c71f81f6619507d01fd65bfa7c5e35d7dcc0460242ca","bytes":375611}}
{"source":{"wave":789,"partition":0,"offset":789,"checksum":"e3d6b1586d87c365b2ac3d6d68d9c2b0f63af04f610393ca47fa57505809aea2","bytes":375611}}
{"source":{"wave":790,"partition":0,"offset":790,"checksum":"60ad42b755327d512b92725e1e72e9e2ed547445b3fdd5e4e98539780fcc3425","bytes":375611}}
{"source":{"wave":791,"partition":0,"offset":791,"checksum":"34200650d6c7fa021604695f0a3532e41ae07532b21497c1aa2e56ab5615d12d","bytes":375611}}
{"source":{"wave":792,"partition":0,"offset":792,"checksum":"1a653d3e0c14bdd1dca2f2441032054652548db2a8b6a730d33c82f651773302","bytes":375611}}
{"source":{"wave":793,"partition":0,"offset":793,"checksum":"a756e4cb3925eff1ed7fd023cda4583d3f2bd97692db3b1a0bb3efaa8158dc75","bytes":375611}}
{"source":{"wave":794,"partition":0,"offset":794,"checksum":"5058e7964d507642c02ca511a69741f75166cd9b34f222d982d7bd848e277c91","bytes":375611}}
{"source":{"wave":795,"partition":0,"offset":795,"checksum":"f38e83d10272a25dfa24c24d9ec07679bb325da55a1ae431a2911b02a626c711","bytes":375611}}
{"source":{"wave":796,"partition":0,"offset":796,"checksum":"19be974a9aad3461db1429db412dc27b0fb0fd5ed6935efc39710c6d13e45aae","bytes":375611}}
{"source":{"wave":797,"partition":0,"offset":797,"checksum":"b0a05602e7c20bf53ae6389c4f60bdb60bead559e640a334d5fc215e596a8204","bytes":375611}}
{"source":{"wave":798,"partition":0,"offset":798,"checksum":"22257c73e27c866dda4f6d0cdd812d837d8f9028060bd71a4bb1e5285ead420f","bytes":375611}}
{"source":{"wave":799,"partition":0,"offset":799,"checksum":"796c6aa9515cc4f84ea0c4b20703389355c534556cd0cbe88b5f67e15057a7d4","bytes":375611}}
{"source":{"wave":800,"partition":0,"offset":800,"checksum":"efddb0e192af4382fe273eb2fd74e62c61e7423cd2b4fc9df9631e9bfdd0740f","bytes":375611}}
{"source":{"wave":801,"partition":0,"offset":801,"checksum":"e82b0fedfc7a060d41bf1658e30077439cce4af58f81deb0a069d6375f06c201","bytes":375611}}
{"source":{"wave":802,"partition":0,"offset":802,"checksum":"41cbac5ee1f1edde3874321ffc15007698c28d15dfd63c4f6fc7ff0d28fb3433","bytes":375611}}
{"source":{"wave":803,"partition":0,"offset":803,"checksum":"84a2c6c80992b52b0ef12668485f19529533df4f334fe3e59bfdeee0b99d5a57","bytes":375611}}
{"source":{"wave":804,"partition":0,"offset":804,"checksum":"2a1bb7b2ffbd8f11a56a76c2822794a52d9936182ff800fe0154cc76e7458928","bytes":375611}}
{"source":{"wave":805,"partition":0,"offset":805,"checksum":"72a916a9a8dbf7a71e85e28b962a8d1829beac71767dd3c35d38a4e4c939ef5d","bytes":375611}}
{"source":{"wave":806,"partition":0,"offset":806,"checksum":"6c3552d3005d95c41b8d6368f1dd44f65578d76b684174dc984e6e89897bbaa8","bytes":375611}}
{"source":{"wave":807,"partition":0,"offset":807,"checksum":"0d1f10e9484a50cd37138b9f480e5c6f06851a7a54e13b49ea36d655bff84087","bytes":375611}}
{"source":{"wave":808,"partition":0,"offset":808,"checksum":"7fc77c98f1614ec9df0d4550186baba9c976a6b2cc77c55ebb0fa7c20c2445be","bytes":375611}}
{"source":{"wave":809,"partition":0,"offset":809,"checksum":"101c242aea6585e5aebb57ccb09141cf61dabdb3cc23d839a629f4f2afd398e2","bytes":375611}}
{"source":{"wave":810,"partition":0,"offset":810,"checksum":"399bdc4a1c415c32ab96c058e9ee32265cbbc626c8f96bf5c410552347711b57","bytes":375611}}
{"source":{"wave":811,"partition":0,"offset":811,"checksum":"1618595f65439bc602311711cd8c5b905279aa775502711abadc42207a9aeb20","bytes":375611}}
{"source":{"wave":812,"partition":0,"offset":812,"checksum":"fce6ec10a8113a6bd174d37809ebc79c1ca645e617ac0147785c05ca13594639","bytes":375611}}
{"source":{"wave":813,"partition":0,"offset":813,"checksum":"94778d9b8209ae7e6d8b05bf28c7492c100ac7ff6e1a76b1e75dd5b51956749c","bytes":375611}}
{"source":{"wave":814,"partition":0,"offset":814,"checksum":"725a560d38d1d0016ef400dac73c9d9f20349c6d88c2ef950adbe03e3cf993b8","bytes":375611}}
{"source":{"wave":815,"partition":0,"offset":815,"checksum":"68a02cbdec481f1262c5eaff40aca585dc00034cbbde98bb863a6840ac058f73","bytes":375611}}
{"source":{"wave":816,"partition":0,"offset":816,"checksum":"cd7c35b3dafa19321ad9a73abd30aea7fc204368ef2ac6a2da2a9149d71b9fff","bytes":375611}}
{"source":{"wave":817,"partition":0,"offset":817,"checksum":"23661858bafa1085db95d3246e91c83c7e6cc8849eeb4044664b081ef7e70184","bytes":375611}}
{"source":{"wave":818,"partition":0,"offset":818,"checksum":"049f678c649bbbe47ef5161c6dfa7e27750a5b01b48c4be17a2378dd327dfebd","bytes":375611}}
{"source":{"wave":819,"partition":0,"offset":819,"checksum":"ea45f7f4af2ed6604315acb3d80bdec5ed342a8f22692027ea2ef7b0cd626c91","bytes":375611}}
{"source":{"wave":820,"partition":0,"offset":820,"checksum":"b3f15208a30176e487a073935ad3bb1db305dc74c454794a013d7f82fbf0e125","bytes":375611}}
{"source":{"wave":821,"partition":0,"offset":821,"checksum":"7968b0bf66bfa221b26baa23450ae89ca32a23c55c6810520a005bf247110214","bytes":375611}}
{"source":{"wave":822,"partition":0,"offset":822,"checksum":"6f7a62612bfa0cd27aff8859e17c8154765263de9d3e480e09d67f392088b096","bytes":375611}}
{"source":{"wave":823,"partition":0,"offset":823,"checksum":"59a9ce4c3f1c799866ec844a1638806957091ba7bab4f126279c95a168e36f71","bytes":375611}}
{"source":{"wave":824,"partition":0,"offset":824,"checksum":"8c15189477e8a2408eddbf50d7394e3d25228e801825156faeae67be56afd4ad","bytes":375611}}
{"source":{"wave":825,"partition":0,"offset":825,"checksum":"9d5798b978732b37681839943d7617b361b0d48bfd3e1256b753da7cbced3762","bytes":375611}}
{"source":{"wave":826,"partition":0,"offset":826,"checksum":"9f92850d5068a463694297cb8c56e3e590127513e7c8fb29b3383f7776cbabc2","bytes":375611}}
{"source":{"wave":827,"partition":0,"offset":827,"checksum":"f61a8a61539585ff61c9f4fef54fe88060983648e4380cae1d19705b0b0fa289","bytes":375611}}
{"source":{"wave":828,"partition":0,"offset":828,"checksum":"821e82b356c276ff7c114f1b0c4492ba2425ccdab8c65845564a0bae19b31deb","bytes":375611}}
{"source":{"wave":829,"partition":0,"offset":829,"checksum":"92db53fa0006a8017073812692dc1993386b7dd0425417ce7c4c8eed8c97570b","bytes":375611}}
{"source":{"wave":830,"partition":0,"offset":830,"checksum":"2f4ae42f9132b1f445934d30d564bfa498250dda10b5e69a9f82712dc5adac45","bytes":375611}}
{"source":{"wave":831,"partition":0,"offset":831,"checksum":"71ffb05df2dd027e818686da63c651e1f77b8d4a19794dd187932020f064f218","bytes":375611}}
{"source":{"wave":832,"partition":0,"offset":832,"checksum":"2c1480ca16844d462c6621621d07e9e1f6c321be64e77730cd505ebc98d39705","bytes":375611}}
{"source":{"wave":833,"partition":0,"offset":833,"checksum":"044cbb2c01bbdc49d5ad779f1da537ab45f7d27cda6f6095906dc8cd8d62cf59","bytes":375611}}
{"source":{"wave":834,"partition":0,"offset":834,"checksum":"2a190175ee76a75e6d0d2a477d803a0fd76d0ce2ffc2903d7eeee7d854c57caa","bytes":375611}}
{"source":{"wave":835,"partition":0,"offset":835,"checksum":"4eeedf5b33ebb0d4322f6ebece2ca3d83238e4575f4da4aeb841f8552fb1e65b","bytes":375611}}
{"source":{"wave":836,"partition":0,"offset":836,"checksum":"d6605741784f0b56658f1b1df2c33aba802e977191e9e043503cf23942ad9943","bytes":375611}}
{"source":{"wave":837,"partition":0,"offset":837,"checksum":"96c1692cc7635ddefd95e7df52f3dc186edeaced8eee1b4461c615ca133ffbed","bytes":375611}}
{"source":{"wave":838,"partition":0,"offset":838,"checksum":"a3e209ec6caea1beb28a89900779389ff6b8d08c81a26433c7415236dd7b4b3a","bytes":375611}}
{"source":{"wave":839,"partition":0,"offset":839,"checksum":"2fcf3754d7aefa6cbd0e1b60ae9ebb043b289435c16b6712bdce77cc3b670a79","bytes":375611}}
{"source":{"wave":840,"partition":0,"offset":840,"checksum":"6069d71359763f7b4bad7ef74b2ebe3806233fde0e749853eb08d092d7c05bbc","bytes":375611}}
{"source":{"wave":841,"partition":0,"offset":841,"checksum":"94007ca5421ba5041dcc5245f6061a657826690a8eb9c647e5c4ee4ce41b46eb","bytes":375611}}
{"source":{"wave":842,"partition":0,"offset":842,"checksum":"437ef1944e67451c7253cace1e8024462cae142867852844cc4c43cee2f4cb96","bytes":375611}}
{"source":{"wave":843,"partition":0,"offset":843,"checksum":"7d4fbf9ae064a18e90cd888f769f811d5e6543ec18f3fcfc51d2d8e41eaae73a","bytes":375611}}
{"source":{"wave":844,"partition":0,"offset":844,"checksum":"dcbf428d31ed27901cfbb06334f5a1f32275800a69bffe1b6fb5993b190302c5","bytes":375611}}
{"source":{"wave":845,"partition":0,"offset":845,"checksum":"9b00482876ce298e4ece677665929f17e9d7e23981f18c03a339e6efe6c21e0d","bytes":375611}}
{"source":{"wave":846,"partition":0,"offset":846,"checksum":"c52110effc3902f0a7dc5fe192445debb42ea8487e7abff54255a8d048f1dff5","bytes":375611}}
{"source":{"wave":847,"partition":0,"offset":847,"checksum":"dc90fe4ef57bfda12097992bd6982590c487b66c53cd84ad826d53c78c820fa9","bytes":375611}}
{"source":{"wave":848,"partition":0,"offset":848,"checksum":"83bbe3453528b54e92272b3ed70d7b19b67e5b86fe9a47b5cff88cbec7194a6d","bytes":375611}}
{"source":{"wave":849,"partition":0,"offset":849,"checksum":"c64072fed7d9b5667441020783f5cea3399b101d2ca44db08aeb5a647b9e40b1","bytes":375611}}
{"source":{"wave":850,"partition":0,"offset":850,"checksum":"3a0afb3f94ba6a189c1b3515727ba42d578a794d2704aa093bc60d72857b6b13","bytes":375611}}
{"source":{"wave":851,"partition":0,"offset":851,"checksum":"79839c56196bd5749d0ed2f31160313162ab9fb5c99a55d4968a5b4c6973d4b8","bytes":375611}}
{"source":{"wave":852,"partition":0,"offset":852,"checksum":"cec5ea6d4b12efcde89d847528427dea2cbcc8438370dd36fae21ccef7f58460","bytes":375611}}
{"source":{"wave":853,"partition":0,"offset":853,"checksum":"4a1e3b19313f9a227dbe7ecc10c8e607073e4c5a8594ddc594be3c711353f2f8","bytes":375611}}
{"source":{"wave":854,"partition":0,"offset":854,"checksum":"0fd846c1eda6f70a5a5454f2e0ff09a6d9916eb4f7f4651fb605db3164259daf","bytes":375611}}
{"source":{"wave":855,"partition":0,"offset":855,"checksum":"49c3ad26fcc6d7755ae5c6608ed1a086b072b86b28b6614c8f131b49b7320d19","bytes":375611}}
{"source":{"wave":856,"partition":0,"offset":856,"checksum":"db0ea44b2f78a523ae64eeea9ffdcb37f9b49d799619b9479e8651e9c730a8fb","bytes":375611}}
{"source":{"wave":857,"partition":0,"offset":857,"checksum":"7f28d6fe3c164689fa473412db402141e23bd75be46400197bb5cfacbba1cad1","bytes":375611}}
{"source":{"wave":858,"partition":0,"offset":858,"checksum":"2e76f56a910333459df230e99f3f524ed9a2cc4c4acac980d79e4c17ccecb576","bytes":375611}}
{"source":{"wave":859,"partition":0,"offset":859,"checksum":"29a4554cebc410eeca9b24b3f966e86269985990182435cd27a122141825aa0b","bytes":375611}}
{"source":{"wave":860,"partition":0,"offset":860,"checksum":"59883e62680009d26dd390c624864d30d629e738d64eb2b6ae792a132be80f94","bytes":375611}}
{"source":{"wave":861,"partition":0,"offset":861,"checksum":"861fb7f75f343891a484d244963ea221f8fd2b57459b57430fcc81f3ad7a7dc0","bytes":375611}}
{"source":{"wave":862,"partition":0,"offset":862,"checksum":"5cecece60fafe74296175d4e3255cf0916afa7ca9f837db5cef8d2d88358db73","bytes":375611}}
{"source":{"wave":863,"partition":0,"offset":863,"checksum":"265487c4807653d2baed49ab439d4d67dc66167697693cfaefa82f34402fc486","bytes":375611}}
{"source":{"wave":864,"partition":0,"offset":864,"checksum":"300d852299e1066416e54565f51bfd38fac26fb7e725fdb6042937b8449ebb9f","bytes":375611}}
{"source":{"wave":865,"partition":0,"offset":865,"checksum":"3c4c90428a6bd3fe71abc3a36077109e66873cd93ac8b83f5dd8cb57f5ba8e19","bytes":375611}}
{"source":{"wave":866,"partition":0,"offset":866,"checksum":"68f8b54ce5d26973dbc18b44f3ddbb9646f9100452fe6ccaf5884a44d5ef4f64","bytes":375611}}
{"source":{"wave":867,"partition":0,"offset":867,"checksum":"94ecaa7a94733ad1bd6e4d2e1cdab49a92b3dac2effceb88d61e030f59b4314e","bytes":375611}}
{"source":{"wave":868,"partition":0,"offset":868,"checksum":"ce79f7ae8bc0cd6371430f69de91cfb69a7521272415b404e6f1a236a5caf03e","bytes":375611}}
{"source":{"wave":869,"partition":0,"offset":869,"checksum":"194ae568c4cba157181fc678bbf7b27c1f65fc04e5852f5bd6992a2c7db80587","bytes":375611}}
{"source":{"wave":870,"partition":0,"offset":870,"checksum":"ad5ff7d9fe00d8fb0a6ba76fe45825b9c1ff0b0a1d8822637174bcf4a42f038b","bytes":375611}}
{"source":{"wave":871,"partition":0,"offset":871,"checksum":"6d6af4d2702a1da668109aa08ded36559e0aeeece5d5ea78cb707f03c198e860","bytes":375611}}
{"source":{"wave":872,"partition":0,"offset":872,"checksum":"f418947b29f266d1ef531e151ff5249fe4974d8716b4e98d60f2c4796ca173d5","bytes":375611}}
{"source":{"wave":873,"partition":0,"offset":873,"checksum":"e538cca588ab0006ec7ca2a04dabc8ec27b981ce6041e066513682c7f6e223b1","bytes":375611}}
{"source":{"wave":874,"partition":0,"offset":874,"checksum":"4ab1ecc07702448a10332734911b73073594a2c243283cd5f6a860708ac9b606","bytes":375611}}
{"source":{"wave":875,"partition":0,"offset":875,"checksum":"a6be0a96ac9dbecb5c01559267c092f26dac06a5b57f5f8fff6c837b81c3616d","bytes":375611}}
{"source":{"wave":876,"partition":0,"offset":876,"checksum":"d9291a48ce6b5ab11d9d5a9a222c91f596816092076ecedb1a37f45559d55a46","bytes":375611}}
{"source":{"wave":877,"partition":0,"offset":877,"checksum":"20072dd1a382912522dcc9bf431b2ebccaebdb9d914fd494cd4e7164b7446632","bytes":375611}}
{"source":{"wave":878,"partition":0,"offset":878,"checksum":"7f487b74b6655411759c2325c9e7e503a9f06b40b78d72ec0b46c28e4c7e1d6f","bytes":375611}}
{"source":{"wave":879,"partition":0,"offset":879,"checksum":"82e0b88ed3e78dde76af7acfba6d1285acfa0022b70e43bfae4b0afb5a667a1a","bytes":375611}}
{"source":{"wave":880,"partition":0,"offset":880,"checksum":"ee95056e53a68469d43c0a3f56a99c9dc8e6f524a205df5453397365f2d2d662","bytes":375611}}
{"source":{"wave":881,"partition":0,"offset":881,"checksum":"9ffc609cd21d60001f6cb223f98bc9d6954993547ea8d694e6457d31a2c59291","bytes":375611}}
{"source":{"wave":882,"partition":0,"offset":882,"checksum":"c289dc759644e2bd5e6ee07281128b37d4300008323c1b0548c2ca36522bd9dd","bytes":375611}}
{"source":{"wave":883,"partition":0,"offset":883,"checksum":"200ca77c53ab8a53971626750d1236d6e17225e200fa3a68a96dd60e954bb24f","bytes":375611}}
{"source":{"wave":884,"partition":0,"offset":884,"checksum":"ebde27f9721559a42d719c0340d1790cf07721b8b8efe341a765523e0ab1e4ca","bytes":375611}}
{"source":{"wave":885,"partition":0,"offset":885,"checksum":"ccff6cf5394894c3c8bfb338dbcb87e9295045ef7e90edabef5f036a86139434","bytes":375611}}
{"source":{"wave":886,"partition":0,"offset":886,"checksum":"aac9524419a808af5f362bf05e1050b269f75fde1818213a2fe39feb529f6bc0","bytes":375611}}
{"source":{"wave":887,"partition":0,"offset":887,"checksum":"6598054c0bb43e3c8300a76c9876f47faf93737ec873938a713e60e06f51a722","bytes":375611}}
{"source":{"wave":888,"partition":0,"offset":888,"checksum":"0ec58829c5635ec9c7bf31ce430fffe186963ff97dec84f5ecff1bd540d35476","bytes":375611}}
{"source":{"wave":889,"partition":0,"offset":889,"checksum":"b0427199b11d427fee2efdefed4e34d39f244e0591fd4b399449b0fb6236512b","bytes":375611}}
{"source":{"wave":890,"partition":0,"offset":890,"checksum":"6e1506c569080e8de9b46fdb872316453058bcbd3a8b3ce4399eb334239ae584","bytes":375611}}
{"source":{"wave":891,"partition":0,"offset":891,"checksum":"597155f95389c599a86e5e6301adf6d9b8337c8e477cbd78d199ac5bb8beaca9","bytes":375611}}
{"source":{"wave":892,"partition":0,"offset":892,"checksum":"5b9b15ae89b5e63c80e9e6c61c44d4227dd1356cb34e6ececb85d9b02e1cc48e","bytes":375611}}
{"source":{"wave":893,"partition":0,"offset":893,"checksum":"6f5dbae1fce6e39da42c03330158a00b59811d9003f0676d5baac29b42db4be5","bytes":375611}}
{"source":{"wave":894,"partition":0,"offset":894,"checksum":"fd4319505826c334ad6c44aaa2da8f13bb2c255f5d0febed6c0ebfc259e188b5","bytes":375611}}
{"source":{"wave":895,"partition":0,"offset":895,"checksum":"2794e92250e13a5ade280e41c43714b76f9acfa8e552cc91ecc1c0a841a9ca62","bytes":375611}}
{"source":{"wave":896,"partition":0,"offset":896,"checksum":"d0059694f0cba5f22ff45619854aab8cde26ea5ded9c4559ee74e8376311cbde","bytes":375611}}
{"source":{"wave":897,"partition":0,"offset":897,"checksum":"dc782daf0285f511fb6d481bac2b33a6ddc16f80f7b497648e66fc6a892397c3","bytes":375611}}
{"source":{"wave":898,"partition":0,"offset":898,"checksum":"099b3eb42c14882cc5151ef20a1c527e2245b6b004fc2ce1ec742727322bec96","bytes":375611}}
{"source":{"wave":899,"partition":0,"offset":899,"checksum":"fefdac497c05c28e014b21df250b79b8c3e289a33a9a38ed7e6ae6b1ac9ed74d","bytes":375611}}
{"source":{"wave":900,"partition":0,"offset":900,"checksum":"6fffc93a625c416f204f2507d3bab2c685f5366ce98a31c96cb4bdf46f07fa35","bytes":375611}}
{"source":{"wave":901,"partition":0,"offset":901,"checksum":"aa4576f93205885bfe58824a4c1a5835bd19dc62c2fe7352561afc065404e8f6","bytes":375611}}
{"source":{"wave":902,"partition":0,"offset":902,"checksum":"0ccb9a9b8325105d982ac5c155bca2396fbe43d91f28eff6acdbc682895e9e71","bytes":375611}}
{"source":{"wave":903,"partition":0,"offset":903,"checksum":"5bc815778ae7bcd180a992155631161ac257d9b51a5a65bc74eeb4d8d17f0de3","bytes":375611}}
{"source":{"wave":904,"partition":0,"offset":904,"checksum":"6c3c2e2deddab47cb4e1fc57322991fc9b7ff810c562833fbd5922f199487e1c","bytes":375611}}
{"source":{"wave":905,"partition":0,"offset":905,"checksum":"3283ff3a81faabca1de6177cfb1e6cf24188e8a679f467a2fc0228bc9376cf3b","bytes":375611}}
{"source":{"wave":906,"partition":0,"offset":906,"checksum":"0f6cc68734939f8a073859e89b07d8c42844712f0a31e04bf772c9e509810347","bytes":375611}}
{"source":{"wave":907,"partition":0,"offset":907,"checksum":"b8efb6a72885171a5859533c3c517f87197c69e2b9a346deea68ad9d50334e45","bytes":375611}}
{"source":{"wave":908,"partition":0,"offset":908,"checksum":"f6fa276dc77723e4e3d77f56d6316bfa86553e2a9b1fefb4c7681375514000b6","bytes":375611}}
{"source":{"wave":909,"partition":0,"offset":909,"checksum":"49f717bde5d985656c1cfaf7f6d55c9bf7049dc1044b7008e6662c968e8c37f3","bytes":375611}}
{"source":{"wave":910,"partition":0,"offset":910,"checksum":"8e9fe48e85259fb154dabb07d2d878dc121aaa9c28b31542bdba47f900c16c30","bytes":375611}}
{"source":{"wave":911,"partition":0,"offset":911,"checksum":"d80be2c4d76d7da2e92abd21f2514f9720e07a5af4e1fa4db4b48e4899a37a9d","bytes":375611}}
{"source":{"wave":912,"partition":0,"offset":912,"checksum":"fc97376732d7ee0a8d275b63a063c1cf31911a48eec3d2c8bac28d9c693906b3","bytes":375611}}
{"source":{"wave":913,"partition":0,"offset":913,"checksum":"17c2120425bfc0b0d629e48a27d1a40612525f7df5debd02eddafb32b67382ab","bytes":375611}}
{"source":{"wave":914,"partition":0,"offset":914,"checksum":"54cb6ce71dcf06733ee85f559f4fd6bafe3b917c02b9ee83c7bcb886e96870f2","bytes":375611}}
{"source":{"wave":915,"partition":0,"offset":915,"checksum":"ab8366e01f98ee114115e0018c50788a784e9485f40cf430e2b599ed1ef84a13","bytes":375611}}
{"source":{"wave":916,"partition":0,"offset":916,"checksum":"b0382a1299e9e09689962cf107f6c35707473d9688ca5b7f4defbd6c03683b09","bytes":375611}}
{"source":{"wave":917,"partition":0,"offset":917,"checksum":"cc82c10d2341c62bc54af82dc3eaeda7003d512102edbb1cfa2cd77ddb75b977","bytes":375611}}
{"source":{"wave":918,"partition":0,"offset":918,"checksum":"1ae9ea09d4035b2a7edbf0ca474765b6d26c38f57c487a0b711826873579d16e","bytes":375611}}
{"source":{"wave":919,"partition":0,"offset":919,"checksum":"fdaa9eba0f7e30d67f7a16af103a4a66ec234e3097d9a8cf2477e73396ec306a","bytes":375611}}
{"source":{"wave":920,"partition":0,"offset":920,"checksum":"37b233f6ea198d86c55d7c3ebe9f15eac5b3f7c5f5d0b8b4945708fb6d6d7b9b","bytes":375611}}
{"source":{"wave":921,"partition":0,"offset":921,"checksum":"373a9e189d6c23d7cfa45e4a4666c10d7a4b0cd3f05a42f96cefae8569451ae9","bytes":375611}}
{"source":{"wave":922,"partition":0,"offset":922,"checksum":"25da094dd9049fa9158f5a96a43d18f5a2970a61788dbc65111efe2cc32a1514","bytes":375611}}
{"source":{"wave":923,"partition":0,"offset":923,"checksum":"5d21029db1b0a3509ef46a48db202bf3707ff41ca0d4798cfff9b8dc92b56ced","bytes":375611}}
{"source":{"wave":924,"partition":0,"offset":924,"checksum":"dec8bdbf723f92eeef4c1a04c593539e54ea53a3eb85edb418f102bfaa4b1908","bytes":375611}}
{"source":{"wave":925,"partition":0,"offset":925,"checksum":"6348f192ceca97d438e52212c4c0d854ab5807d529428f4a124971b53bf2ba5f","bytes":375611}}
{"source":{"wave":926,"partition":0,"offset":926,"checksum":"a9680c1905f7859ce9d4b20277fc824eeadbe4326467fa8ff25cd65a15ec2e48","bytes":375611}}
{"source":{"wave":927,"partition":0,"offset":927,"checksum":"2c6d4fd403fc9df7b576493a4a8b38a31f9979286403ed53e69b191c04f0da08","bytes":375611}}
{"source":{"wave":928,"partition":0,"offset":928,"checksum":"fd6efaada2056353801b4b90abca0453dea2a591db4f31cbcb64b6f3e0dddea4","bytes":375611}}
{"source":{"wave":929,"partition":0,"offset":929,"checksum":"05ffcacd99290caa6ff5cdf56de0dc3811fb1c04cbf269bb5fd9386f60ff7178","bytes":375611}}
{"source":{"wave":930,"partition":0,"offset":930,"checksum":"d62b9b6d4b5fabb0a20c4df788291d62645f38108beb9fc7c088c688db6873cb","bytes":375611}}
{"source":{"wave":931,"partition":0,"offset":931,"checksum":"c0f552760bf2b843db1e26e3bbaa5e4816f7501bad13a7f7b41f7c9ff11997b7","bytes":375611}}
{"source":{"wave":932,"partition":0,"offset":932,"checksum":"046a54d03cccf47ed3613c94bc7983ae807fc66d0a8973ede3edd732b7176f16","bytes":375611}}
{"source":{"wave":933,"partition":0,"offset":933,"checksum":"81fd4135018ed7aee82c9c5ecd765158988b63eaed8a3ab564eee2d77b55236c","bytes":375611}}
{"source":{"wave":934,"partition":0,"offset":934,"checksum":"fa20d51ca4ac81ec47ca9db5ab432367b5dfc0755383bb2d7405ff92d19c1fb5","bytes":375611}}
{"source":{"wave":935,"partition":0,"offset":935,"checksum":"9cd1228c752fb5c67fad30b09940ff4e9e02de5a03f2bbd5a68f5ff4406ca3bf","bytes":375611}}
{"source":{"wave":936,"partition":0,"offset":936,"checksum":"aeb990ac06d4e643dcde3c0ed98b690b856b79957f63e242080c8ba8fab98db9","bytes":375611}}
{"source":{"wave":937,"partition":0,"offset":937,"checksum":"63843f3c357876b29568d51f9e975581e75657af5947a435a9ed671d7cb8921b","bytes":375611}}
{"source":{"wave":938,"partition":0,"offset":938,"checksum":"dde288414eee4709445587a81e0301dd7610424d599f3e6653187a9c731fe1e8","bytes":375611}}
{"source":{"wave":939,"partition":0,"offset":939,"checksum":"310b65abe79606a82e1a57e95a4ec76990db099202610ba9a4b125e7a47af062","bytes":375611}}
{"source":{"wave":940,"partition":0,"offset":940,"checksum":"abd198900032ec2191acac143e0b477b3022bcc238d5cbc9f7782dc7a0a86601","bytes":375611}}
{"source":{"wave":941,"partition":0,"offset":941,"checksum":"b5edd6512813c3db921cb91f354d8e5072b00168bd3d5f0a7c90f4977e7ac0c5","bytes":375611}}
{"source":{"wave":942,"partition":0,"offset":942,"checksum":"6708702b7ecb5d35219a81b58f45b12b807b961272d04754822c542f3c8c13ef","bytes":375611}}
{"source":{"wave":943,"partition":0,"offset":943,"checksum":"08e6ae59d692a68f3d71557e6e2a8aa796d250b7c3534be7f595cd439f52026d","bytes":375611}}
{"source":{"wave":944,"partition":0,"offset":944,"checksum":"4b50364419b37c26874e080063fe1d7853fd24773c9d4cf0f7be2ff293b9af74","bytes":375611}}
{"source":{"wave":945,"partition":0,"offset":945,"checksum":"61d0bb67dc87394fe74ca096491f7746ee2e8e1064e5765174a57b4bf19d5909","bytes":375611}}
{"source":{"wave":946,"partition":0,"offset":946,"checksum":"6bea685e79d4de3fad2b1e4bf374932f893ce53ed088797673780b8427897237","bytes":375611}}
{"source":{"wave":947,"partition":0,"offset":947,"checksum":"28091a344b32d2bcd4bc8bbda6e52cda3baf043c1cc15f46b17f6ba1e8668f26","bytes":375611}}
{"source":{"wave":948,"partition":0,"offset":948,"checksum":"243fb1dc6831198729ee8cf3073bae3bd6a3e3aeee0bd48a869c35caf8ba1d33","bytes":375611}}
{"source":{"wave":949,"partition":0,"offset":949,"checksum":"96de5bcb09c32a3f2132a7c3335b41ef83902cdbc9fde6810fe679aed27a4e5d","bytes":375611}}
{"source":{"wave":950,"partition":0,"offset":950,"checksum":"19de20c4d21b24a3c36cad2ade6b806202049b0ed0bd9d7ae3e4a2b6d2bef7af","bytes":375611}}
{"source":{"wave":951,"partition":0,"offset":951,"checksum":"8dc4e16799846f74f4dcefd78edb4a829715bed49b631c5d2ab9dfcd86feddad","bytes":375611}}
{"source":{"wave":952,"partition":0,"offset":952,"checksum":"60fe939a0a2ddde2708d1d068cf01475bd1783bfe731442729ab62355bdc0c3d","bytes":375611}}
{"source":{"wave":953,"partition":0,"offset":953,"checksum":"dbb31406795edd7d4d08108d4c265c72ebb2354f1a3871d6370e301637b46452","bytes":375611}}
{"source":{"wave":954,"partition":0,"offset":954,"checksum":"a00b3bfb60cd66c07ca3da80dd3d34d77a218ed57c86c7c38cd6f254f5c2f940","bytes":375611}}
{"source":{"wave":955,"partition":0,"offset":955,"checksum":"df5aacdea370b19f26b9c581c98faa7031d0f35d8cba048b36d116c960a72f18","bytes":375611}}
{"source":{"wave":956,"partition":0,"offset":956,"checksum":"695349882eeaeb27af1693081eb8cb5049b4b11dce418ae577bcdcf37c5b37dd","bytes":375611}}
{"source":{"wave":957,"partition":0,"offset":957,"checksum":"f474c9108b18811e00b20e2a18191b88b36c487ba2d85bdefb41d52283c51ccd","bytes":375611}}
{"source":{"wave":958,"partition":0,"offset":958,"checksum":"eb523e4153480d64c24ed0c73717af46b90d81e1c05ea7351c1d90901567a344","bytes":375611}}
{"source":{"wave":959,"partition":0,"offset":959,"checksum":"5be76ac94ad9b963e7f9e2711b8c8a6538b34042a43a2d55ea62815291c6c293","bytes":375611}}
{"source":{"wave":960,"partition":0,"offset":960,"checksum":"83496271d614a1a3bea461c6d820eb6e73164ff0558437c2d385094ed8f31c4b","bytes":375611}}
{"source":{"wave":961,"partition":0,"offset":961,"checksum":"4425565fdabaac968e1b86e672568191cdd488f4ec9ef41e4aa0cf2a3600666c","bytes":375611}}
{"source":{"wave":962,"partition":0,"offset":962,"checksum":"f9cba8526fc35f22f571aed8c22d86a2080b8c1d4a74408947dd0f7eb5e550e2","bytes":375611}}
{"source":{"wave":963,"partition":0,"offset":963,"checksum":"7225e8532e22e479973c4413fd8b2d69fe9698de3f1eda435b5d63b039fcf5d6","bytes":375611}}
{"source":{"wave":964,"partition":0,"offset":964,"checksum":"6ead5f0a85e3c60a78224d5b31b82a98a0ad33cd035dc24a37d4fcacde56710f","bytes":375611}}
{"source":{"wave":965,"partition":0,"offset":965,"checksum":"945ad8a67b20ff3ac8b430703f52d5166e1ecbc806ef731e55b688c3ad8c189f","bytes":375611}}
{"source":{"wave":966,"partition":0,"offset":966,"checksum":"0a502fac7dcc519ef3d1bc43e5f8f30c0549247cfe82661e5f6bf8c60cceeb18","bytes":375611}}
{"source":{"wave":967,"partition":0,"offset":967,"checksum":"c54ce46cd8a3136530632434d38e102cbb6461544d5699b2345ce6c8e261f30c","bytes":375611}}
{"source":{"wave":968,"partition":0,"offset":968,"checksum":"938c8ce2fb7a504191b07156552184e4de7cdc27e820ef1238e754d0afb8746c","bytes":375611}}
{"source":{"wave":969,"partition":0,"offset":969,"checksum":"aae473ff9395dc5e4dc0737b96cb7323b7bf954d480a2475422c8f4d2ad035a4","bytes":375611}}
{"source":{"wave":970,"partition":0,"offset":970,"checksum":"aad215fc4389b59f8c5ebc9a742a86f2763e133c8d1d21dc157673257643a7af","bytes":375611}}
{"source":{"wave":971,"partition":0,"offset":971,"checksum":"5aad302a342e9842cb5264ed266fc2b465df0b6951fbce952051e66ef2420445","bytes":375611}}
{"source":{"wave":972,"partition":0,"offset":972,"checksum":"8fccba048ab76dfa461b84283de9302bdc0b08bb37c6a72bababae218d34c785","bytes":375611}}
{"source":{"wave":973,"partition":0,"offset":973,"checksum":"88496810bdc0e1f94e44b60cb15e51f994a49face023d164fc50b32f4aa0576b","bytes":375611}}
{"source":{"wave":974,"partition":0,"offset":974,"checksum":"cf145fb0fdc070dcbde09c07c85c35ee74a4e1ec8964ca11d8060efa4509fd31","bytes":375611}}
{"source":{"wave":975,"partition":0,"offset":975,"checksum":"1e5b13c932ec68bc6373424a7227c8cf00aab75ef64b7f9ff70f17f75002df81","bytes":375611}}
{"source":{"wave":976,"partition":0,"offset":976,"checksum":"e7db5943ebc244f6a9524d50b4fd8adef9898e80938f9d9b01e38364cdd53e40","bytes":375611}}
{"source":{"wave":977,"partition":0,"offset":977,"checksum":"df9ee6e3d6169d6fdcd3b0b445511c1d334601240f7ea8fb471997220f84e431","bytes":375611}}
{"source":{"wave":978,"partition":0,"offset":978,"checksum":"cf6cdaa2b9ba842d606558a73e457d232726ed66a65f799e4d3b4cab8e1a02a7","bytes":375611}}
{"source":{"wave":979,"partition":0,"offset":979,"checksum":"5dda81f2b92a68cca89e44266aab80045c8a11b11650a014ac336c7037af050d","bytes":375611}}
{"source":{"wave":980,"partition":0,"offset":980,"checksum":"303ef7fe7796d515650d1701e84a723674336e311f5e9d3732555a9da905b1e6","bytes":375611}}
{"source":{"wave":981,"partition":0,"offset":981,"checksum":"2506a1326c89e53dcbbaa552261150dc78b16a1b30eb3210a2c2cf7b7f37c83b","bytes":375611}}
{"source":{"wave":982,"partition":0,"offset":982,"checksum":"4247de99bbda5e65943f110a18afcdb8415742300755677ce9c190970b108e20","bytes":375611}}
{"source":{"wave":983,"partition":0,"offset":983,"checksum":"636cbc9ba36bdda6d28b3b27e0ba71dbd5c82a8d58ec2da9763fcc2534709111","bytes":375611}}
{"source":{"wave":984,"partition":0,"offset":984,"checksum":"11a2e55afbc5a8f44a49939705345d01d78d3b4d1b5b74d4fb21850ede6187bf","bytes":375611}}
{"source":{"wave":985,"partition":0,"offset":985,"checksum":"48689e35a5c7423493261f676af5c31e3cbbdf3912a3a60b707d19f61e05327d","bytes":375611}}
{"source":{"wave":986,"partition":0,"offset":986,"checksum":"c65122d87a4a9d5a625db0b3b2294165eec0172bde3aa1443ce5ddd2156d08e8","bytes":375611}}
{"source":{"wave":987,"partition":0,"offset":987,"checksum":"e8586bb918877d291989606b72574d5b600748b2bcb948d27a16818c6e730efd","bytes":375611}}
{"source":{"wave":988,"partition":0,"offset":988,"checksum":"4432bdbf1723020f6b4d075b59b53dae85de55157b34d1f49150fa55034f9cdf","bytes":375611}}
{"source":{"wave":989,"partition":0,"offset":989,"checksum":"2da9f781f255e5a9b638e6f3e88d417124cd3332a3fcb7c71ba8a332e86c6e6a","bytes":375611}}
{"source":{"wave":990,"partition":0,"offset":990,"checksum":"acaa8ec4260058d085b9e12bf1f0526fff930f3d453a2a0e1290a2f1ee555165","bytes":375611}}
{"source":{"wave":991,"partition":0,"offset":991,"checksum":"7146b0be83a7469689532e94be14666a043a1621c945b5a3cf2f23cf02c047ee","bytes":375611}}
{"source":{"wave":992,"partition":0,"offset":992,"checksum":"765bdc1ebeb6bc83a4c731d625590c8122e969fc0a7ec6ac58c9a49caa47292a","bytes":375611}}
{"source":{"wave":993,"partition":0,"offset":993,"checksum":"242a6bd64c601348fd606c5db360af114c0794407dba16da8a3d8ba97d585043","bytes":375611}}
{"source":{"wave":994,"partition":0,"offset":994,"checksum":"74f5b2a17df6c7e38dbba8570a7bc35b3eb48342d3c8a486824045405f54b1b2","bytes":375611}}
{"source":{"wave":995,"partition":0,"offset":995,"checksum":"f145778fce23bccd4c59d94dbacfc744e05a6bbf92beb2c827996444f4cc0260","bytes":375611}}
{"source":{"wave":996,"partition":0,"offset":996,"checksum":"ec124959cf456c910f56f3fb01dc2bd6025faba26eac409897c48187416b777c","bytes":375611}}
{"source":{"wave":997,"partition":0,"offset":997,"checksum":"59f2dc22772b44dc02697802600bfb8a83c8f1f012ddbce5d13eb3356428f87a","bytes":375611}}
{"source":{"wave":998,"partition":0,"offset":998,"checksum":"f349132b87bf3dfffdba74104479e249fd657ca9f831c764799740f23bfa92a0","bytes":375611}}
{"source":{"wave":999,"partition":0,"offset":999,"checksum":"f8bf94f0389d5d2984b256cc38f6f7b16795b5893b52e7146068fd9ddfef4935","bytes":375611}}
{"startedEpochMs":1790820238980,"paceWavesPerSecond":0,"waves":1000,"trades":100000,"bytes":375157676,"elapsedMs":10349}
SLF4J(W): No SLF4J providers were found.
SLF4J(W): Defaulting to no-operation (NOP) logger implementation
SLF4J(W): See https://www.slf4j.org/codes.html#noProviders for further details.

{"mode":"measure","prefix":"p2-cap-906dcd15-hot","args":[100000,120000],"code":0}
OBSERVER_READY
{"window":{"elapsedMs":5062,"records":26716,"rate":5276.733082823807}}
{"window":{"elapsedMs":10093,"records":85773,"rate":11740.575856687721}}
{"result":{"startedEpochMs":1790820249910,"expected":100000,"records":100000,"unique":100000,"duplicates":0,"identityChecks":true,"outputBytes":209455000,"elapsedMs":11555,"activeMs":9376,"durableRate":10664.640811498115,"pass":true,"windows":[{"elapsedMs":5062,"records":26716,"rate":5276.733082823807},{"elapsedMs":10093,"records":85773,"rate":11740.575856687721}]}}
SLF4J(W): No SLF4J providers were found.
SLF4J(W): Defaulting to no-operation (NOP) logger implementation
SLF4J(W): See https://www.slf4j.org/codes.html#noProviders for further details.

{"mode":"paired-oracle","prefix":"p2-cap-906dcd15-hot","args":[100000],"code":0}
{"result":{"sourceTopicId":"pCo3JohoQjSpeyglSo0RfA","partitionSha256":{"0":"d37af32edf2e9ce58e4c522209d662a6d2d30435690eb9c2966eecc6e25f6a17"},"records":100000,"expected":100000,"fullFactParity":true,"orderedUnique":true,"pass":true}}
SLF4J(W): No SLF4J providers were found.
SLF4J(W): Defaulting to no-operation (NOP) logger implementation
SLF4J(W): See https://www.slf4j.org/codes.html#noProviders for further details.

