{"mode":"init","prefix":"p2-cap-e1255d3f-hot","args":[],"code":0}
SLF4J(W): No SLF4J providers were found.
SLF4J(W): Defaulting to no-operation (NOP) logger implementation
SLF4J(W): See https://www.slf4j.org/codes.html#noProviders for further details.

{"mode":"paired-seed","prefix":"p2-cap-e1255d3f-hot","args":[1000,"hot"],"code":0}
{"source":{"wave":0,"partition":0,"offset":0,"checksum":"b6ac7079269f1389e6edf87688b23466aee1ce430baa6b076ef0509ddcb12c94","bytes":368693}}
{"source":{"wave":1,"partition":0,"offset":1,"checksum":"47be8f145b3f0394f2a9c765c91efd5b7fc56b91e25ec63a09629e8c9fcd4ad8","bytes":368803}}
{"source":{"wave":2,"partition":0,"offset":2,"checksum":"a278a7f70aab42a4500fa576d647ca4def88e4b1a8fb3b1e0f2cf7831c16a5ba","bytes":368803}}
{"source":{"wave":3,"partition":0,"offset":3,"checksum":"8b836a40b6b92169267b4cd2994abeb3ce0b62769cdbcb2a0b738c54fd2ed1b5","bytes":368803}}
{"source":{"wave":4,"partition":0,"offset":4,"checksum":"e3e46549a92a7b72431bbb7168a079e855cd5a81758b6c2412e11028625fc0bc","bytes":368805}}
{"source":{"wave":5,"partition":0,"offset":5,"checksum":"9c23a858514f01226a24af01b57932cc2db71946cfaf3a58fac541ffefb84d0d","bytes":369005}}
{"source":{"wave":6,"partition":0,"offset":6,"checksum":"052c51e4ad53baff19f68eb76f9a8ddce6ae0f19e51ddc4f52d8c2f6b51a391b","bytes":369005}}
{"source":{"wave":7,"partition":0,"offset":7,"checksum":"02918c8b74744234c4299669175d33414978879d1426f574932a304ac7c71756","bytes":369005}}
{"source":{"wave":8,"partition":0,"offset":8,"checksum":"cc119fb8bb7cd7fb6a060dfbadbfa6f228aaaa47b3a8edc5513199aa3fc3610f","bytes":369005}}
{"source":{"wave":9,"partition":0,"offset":9,"checksum":"664b665ae8dfd99a17ef18b724f17f7bd3192a163c6668fcaa168466a38f1ba9","bytes":369005}}
{"source":{"wave":10,"partition":0,"offset":10,"checksum":"067e0a950c0451bba915a6afd3e538a6852610fb3d2a6ce01386e657442c281c","bytes":372106}}
{"source":{"wave":11,"partition":0,"offset":11,"checksum":"0e25a7161a94efb7bc48a1aefbdd6b050e24a209c220b4920543e51ea7127075","bytes":372106}}
{"source":{"wave":12,"partition":0,"offset":12,"checksum":"778f37da7afb850237aa4dd229e1c49b8042c84a6af208c15d373f3ce1a9aaed","bytes":372106}}
{"source":{"wave":13,"partition":0,"offset":13,"checksum":"ea22a3260d1df91a3d7b42af2363f0ee9cca501742a9e27b4e033ae89461a160","bytes":372106}}
{"source":{"wave":14,"partition":0,"offset":14,"checksum":"00520f05a6502b3e0b62b92ec4d8827c88a55e38ff19234551ca2a9c1f8631d0","bytes":372106}}
{"source":{"wave":15,"partition":0,"offset":15,"checksum":"cdfa5b6f8f67d8bd77ba1649075306c02c711d355b7dfab2e80951e183afb750","bytes":372106}}
{"source":{"wave":16,"partition":0,"offset":16,"checksum":"e664fae3eea0017c1785ec94c8de121fc474a32f817dbfc37711e4c610416598","bytes":372106}}
{"source":{"wave":17,"partition":0,"offset":17,"checksum":"88f420820bffdf811dcc647b7319760b910fe1ee0f919961c64444ef8692bd9e","bytes":372106}}
{"source":{"wave":18,"partition":0,"offset":18,"checksum":"56690dcfe615f23498ae336713a82565f551ab790cb0aaa16c295baf3200cf96","bytes":372106}}
{"source":{"wave":19,"partition":0,"offset":19,"checksum":"caccc493826e1f0129a0cc466c406bcaf3c65558a6726640ed93cf8033d768cc","bytes":372106}}
{"source":{"wave":20,"partition":0,"offset":20,"checksum":"d75970560a8e8a78733c984b99afb57159be79de9ac33d55ca3721ec6e6cf804","bytes":372106}}
{"source":{"wave":21,"partition":0,"offset":21,"checksum":"5e350085362af2f2d0764809f5c685a81d374f75120e7dd91576c93035d8e28f","bytes":372106}}
{"source":{"wave":22,"partition":0,"offset":22,"checksum":"43c7facc54c6b17610c63f1df04e3ece29cbd746c8428126d06042550690d304","bytes":372106}}
{"source":{"wave":23,"partition":0,"offset":23,"checksum":"8a93de2a0c3c49a45a1ce61b97df3dcb7dd376495a02d9abd82c7124db1b6bf7","bytes":372106}}
{"source":{"wave":24,"partition":0,"offset":24,"checksum":"668cebce3e367a1a41160c63f4821a165cdd0b25ac3689cdb27ba2747cfff981","bytes":372106}}
{"source":{"wave":25,"partition":0,"offset":25,"checksum":"850fa4696dce416bf6d72683dc125656a65cd17a924aa597a5251418cd74d931","bytes":372106}}
{"source":{"wave":26,"partition":0,"offset":26,"checksum":"efe36427fa61b9e037b4c7358735a4ad276148ca9268631b60a3b52d96b13e42","bytes":372106}}
{"source":{"wave":27,"partition":0,"offset":27,"checksum":"b0277167d8168c66637b275165c2dfe2c5dc2ea534b52523c40bb6d0c0570961","bytes":372106}}
{"source":{"wave":28,"partition":0,"offset":28,"checksum":"3b35af190242f49b560e6ae082b14fb2add93679b27213ed863ab490aaf40740","bytes":372106}}
{"source":{"wave":29,"partition":0,"offset":29,"checksum":"e9cdb23e2e72c511a530a83ec9c854d5931091790f28510acabb24e92880941c","bytes":372106}}
{"source":{"wave":30,"partition":0,"offset":30,"checksum":"442577d5c51550a3cb526f8f6ec67dc315bf805910385bef0dbecb69fe02e75c","bytes":372106}}
{"source":{"wave":31,"partition":0,"offset":31,"checksum":"db9f34037c47efa079651dae50fa62b22cce150142e1c612b18654a3f14ee736","bytes":372106}}
{"source":{"wave":32,"partition":0,"offset":32,"checksum":"3245c0aec3011530e2199633e102291f1e5abd9872f039ea58a68ca60289a4d7","bytes":372106}}
{"source":{"wave":33,"partition":0,"offset":33,"checksum":"deab2f102647b0afd186b4ffcfa8200dfc0f42f34dc7537621e029d8910290f0","bytes":372106}}
{"source":{"wave":34,"partition":0,"offset":34,"checksum":"4a79751fbbb3379f84965cbb046c0059d910b624eec7f225c0f2fd91e8069fbe","bytes":372106}}
{"source":{"wave":35,"partition":0,"offset":35,"checksum":"6829c5d9a4cb3d1a8b093ff673952f218f7e36a91771387ace21cd32c1a3fee6","bytes":372106}}
{"source":{"wave":36,"partition":0,"offset":36,"checksum":"c4238ec10b3584475c14693d2f25c2542095f353dfe622b2499eac207e04fee6","bytes":372106}}
{"source":{"wave":37,"partition":0,"offset":37,"checksum":"846d54a69e7e1bffe63c27195bad19e89efea8a947439a961109d5f1868cb063","bytes":372106}}
{"source":{"wave":38,"partition":0,"offset":38,"checksum":"8a0bcbe1cdb6cd729548dc0e5d92e095c47addb858b7f412a46dceeab8acea48","bytes":372106}}
{"source":{"wave":39,"partition":0,"offset":39,"checksum":"22bef01564dd7536eef0b3f6a52185e63abda7f1ac96fe2d39e5f64f85eae932","bytes":372106}}
{"source":{"wave":40,"partition":0,"offset":40,"checksum":"5e82ea87a76391c85d5960354b0982c2bb070f44e1b27114ef93c9bf5a963ba2","bytes":372106}}
{"source":{"wave":41,"partition":0,"offset":41,"checksum":"f58a63332475f08d554e27803030c8dd275c380e55662e66de86bc6a21545258","bytes":372106}}
{"source":{"wave":42,"partition":0,"offset":42,"checksum":"b0f7bcc880d4eb7c9f9ad72dafdabded0e056305e74386e41a821b0a01c1c265","bytes":372106}}
{"source":{"wave":43,"partition":0,"offset":43,"checksum":"4028f8430428e22c04c07318c2b528f45cea23cb737401c3c1bfa36e8dbc3f2a","bytes":372106}}
{"source":{"wave":44,"partition":0,"offset":44,"checksum":"7cd9305cc6a9bcd8b0efe298411a81c29d9c895aa6a8da6c14cad1b444207e72","bytes":372106}}
{"source":{"wave":45,"partition":0,"offset":45,"checksum":"db770cdfdf28e51b79d12ddef33283be8eb1a4c949a596f1107712981d0df489","bytes":372106}}
{"source":{"wave":46,"partition":0,"offset":46,"checksum":"4ad90db1bfe02c57fe0af2479fb31c4519c879632c5f49497b46ef490d289cf0","bytes":372106}}
{"source":{"wave":47,"partition":0,"offset":47,"checksum":"419db8d03f902c7766b0bfd302f9dee826947bf429f1b515cb9b4f15249e58b7","bytes":372106}}
{"source":{"wave":48,"partition":0,"offset":48,"checksum":"02a091c8dbed4b7ae89badf2b0145e69ead2480e6fd0bf4c790d835d616c243c","bytes":372106}}
{"source":{"wave":49,"partition":0,"offset":49,"checksum":"a6254c700a9b10f8312fa0efa68889302508b2351a584dbf5068e50e7fdea4f4","bytes":372108}}
{"source":{"wave":50,"partition":0,"offset":50,"checksum":"ba7964586b4495851c758b354aa44ba315cb57e4b83a12d84b1b2e697763b14a","bytes":372308}}
{"source":{"wave":51,"partition":0,"offset":51,"checksum":"8ad8ecde1a591d042f76684bf2da8073eabe40e33d18f13a167733f73b54420a","bytes":372308}}
{"source":{"wave":52,"partition":0,"offset":52,"checksum":"33a52ae727031557c8e5989b16813c79adacffdc02222629cd88118f0ba4a6c2","bytes":372308}}
{"source":{"wave":53,"partition":0,"offset":53,"checksum":"bd318fddca7fbecf9128c6d88257275f672e18a5f062c59eedcafe15790c52af","bytes":372308}}
{"source":{"wave":54,"partition":0,"offset":54,"checksum":"53163645b7c7488af0d04511e8241171c96f1ad24c5922b58bc63e26a864f5c3","bytes":372308}}
{"source":{"wave":55,"partition":0,"offset":55,"checksum":"895a1569d732354f56fd7335fcd141e41e5ec3e6a9c22d4496398eb213d6a5df","bytes":372308}}
{"source":{"wave":56,"partition":0,"offset":56,"checksum":"89409d572d5bbcfc58cc0f434ae44107bc36ad77cfb6d0ba47023636db316ceb","bytes":372308}}
{"source":{"wave":57,"partition":0,"offset":57,"checksum":"864001e479c163c21125bc4bc9ccd3d7fb86159b7fdf22d4cf3887692c6ecc98","bytes":372308}}
{"source":{"wave":58,"partition":0,"offset":58,"checksum":"eae46a1ec721a66dfadde3477566af66599cc2279ea6d59a66ea1812dcb3dd18","bytes":372308}}
{"source":{"wave":59,"partition":0,"offset":59,"checksum":"9615b519cdde7d0c8045b4fd5c2fef789757cb0e04952a7612e7afaf60b37fde","bytes":372308}}
{"source":{"wave":60,"partition":0,"offset":60,"checksum":"286adf3f5cb941a66a3dc535f07fc0feef0a8573d334ce06145e3f63ee57c257","bytes":372308}}
{"source":{"wave":61,"partition":0,"offset":61,"checksum":"b61d8c031c8e2b0ff28d22f2c414b33493cafeaeb1b8bb0c106758f941e62782","bytes":372308}}
{"source":{"wave":62,"partition":0,"offset":62,"checksum":"d84a2e4a6f62331977dc4bb99cf51f1cbb27a5c1d6eded5170de86de428e8eac","bytes":372308}}
{"source":{"wave":63,"partition":0,"offset":63,"checksum":"fd473c7c1988bb4a60ebca6413aaa7aa19fa3554ab7bb7d1f7e09585d53c7fd8","bytes":372308}}
{"source":{"wave":64,"partition":0,"offset":64,"checksum":"bbd8fc4d8bb74b6d5208d5a8301075e19620f55853feead29df086f28154efa9","bytes":372308}}
{"source":{"wave":65,"partition":0,"offset":65,"checksum":"57654343504e8c6f33ba1d3548d984297ba7d42f1632acb9101018719f983b49","bytes":372308}}
{"source":{"wave":66,"partition":0,"offset":66,"checksum":"3a87bda2d09a73af825099f92dcbb9cb8f0227bc7ec0bd06c572f03637457ac6","bytes":372308}}
{"source":{"wave":67,"partition":0,"offset":67,"checksum":"28f8c3203ee215f23364ed608ad7de3668fa7207a345ae4d54cb0d5b5c84e1fa","bytes":372308}}
{"source":{"wave":68,"partition":0,"offset":68,"checksum":"4e0ed12e1222622a16dff473188da1d7f7a135e7ff5db3a3df2161685daed7b7","bytes":372308}}
{"source":{"wave":69,"partition":0,"offset":69,"checksum":"f6b55e6ec10031a475f93892c04e1b30f01e8e9b25f50ad0b43641a44874d33e","bytes":372308}}
{"source":{"wave":70,"partition":0,"offset":70,"checksum":"cdb8eec85d03fbe3aa40f963349f03c736f67f1eb5a1f2ee018e445819cd76a9","bytes":372308}}
{"source":{"wave":71,"partition":0,"offset":71,"checksum":"b9813a7260e7ef6e0ed9db564e8a1771689f2dd62053fb5eef8e672fb177efdd","bytes":372308}}
{"source":{"wave":72,"partition":0,"offset":72,"checksum":"a8350c0aebb6b5c167b2b89820f0453373c23373bcfd32e0d23cf8a866bc89a6","bytes":372308}}
{"source":{"wave":73,"partition":0,"offset":73,"checksum":"a4b5e55a0d193cac75b306ede8ea3bb9dde98ff192d35c3c3ff6247ff587d091","bytes":372308}}
{"source":{"wave":74,"partition":0,"offset":74,"checksum":"81aa2c41ea92c7d2eda28cadd306c3e413cfe6682b23e23313a21257172f1282","bytes":372308}}
{"source":{"wave":75,"partition":0,"offset":75,"checksum":"46729c53fa1ce0e767b357681ab38dabb54f56fe672f83323e0ade846d2a79fa","bytes":372308}}
{"source":{"wave":76,"partition":0,"offset":76,"checksum":"dee7fa181a2d74cfd0e62b56e479188ef62e7d7aa0a9314adac94eed65b83d9a","bytes":372308}}
{"source":{"wave":77,"partition":0,"offset":77,"checksum":"e5b5d7dbd436e3a50d90f6ab3ce025619a2206332d924721a89fbeca1e189b6d","bytes":372308}}
{"source":{"wave":78,"partition":0,"offset":78,"checksum":"5cb2be968f2b5c8c26c0f48dbfdb704d3cd69e06bfcd80c3f05bead159100287","bytes":372308}}
{"source":{"wave":79,"partition":0,"offset":79,"checksum":"372e235ffd4c0ffbfaee867efc049e9620f20269b325873498e1707a3c0cc348","bytes":372308}}
{"source":{"wave":80,"partition":0,"offset":80,"checksum":"da5a2dccb80475057e20bbaad54ebfac21f4df5cf89268a6fccf0cb97d94811f","bytes":372308}}
{"source":{"wave":81,"partition":0,"offset":81,"checksum":"124115d390acf2e8557ebac30aff3d359522e16e68ea00daabbd6485467bd531","bytes":372308}}
{"source":{"wave":82,"partition":0,"offset":82,"checksum":"ef1fc40bfec94d28cfb38373c4908f7bd1011a8c0023f8fe10e85353c358b75f","bytes":372308}}
{"source":{"wave":83,"partition":0,"offset":83,"checksum":"5ae0198fb3785ff60bbf7a630486d2c20aa026fed400ad60d77514fe0dff694c","bytes":372308}}
{"source":{"wave":84,"partition":0,"offset":84,"checksum":"55967ba46a2ee25de662acb02409e4eaeddfc2c06185ca9bcfba9e1774f99253","bytes":372308}}
{"source":{"wave":85,"partition":0,"offset":85,"checksum":"5001fcca109af8226f068e66ea2b76da711343d9381d2d7c125f8e404de30d52","bytes":372308}}
{"source":{"wave":86,"partition":0,"offset":86,"checksum":"13d2b79073e2813d4ca08ab971af93c13e549d7cd4b8a24efe6f7cd56271b8a8","bytes":372308}}
{"source":{"wave":87,"partition":0,"offset":87,"checksum":"b9182bb8c92280418251884ad343b64a5df8eaefdb3aa3da1442ae6a043f93bf","bytes":372308}}
{"source":{"wave":88,"partition":0,"offset":88,"checksum":"28bd2283e2b919279278388da684decd0d5e43da531191670d6fed96e2d04634","bytes":372308}}
{"source":{"wave":89,"partition":0,"offset":89,"checksum":"1c2264d909fb51bf305895cd12d141df86ac350785a32f0236724a6a7ce0ce19","bytes":372308}}
{"source":{"wave":90,"partition":0,"offset":90,"checksum":"2810118443e32ae90d36622e0108cd3fb63384768f893db93ba03eeb1c7072ce","bytes":372308}}
{"source":{"wave":91,"partition":0,"offset":91,"checksum":"476d418cdb6b72cadf17c4e31b1d89ad21fc576dfd4b1e32737ef76e54fdeb6b","bytes":372308}}
{"source":{"wave":92,"partition":0,"offset":92,"checksum":"ffd59368438f075593d3a037ed208cde1a6ebf107537063d7db8dbf1ca2b9e08","bytes":372308}}
{"source":{"wave":93,"partition":0,"offset":93,"checksum":"a318a9f33b4d887001ba96efe8eebf019b2385233179201f6255e66540c5331b","bytes":372308}}
{"source":{"wave":94,"partition":0,"offset":94,"checksum":"26dd826387cdcf14873dedf619ef31c09175b695a51f525293361625fe63215b","bytes":372308}}
{"source":{"wave":95,"partition":0,"offset":95,"checksum":"3e8aec081bd2b7d3c08207dc0e93d56162948cc22429168a42e060282a3e02ca","bytes":372308}}
{"source":{"wave":96,"partition":0,"offset":96,"checksum":"d0f4ee9e81ceb9fb643663a0fdb3d266a6de29d6cd3c28a75ab4c072949eb6ef","bytes":372308}}
{"source":{"wave":97,"partition":0,"offset":97,"checksum":"1489ffae6df176c8bcd1d595ce18efec03934db22d634902ca1f1b21c851f0e9","bytes":372308}}
{"source":{"wave":98,"partition":0,"offset":98,"checksum":"7214f3b22b4bc841369f1a1850077a4efb54e040450fb381d6c9f66aa38e91de","bytes":372308}}
{"source":{"wave":99,"partition":0,"offset":99,"checksum":"3c277b14e66bfe6b846bd254d6bacb4c66a9112faa1716822b154af4209d2538","bytes":372308}}
{"source":{"wave":100,"partition":0,"offset":100,"checksum":"dd5421363215f22b76560014a99b6eda987282d474990c1cd70d1ceacdbd07e0","bytes":375409}}
{"source":{"wave":101,"partition":0,"offset":101,"checksum":"9a11281b81d8c5fb598610e7690a0828bad1321462130bbfa98ac51e289ddaaa","bytes":375409}}
{"source":{"wave":102,"partition":0,"offset":102,"checksum":"40f16d3429cd5ae0771de298ab0db2a4cdfae6c16613f02d89e1e76a02839654","bytes":375409}}
{"source":{"wave":103,"partition":0,"offset":103,"checksum":"b4e5d157a6c2e6a79d48fe4f8c11b4344bbc646cee7499327818dd0f1b55721b","bytes":375409}}
{"source":{"wave":104,"partition":0,"offset":104,"checksum":"26d595fdb81935c5cfd0c1c5e53c95675f09602a997e57949a32b5b24bae5b63","bytes":375409}}
{"source":{"wave":105,"partition":0,"offset":105,"checksum":"35a84881cb012b016f4498ec299edaca73644efa4ef079524a504b06d76ca74f","bytes":375409}}
{"source":{"wave":106,"partition":0,"offset":106,"checksum":"25be0574d06b681ab84debf007987ad9ff2fb6bca18b8e81f359ad76d7ac2b23","bytes":375409}}
{"source":{"wave":107,"partition":0,"offset":107,"checksum":"1c501efc506d8eda689923f54b962a1f175cd904919e485e7be3426071d0f5de","bytes":375409}}
{"source":{"wave":108,"partition":0,"offset":108,"checksum":"822d40ee3e829557e8cb43fbf0388e2a53747c8462dc0563833897d71baa1dea","bytes":375409}}
{"source":{"wave":109,"partition":0,"offset":109,"checksum":"6dd22ec30e532cf6acf296d686981b2795848c604b688a4675f5bd464c8d1f04","bytes":375409}}
{"source":{"wave":110,"partition":0,"offset":110,"checksum":"d9dfa547610aae0c105f623be631e77eadae7dae3c36b38afdc3a4416fdfb06a","bytes":375409}}
{"source":{"wave":111,"partition":0,"offset":111,"checksum":"2e5a23be1eaa64cd72b88d02a97e299f580f4c90b00b282acd73502ffa67166c","bytes":375409}}
{"source":{"wave":112,"partition":0,"offset":112,"checksum":"06b2cf8417802609878d76a3327a43bfa205a9d596154d861c4e2f57ffb1669b","bytes":375409}}
{"source":{"wave":113,"partition":0,"offset":113,"checksum":"6f121733618b01098cfff17ae34444df8846e1f7a94eafbad4f4a6c0fa24f6a7","bytes":375409}}
{"source":{"wave":114,"partition":0,"offset":114,"checksum":"baa51c3d0f7a1e3059531810e9c9a7f1cf300a3c218813a4004da4d1fc8b3389","bytes":375409}}
{"source":{"wave":115,"partition":0,"offset":115,"checksum":"492e1d80a39ed4016577e89c0ad7189c5e06cd433c48357076af5503d6f1b350","bytes":375409}}
{"source":{"wave":116,"partition":0,"offset":116,"checksum":"ed11c616cf342c01d3f55160bd2ca0639d872b091653d874c95a1d96f877e6be","bytes":375409}}
{"source":{"wave":117,"partition":0,"offset":117,"checksum":"0b9fd73a6d4d32206e419a80af975ce29bbbffc5984a2c47d1c143dafd06766a","bytes":375409}}
{"source":{"wave":118,"partition":0,"offset":118,"checksum":"03fa0210bfa8f60bd95f3b82d7411d2c0b115bb6f7e4f628af4d5d19a2ff1f7e","bytes":375409}}
{"source":{"wave":119,"partition":0,"offset":119,"checksum":"1062e4a0bd830f912b68b11ddd64e74312022d5b958d538527cfc90a73d03dae","bytes":375409}}
{"source":{"wave":120,"partition":0,"offset":120,"checksum":"a2aa09fbb28520757aa19766de555004d99499fe6ad28d0a08a8c7c4bee9a841","bytes":375409}}
{"source":{"wave":121,"partition":0,"offset":121,"checksum":"5746935dd5cc69326e6294e55db65b99a4548ffe1dc4cf40515e99ab8b80f9ef","bytes":375409}}
{"source":{"wave":122,"partition":0,"offset":122,"checksum":"ff95cb4d4017d8c1dc1363742965897981974df473326cfed60bd793d5e7293a","bytes":375409}}
{"source":{"wave":123,"partition":0,"offset":123,"checksum":"250f830dcd06cedbd1c8188ab3023d50b19e7bd9a0b0ccddabe862dd6743eef4","bytes":375409}}
{"source":{"wave":124,"partition":0,"offset":124,"checksum":"7f6a49f754fe1cd50d9b7abb9528f688c6a924e1c715f33d747ec9aced89d554","bytes":375409}}
{"source":{"wave":125,"partition":0,"offset":125,"checksum":"852562fcf558e42fd3b8ce4916fcb5e2188df62b9681594ca06cdaf428eb6ef2","bytes":375409}}
{"source":{"wave":126,"partition":0,"offset":126,"checksum":"72b6658a76c7ef66684b4e37b1803b9b7ab7bad1f758bc66a9774f38d521d5e7","bytes":375409}}
{"source":{"wave":127,"partition":0,"offset":127,"checksum":"3e3e52b85b0f4eadb14538f0c72b3fddbdec48cff2a46db90aae39ce5415d248","bytes":375409}}
{"source":{"wave":128,"partition":0,"offset":128,"checksum":"4f87eaf6386b4d931f30db02ef14552456ecbdfba2428e7856863de1270d6a79","bytes":375409}}
{"source":{"wave":129,"partition":0,"offset":129,"checksum":"2fca126885195ba6e408a5ec6c8301463740dbd03ea1c82b00d8d3ca62c540da","bytes":375409}}
{"source":{"wave":130,"partition":0,"offset":130,"checksum":"a4d914083e964f592af761feb5ab583a90174ee0e09af6a1b1c10600edfa45a2","bytes":375409}}
{"source":{"wave":131,"partition":0,"offset":131,"checksum":"09fa2a6d40f5d8fb7ab9ec27b3f9a30a6d1c452591444a678001701a14689d8b","bytes":375409}}
{"source":{"wave":132,"partition":0,"offset":132,"checksum":"8bb4fff14e89f43970932fe860b37ce7b8b76141bfb02a0b9afac257a5896f40","bytes":375409}}
{"source":{"wave":133,"partition":0,"offset":133,"checksum":"fc0c462b2820ad942dc911255d2dae00adbb99bd76c5fcd5172c0a943812d724","bytes":375409}}
{"source":{"wave":134,"partition":0,"offset":134,"checksum":"a1cd489317265d64b54b3c549ad100d8caf3759df21656c1c4dbef8a21f3d6f7","bytes":375409}}
{"source":{"wave":135,"partition":0,"offset":135,"checksum":"3623634ac6e68bca3be954f5471386d19fe2a4f1cabb246eaa0283ed36b82398","bytes":375409}}
{"source":{"wave":136,"partition":0,"offset":136,"checksum":"cf4a51cc8ae151628dfb5289e16917a1adca79ef49e7b0284e35298890129394","bytes":375409}}
{"source":{"wave":137,"partition":0,"offset":137,"checksum":"67e4a64d480d71163cf662ae91a2a9169fec0b7392acf9d51605482a2a01193c","bytes":375409}}
{"source":{"wave":138,"partition":0,"offset":138,"checksum":"32cd04384f597b757d5be8b62f9281ff30ece9a924169722b8847157d9d99877","bytes":375409}}
{"source":{"wave":139,"partition":0,"offset":139,"checksum":"533f084f407fb87939bacbf242211f6294e162158fd3a843c0ed39042169c66d","bytes":375409}}
{"source":{"wave":140,"partition":0,"offset":140,"checksum":"19debb4cf2a6298e866b278d3ba82d4fc52d124d9fd29ed01a1f900ea320dac4","bytes":375409}}
{"source":{"wave":141,"partition":0,"offset":141,"checksum":"e55da1e9f833bc3d090aec4397332fccda3952cc25f8c5d64abf7ac3a2116760","bytes":375409}}
{"source":{"wave":142,"partition":0,"offset":142,"checksum":"6644819cf5c8f6078ad90d2a36499a90fce009a7f9a6d44f443ff828bba5ab1e","bytes":375409}}
{"source":{"wave":143,"partition":0,"offset":143,"checksum":"ca49ae8d983743f0d75a6ac304898253c94d4dd978c93fdcc67177d453117dfa","bytes":375409}}
{"source":{"wave":144,"partition":0,"offset":144,"checksum":"6781e51fbcf9ad360110d29c6ef17a871153c483471415844a7706fc2f7ee88c","bytes":375409}}
{"source":{"wave":145,"partition":0,"offset":145,"checksum":"883427a0adabb171c5203e724892d5c05b413ecc4f9847221aa844319838efd9","bytes":375409}}
{"source":{"wave":146,"partition":0,"offset":146,"checksum":"e6af919797c36b35d4188cefc0ff273936c5bb72aebc03f1e84ce15fc5a18fa3","bytes":375409}}
{"source":{"wave":147,"partition":0,"offset":147,"checksum":"915456cd7456135ba8ca27604bd9636ddef9bf17e8d2f6afc412e088471c5a4e","bytes":375409}}
{"source":{"wave":148,"partition":0,"offset":148,"checksum":"f2297c0206e455c501a2f25e0d4c902f5419e674cd5fd1a1384c15b00633ea35","bytes":375409}}
{"source":{"wave":149,"partition":0,"offset":149,"checksum":"73197f4ddc2049e5eab1dc25153bce7a82007cf33e06e6dd7b6147cd7143b3e3","bytes":375409}}
{"source":{"wave":150,"partition":0,"offset":150,"checksum":"259995d7d33fcefd4e72f814e35f5dc28ec2e26bfc0af3f9e49a73bc35b5ad46","bytes":375409}}
{"source":{"wave":151,"partition":0,"offset":151,"checksum":"64e528b20fb3a894c64bf57a9f64d9247b7055fc814f3dc7820245ed6f8465d6","bytes":375409}}
{"source":{"wave":152,"partition":0,"offset":152,"checksum":"9af7157b66c99faf98b1bdd28152ee8806ed19cb5d8edf998c58a48416ddd1cc","bytes":375409}}
{"source":{"wave":153,"partition":0,"offset":153,"checksum":"ae814300f3ca78d3cb360066614477a79e57ea73e06a035b99bb09407a7f6330","bytes":375409}}
{"source":{"wave":154,"partition":0,"offset":154,"checksum":"042a9a2521b5cc30a5bb76d7f570d0e6115827c24fe8982a96d7f85756e22148","bytes":375409}}
{"source":{"wave":155,"partition":0,"offset":155,"checksum":"87209ffa952c877b01525562d87eb7e63fe75222469508ed3e0f9cd25fef5743","bytes":375409}}
{"source":{"wave":156,"partition":0,"offset":156,"checksum":"63f38915f37c972148ee973219f2a4788e1d10d5464650c1786b019fefc09acd","bytes":375409}}
{"source":{"wave":157,"partition":0,"offset":157,"checksum":"f7288cf9a1ad8ad5b6037c8332161c8725e2df5009a13692924bd37e9a92100d","bytes":375409}}
{"source":{"wave":158,"partition":0,"offset":158,"checksum":"a22a7ed7181c8101065a8e2e9d2edf51b5632d12796ebd5dd9856fb493b28555","bytes":375409}}
{"source":{"wave":159,"partition":0,"offset":159,"checksum":"32b2d032047987794984e159792c5d7ea708fa07a8730c5fef8a1794aafb9527","bytes":375409}}
{"source":{"wave":160,"partition":0,"offset":160,"checksum":"a90415376b2c19ab4d955c5c9faf4ea0c99acf10700f8af208b02c348a7a99dc","bytes":375409}}
{"source":{"wave":161,"partition":0,"offset":161,"checksum":"c7151a1a0ea564493f94967eb329d06c2a86d1ea177984b46750b075978f65a5","bytes":375409}}
{"source":{"wave":162,"partition":0,"offset":162,"checksum":"d433d1bfb7017fe9c8d6273b716aa5e2dc73f3a7ba7e8137d3f8ac8255cedbbd","bytes":375409}}
{"source":{"wave":163,"partition":0,"offset":163,"checksum":"c856212d0d2d00fa3ef10c7edd08348c1d5be5999b8061cf0f441d356c506f95","bytes":375409}}
{"source":{"wave":164,"partition":0,"offset":164,"checksum":"474ae998b44e51380226cbe411f959200e7cf77ccd541a7897d45bffc25442a1","bytes":375409}}
{"source":{"wave":165,"partition":0,"offset":165,"checksum":"54242a4acb39fd215c3b173df4d4b2b67f432607e3f90d05f4dc352b54b50acd","bytes":375409}}
{"source":{"wave":166,"partition":0,"offset":166,"checksum":"3ae92fc00cabb9f2a96fc6842dd6a18ac23ca3dc153cc6a154a3d39da42f46c7","bytes":375409}}
{"source":{"wave":167,"partition":0,"offset":167,"checksum":"757a5e39263ee33e312bcb022f870c4b63843d1773320754adb792feb2ed2545","bytes":375409}}
{"source":{"wave":168,"partition":0,"offset":168,"checksum":"fc8f835413e7fd4725f15e828fe479451bebe9795bf644831dc28a68695149ef","bytes":375409}}
{"source":{"wave":169,"partition":0,"offset":169,"checksum":"42575fde688c1a1e55cde4271d406ada0a973f48d6a20bc95df13b8a133c99de","bytes":375409}}
{"source":{"wave":170,"partition":0,"offset":170,"checksum":"0b364cc7bcd4080cc0bab79e4cd6007277d5eab83bb0f070fc99b74c78592539","bytes":375409}}
{"source":{"wave":171,"partition":0,"offset":171,"checksum":"f6f99f5043ae1c6947903077e63e5ef9278b3e2c15a0ac22ba970101657ab3e8","bytes":375409}}
{"source":{"wave":172,"partition":0,"offset":172,"checksum":"5f020eb26fc811293e530bfd3a433ce969dda6289899b5ea28b70a50cfe433a8","bytes":375409}}
{"source":{"wave":173,"partition":0,"offset":173,"checksum":"41a4718bd20d9b7a7c6e7f0bd923e1b52d3fdc319d057aa0afd8b7da0b78ba6d","bytes":375409}}
{"source":{"wave":174,"partition":0,"offset":174,"checksum":"709eb52934393d386c8692681b590f1aa6b49c9a1177c85632c17f79cce48f1f","bytes":375409}}
{"source":{"wave":175,"partition":0,"offset":175,"checksum":"e494a38ce03fff5c958854ea1ebfa200db01ec5597ee0f5d59108b25ad6500d6","bytes":375409}}
{"source":{"wave":176,"partition":0,"offset":176,"checksum":"c43747068f48b952a3e48ebcf4725374988c7b739a11dfb3daf04fdd8b2fc084","bytes":375409}}
{"source":{"wave":177,"partition":0,"offset":177,"checksum":"79fc0ae7c0f4a9415a20fe9c1a5225c9c7cbc305d8d4d40f71b27ccb902754d0","bytes":375409}}
{"source":{"wave":178,"partition":0,"offset":178,"checksum":"e3f2e2b124a929924c381cd76f3bafef2d2624158eb75e93e2cf0119e2995fcd","bytes":375409}}
{"source":{"wave":179,"partition":0,"offset":179,"checksum":"b201d44ace19ec47bb5a30afb18135a3cccb1a50f14b61ec47dd0f16efbbf261","bytes":375409}}
{"source":{"wave":180,"partition":0,"offset":180,"checksum":"1bb8fa7fd0c20c46b9215a8ccf38abee33e50a8bea9485c6f80063ec2937a29e","bytes":375409}}
{"source":{"wave":181,"partition":0,"offset":181,"checksum":"dd6b12b266a35dba385f7feabadae9f559eeba688270181dd93feffa6065613e","bytes":375409}}
{"source":{"wave":182,"partition":0,"offset":182,"checksum":"848c8b6758da430e75c857f875f0b4b9bc9b0c7dce052be7b09c6f257db29fd2","bytes":375409}}
{"source":{"wave":183,"partition":0,"offset":183,"checksum":"46afae8df337702d595528cc6ff4546cea691e8417da510a2f3ce9b76e7b0f7c","bytes":375409}}
{"source":{"wave":184,"partition":0,"offset":184,"checksum":"76f99a5e8eff76e1c2f5732c7864e8e737f0f5303943fc4574090846bb99a0dc","bytes":375409}}
{"source":{"wave":185,"partition":0,"offset":185,"checksum":"2082d35bcd1a1530e6483f4b88dc74c5b238aef79aa3444e7fe5b9ff51e6b9af","bytes":375409}}
{"source":{"wave":186,"partition":0,"offset":186,"checksum":"5bdfbb2b4ea67c98600ad4ed2e203a5d5715859e5a939d4d7ef206fa81ec5e97","bytes":375409}}
{"source":{"wave":187,"partition":0,"offset":187,"checksum":"411e9046fbebf346916bbc2344a6cbe08de2778f76da03870b7a7e4a0acc311e","bytes":375409}}
{"source":{"wave":188,"partition":0,"offset":188,"checksum":"701dc116ec69cb5ff29915c85b3cdf4958c00a788f297356553f84c311a711fe","bytes":375409}}
{"source":{"wave":189,"partition":0,"offset":189,"checksum":"d3490f8eb53abc00c9bdff66304d657759eebcebccf38f5f815dca9a9ccacb48","bytes":375409}}
{"source":{"wave":190,"partition":0,"offset":190,"checksum":"d5a4362c225c5b702ef2bcbb48f78556c36d1014316c4fdfede994554fa634db","bytes":375409}}
{"source":{"wave":191,"partition":0,"offset":191,"checksum":"e3ccd4796c5359b7fa116633001823fee9b159c9a41982b0651dfb346ea751a1","bytes":375409}}
{"source":{"wave":192,"partition":0,"offset":192,"checksum":"059db32220a48a17df0775b606e0731aa785aafd080131f826e12b49b29024f8","bytes":375409}}
{"source":{"wave":193,"partition":0,"offset":193,"checksum":"00f0054aeee94296dc9644f6a85c74048d9b3ac4342f52ad35085e48eee48e02","bytes":375409}}
{"source":{"wave":194,"partition":0,"offset":194,"checksum":"1ffb81145668dbcebc1f6255653c62f7df9d16def76351277481c5d629419c33","bytes":375409}}
{"source":{"wave":195,"partition":0,"offset":195,"checksum":"7620366b3ca0262f84a92f060e6f599d7d2b0867f41050389dc9b1a21d063cc6","bytes":375409}}
{"source":{"wave":196,"partition":0,"offset":196,"checksum":"428d242a3af1df5f79b8137d516e2d24d52c9ddefea1f14b1c111f88d3b06bee","bytes":375409}}
{"source":{"wave":197,"partition":0,"offset":197,"checksum":"52735f8b4f7a46888a8bb82961089d5481d91eb16fae691056fa6c21b61814c8","bytes":375409}}
{"source":{"wave":198,"partition":0,"offset":198,"checksum":"05dbe5c48ef3593a330e212dd95e9f12be479c4ef2c7e3900c69b642f10ab03c","bytes":375409}}
{"source":{"wave":199,"partition":0,"offset":199,"checksum":"3a337eceaf504ac19862c2009642462b7dece10ef90cd096b023dfdaaa4d133c","bytes":375409}}
{"source":{"wave":200,"partition":0,"offset":200,"checksum":"2611b3ef7334f8d80c8bd0145a1f31653505fc55366b4b2629978216e2ee2d2a","bytes":375409}}
{"source":{"wave":201,"partition":0,"offset":201,"checksum":"c822ef54d571bb28c97a6ffc347238b83b1e527f14b27ee15206db9bf4c7acb0","bytes":375409}}
{"source":{"wave":202,"partition":0,"offset":202,"checksum":"dc3d71b046617c5e9e9967bc0419f82d4f787ea3f66e85538abc29df642b3da9","bytes":375409}}
{"source":{"wave":203,"partition":0,"offset":203,"checksum":"2d92d1520611499e7bd33700405dec440c44e483d872bd7e2e2947942ebb887a","bytes":375409}}
{"source":{"wave":204,"partition":0,"offset":204,"checksum":"8f5ab75abe9e0d6a3c26a7c8be1370b2f9b675a8e882aea0b70ca2b042ca4976","bytes":375409}}
{"source":{"wave":205,"partition":0,"offset":205,"checksum":"01f23eaeca752861f2b69730f9b7cd1b8ff4fa41de714a763466e58d77c9d691","bytes":375409}}
{"source":{"wave":206,"partition":0,"offset":206,"checksum":"d50d2e9a5b0de2c88a3f56f18b1e74b56216995002a884b114ec7c39bc7c8221","bytes":375409}}
{"source":{"wave":207,"partition":0,"offset":207,"checksum":"1596ff4d97e803f5e329e4651ec5a2636d5b7d06a939b272b03748e24f7b82f8","bytes":375409}}
{"source":{"wave":208,"partition":0,"offset":208,"checksum":"411eec1afc2638df768bdffa12259d72e32554d4751acbaf9e0777448cf364cb","bytes":375409}}
{"source":{"wave":209,"partition":0,"offset":209,"checksum":"d3f3ed59116e4d8ab071be49dfb28e0e04f1fdabfa1ebad028f7ca439eafb50b","bytes":375409}}
{"source":{"wave":210,"partition":0,"offset":210,"checksum":"7de9e1ddca4e1a569790300198443733120e00b3395c63b7f66f6023a4571f50","bytes":375409}}
{"source":{"wave":211,"partition":0,"offset":211,"checksum":"d249527a712ac90329674dade7ba33da02622a6c575e8422c4d986a149dbe995","bytes":375409}}
{"source":{"wave":212,"partition":0,"offset":212,"checksum":"1fb5d661fc20fcd69c38ed11fb4c09aa3d27571659738551050f3accf10cc951","bytes":375409}}
{"source":{"wave":213,"partition":0,"offset":213,"checksum":"d4faa27fe478fa83ba7b5d75f7b6d247601391d5bfc0900f6bd88525cd4e53b5","bytes":375409}}
{"source":{"wave":214,"partition":0,"offset":214,"checksum":"60d82e3d04da4b90fa0ff66871de36ae86c7762d81290635da7d46813da35c09","bytes":375409}}
{"source":{"wave":215,"partition":0,"offset":215,"checksum":"174919a9e7666c79ca42c4da546ea91189bc24161671c4a32bfb25f0207fd986","bytes":375409}}
{"source":{"wave":216,"partition":0,"offset":216,"checksum":"6a0e446d67b0073f5c1a2144c6b8bb0046cbfdad7e34c203cd48811443e38262","bytes":375409}}
{"source":{"wave":217,"partition":0,"offset":217,"checksum":"6c13bafa05296409ec3b2727a45c0bf70ff9ccfb54367d75355ba79c1f48d044","bytes":375409}}
{"source":{"wave":218,"partition":0,"offset":218,"checksum":"341c4fa36d03a96cb21b183f2fcba079f311fcf65190980253396246049796a1","bytes":375409}}
{"source":{"wave":219,"partition":0,"offset":219,"checksum":"b995dee7f94276bc4169901ad25efd47b11d4ec78b79b909c0016ae6bfc019de","bytes":375409}}
{"source":{"wave":220,"partition":0,"offset":220,"checksum":"dcac03bf4fdfa34dc388fd8e6179569bd6fa61caea64e44ab1e053c34467a948","bytes":375409}}
{"source":{"wave":221,"partition":0,"offset":221,"checksum":"a5933e127f3734f9c5c2902715aede332881d3ba02b44d62f406f1d84b477efd","bytes":375409}}
{"source":{"wave":222,"partition":0,"offset":222,"checksum":"2252cc64de488d5061cbc8f676923f81138e2f27b9a4e5a9405254e3f7ae632e","bytes":375409}}
{"source":{"wave":223,"partition":0,"offset":223,"checksum":"4db7655f6b6df022d64e3bd5b0680a6d30cc944722daea48785ea6837dcb4839","bytes":375409}}
{"source":{"wave":224,"partition":0,"offset":224,"checksum":"821775ddd12ac4e1ceeda08769d85f25178f29c3fde7027f25ab8671436d23b6","bytes":375409}}
{"source":{"wave":225,"partition":0,"offset":225,"checksum":"7bf2694fa68586d98e6f592da7f9aea4f3859a93c10dd2ab6ec6ce4a62be3ab3","bytes":375409}}
{"source":{"wave":226,"partition":0,"offset":226,"checksum":"6a90f434a1d67815d4d2bd844337a3c8f0fe63307b309a3615d891395505b5d7","bytes":375409}}
{"source":{"wave":227,"partition":0,"offset":227,"checksum":"7ecb508a703903ceb1b2cba48c5fa16ab5d58f3563c94e85b5485baafe44a174","bytes":375409}}
{"source":{"wave":228,"partition":0,"offset":228,"checksum":"1c688db6a80ddeafb6b44e5a0ba3544c76481b4c57d9bb1973290872ff68f941","bytes":375409}}
{"source":{"wave":229,"partition":0,"offset":229,"checksum":"1a3fdc75f5505443a4e70ffeaeddbbb4ab6f55b39edb01633748a1003471d87a","bytes":375409}}
{"source":{"wave":230,"partition":0,"offset":230,"checksum":"238e5224a22b20a950a3f60c14721a66cce0a9018c531f4b56614b526a4a5a90","bytes":375409}}
{"source":{"wave":231,"partition":0,"offset":231,"checksum":"a2e20e0ecc3ee61776f6fa59afca6796efaa8e3f317cbc98409a5c6016f210b6","bytes":375409}}
{"source":{"wave":232,"partition":0,"offset":232,"checksum":"203401d640900166f001684f9050c756482ca8fb936cfd56dbfbe8ec5da7bea2","bytes":375409}}
{"source":{"wave":233,"partition":0,"offset":233,"checksum":"81a7dff1105d9d42a2512120c7376b0a4d472527e7b7186f049218e205761a93","bytes":375409}}
{"source":{"wave":234,"partition":0,"offset":234,"checksum":"3e53a16e7e45fec121cef9125243c18adfb06c2012c72946cef4e8cf382189a1","bytes":375409}}
{"source":{"wave":235,"partition":0,"offset":235,"checksum":"2f9cb17a3e60d7f8ecc7ed6e67663188b7ebfda6079f3e92ad12148d2ee177b0","bytes":375409}}
{"source":{"wave":236,"partition":0,"offset":236,"checksum":"79c7cf7d01a2d7209f343c04e8d45b3aade90ff825948606ded2c8e532a75b23","bytes":375409}}
{"source":{"wave":237,"partition":0,"offset":237,"checksum":"8064a1d7e7046a071e091047c3d88bb6347ddabeac5dd5f0c445290944eebbe4","bytes":375409}}
{"source":{"wave":238,"partition":0,"offset":238,"checksum":"c17cace6ee3ec2d7062f5ced99dcc295cbdea691fa3189afb0067bd01ae56366","bytes":375409}}
{"source":{"wave":239,"partition":0,"offset":239,"checksum":"d65668662a43e72f66e9e34b3836f0fceb115323bb4661708dcd50e4ef544290","bytes":375409}}
{"source":{"wave":240,"partition":0,"offset":240,"checksum":"e1c4bad02f966745e7afa320ab2ecfc32a70bf54d8c54f1be3818c9f3742b1ae","bytes":375409}}
{"source":{"wave":241,"partition":0,"offset":241,"checksum":"256fede1b9fd7fb2c4226c798cd8fc0966533266d4d0e6d679a0c4016b927fc6","bytes":375409}}
{"source":{"wave":242,"partition":0,"offset":242,"checksum":"f9ffed9f0a649be756e6c97f578f5197e1e9bbd66cf6c5fc2aa5f6cebe4e04fa","bytes":375409}}
{"source":{"wave":243,"partition":0,"offset":243,"checksum":"57de595d4ebb7e2ccb9a3a6a7447e10ffc556873de914b05522d90343ea3c7d0","bytes":375409}}
{"source":{"wave":244,"partition":0,"offset":244,"checksum":"5a0040b4ce6d4ffd73460bfd161701bc3ffb59aa8df055ef08c7516a3e3fb29f","bytes":375409}}
{"source":{"wave":245,"partition":0,"offset":245,"checksum":"dd286d97b1e1b9e6e88e8530e8544b120af94126a583e2f4422abb4860d81c9f","bytes":375409}}
{"source":{"wave":246,"partition":0,"offset":246,"checksum":"1b03c4cbaf530df69cdccf9db1838ea7c9376628b589a75393692c61ee7e9c5e","bytes":375409}}
{"source":{"wave":247,"partition":0,"offset":247,"checksum":"56ad09e79c1bdabaf185f6a63cd023d4fa5fc90e732a3a4c64e0169812a841b0","bytes":375409}}
{"source":{"wave":248,"partition":0,"offset":248,"checksum":"a66560cb8c0ec6079c34f2de54ba2ce95d4e3307e1001e7184f008a4b54b2d21","bytes":375409}}
{"source":{"wave":249,"partition":0,"offset":249,"checksum":"3130c5977ce6bd5cd39a2f5685204f3a0019a9a1d6b06d9120da2180f4fe1550","bytes":375409}}
{"source":{"wave":250,"partition":0,"offset":250,"checksum":"80e52abdc67647b1b198cf9357a5d8d131e6493c31efe252dd5b5426a1a34b3e","bytes":375409}}
{"source":{"wave":251,"partition":0,"offset":251,"checksum":"5852b36dc64f4334aa75d68ffd17cb7cdf23c76e9344bc5b80d20a590226891a","bytes":375409}}
{"source":{"wave":252,"partition":0,"offset":252,"checksum":"8b914b0fd0aca8ce48aa4f3a0dde39a8643565290c3cc7eed9e6e5589ba0de8a","bytes":375409}}
{"source":{"wave":253,"partition":0,"offset":253,"checksum":"1fc350c89626656a0f2490c9cfc26ce9d0fc1e3d76bd2e0f0e94b0f30daa6aa3","bytes":375409}}
{"source":{"wave":254,"partition":0,"offset":254,"checksum":"544022ca266cf3e1ff46065fe79dae8e89d7bce51a5d5b437c5767abefab4dcd","bytes":375409}}
{"source":{"wave":255,"partition":0,"offset":255,"checksum":"4cd305d5e05379fc8243eeb0b74b553697b6d9a6c5ae78e5f25259832e5bdb04","bytes":375409}}
{"source":{"wave":256,"partition":0,"offset":256,"checksum":"8e8871b7cf3f102efd505b9463e4805df8120de594f0995f26efa3cff0d4dced","bytes":375409}}
{"source":{"wave":257,"partition":0,"offset":257,"checksum":"e6e88813f8183a4bd9e9eaadbcfbe1eabb3c61d6c5853528c77f576c9dfbeb29","bytes":375409}}
{"source":{"wave":258,"partition":0,"offset":258,"checksum":"00c2dff014d238d4b38c0f83360f7811c976a53856ec1d2cb099cce688487815","bytes":375409}}
{"source":{"wave":259,"partition":0,"offset":259,"checksum":"8ffbdf8a1a226e1fd82422d2bb6e956439a16e83b29bd7d4803c5a4609879974","bytes":375409}}
{"source":{"wave":260,"partition":0,"offset":260,"checksum":"1399703dbfda48f62251354fcbad407e276d85ab43082bc3f6e377ea1ca2d0b5","bytes":375409}}
{"source":{"wave":261,"partition":0,"offset":261,"checksum":"9e4d8d07ffe96cc3a66404fc8f87dc8c02fe0eba24c8b9489bdc21f7d7e3714b","bytes":375409}}
{"source":{"wave":262,"partition":0,"offset":262,"checksum":"0569042fb756b44db9e47ba23bae58d64c83117d6fdaac5a1387bf71ebb0fb89","bytes":375409}}
{"source":{"wave":263,"partition":0,"offset":263,"checksum":"bf5f9e750f3aacd687bd1e13eb994e6c1373b915942a4764f827e291ea8aa183","bytes":375409}}
{"source":{"wave":264,"partition":0,"offset":264,"checksum":"e0e2b55dfb884c267943e79cecb63ac1ddbd7b6b328367c95ad6addce96f1b75","bytes":375409}}
{"source":{"wave":265,"partition":0,"offset":265,"checksum":"d469c07d2f70ea311966b8bac51b75568f7d0bfb380a2c27326afc5c582aee9a","bytes":375409}}
{"source":{"wave":266,"partition":0,"offset":266,"checksum":"ec313604f999d69f24be3f1ba67b368fa50f825213ae061394d88366179774cb","bytes":375409}}
{"source":{"wave":267,"partition":0,"offset":267,"checksum":"9f9200f4641cf47d0564aab8920c1acd1e7f033cb470f5c475ec04c0c64de9b6","bytes":375409}}
{"source":{"wave":268,"partition":0,"offset":268,"checksum":"8d607b73470fd2cfc1b9c731e1b4aa50e043fdf825c73c0aa39784316bce934a","bytes":375409}}
{"source":{"wave":269,"partition":0,"offset":269,"checksum":"c5796976dac118601d5b64cf40c96628f3f0427cef031c40b068bede9fe725bd","bytes":375409}}
{"source":{"wave":270,"partition":0,"offset":270,"checksum":"6f2c24aa1032c9a8a472d292e258019766f72fda68a9e8ab1425befca6588b61","bytes":375409}}
{"source":{"wave":271,"partition":0,"offset":271,"checksum":"eab01fe69d9a4f1dc87a0252f6052b0994324c9566e694ea53c97c743406b6c4","bytes":375409}}
{"source":{"wave":272,"partition":0,"offset":272,"checksum":"efb397e50f59046adc7daf257d35e225360d4c7f399b91de8d234f799a58aa5b","bytes":375409}}
{"source":{"wave":273,"partition":0,"offset":273,"checksum":"77f5bb4c660941ddc300587d9900f053b404690b8f0b318ae7c54ddc8ca529c6","bytes":375409}}
{"source":{"wave":274,"partition":0,"offset":274,"checksum":"9949dadf65eeadce8eb64bce2c12f7bd860c2d4464c14d93a2d5dddf0b58a8c1","bytes":375409}}
{"source":{"wave":275,"partition":0,"offset":275,"checksum":"8b0267276d1f06b1ebcfcb6640240853d8d7be9e29f590877f07df2293e6478a","bytes":375409}}
{"source":{"wave":276,"partition":0,"offset":276,"checksum":"9b183a08cadaacac1cbdecde172ba99858b85c4ecd0346260640ec0f6f477072","bytes":375409}}
{"source":{"wave":277,"partition":0,"offset":277,"checksum":"c3806de0c8078edfca75ae2c7e6a973bcabec9e58e0d029ef29c64a03e2e9d34","bytes":375409}}
{"source":{"wave":278,"partition":0,"offset":278,"checksum":"24d515ba75975216f86235c91f5aef1984494a0c48d9bb782e16c66e38be142f","bytes":375409}}
{"source":{"wave":279,"partition":0,"offset":279,"checksum":"175d1cfa5ef44454f65461c0fa598d696d7a5de2e82d8a6520149446bc941702","bytes":375409}}
{"source":{"wave":280,"partition":0,"offset":280,"checksum":"dca755d2cab19034c8126ba3e023a97d18b650bc575b88e654b002b005dfcf6e","bytes":375409}}
{"source":{"wave":281,"partition":0,"offset":281,"checksum":"d06293f2a176859367c6605a450624d942dd71db54fb815b6a8ce06ce27961fb","bytes":375409}}
{"source":{"wave":282,"partition":0,"offset":282,"checksum":"6b4aa2036952f7cf050195324f71270838c9ac2d2bd55e131405362fe45fe913","bytes":375409}}
{"source":{"wave":283,"partition":0,"offset":283,"checksum":"bc67e55b81b87cf5682076c5e4aee293cd155b59ccd77ea10858ada6f0fe725c","bytes":375409}}
{"source":{"wave":284,"partition":0,"offset":284,"checksum":"2a7ce1071be488e7120d9f8d886f092acd34d7d040fed1aa7c3a2112a3cf6a86","bytes":375409}}
{"source":{"wave":285,"partition":0,"offset":285,"checksum":"9cea6b4d074e1274c417fc74c81a0c55bdb899c871fd63f00ed94b43877005a0","bytes":375409}}
{"source":{"wave":286,"partition":0,"offset":286,"checksum":"bb83cfc06ad8b27e0144406ddf8c5c00a2c16c2ec84f70cc8c0b3b0de9223b5c","bytes":375409}}
{"source":{"wave":287,"partition":0,"offset":287,"checksum":"b5292c15323be545f4611e9a21979fc1f2019022d1369b6f17a064e2438f4cfc","bytes":375409}}
{"source":{"wave":288,"partition":0,"offset":288,"checksum":"8382e0d25e4af7969f3f1e81625bd31bfae83f77265855334507e89b5761dff9","bytes":375409}}
{"source":{"wave":289,"partition":0,"offset":289,"checksum":"c4a5dc41146d62f682c129e285e4dc8ebf109b8915912f0c8f24847865a85ceb","bytes":375409}}
{"source":{"wave":290,"partition":0,"offset":290,"checksum":"dfefdc9afa8a84dede57a747f4b39da8ca9a0991652caf7c4bf91e4a44e0c21f","bytes":375409}}
{"source":{"wave":291,"partition":0,"offset":291,"checksum":"900d27624c1bb5a72e49cf6cfe9477042d521fa7daa5215b1478e22dd48826a6","bytes":375409}}
{"source":{"wave":292,"partition":0,"offset":292,"checksum":"42569e582681d557cf280f446f8d2c25469c4c7f9ea071b8bb3ce6350ed50a8b","bytes":375409}}
{"source":{"wave":293,"partition":0,"offset":293,"checksum":"b0f00957e6705217a70abc2aadbb7a151ac1c06f9dfaf9e6a7b7a27cc56f02dc","bytes":375409}}
{"source":{"wave":294,"partition":0,"offset":294,"checksum":"4cb969748f2a3449eb4cd9d97adaac3f1b0e2f885d51d4a369b5f126ed7b8f8e","bytes":375409}}
{"source":{"wave":295,"partition":0,"offset":295,"checksum":"f4125578875bcc5b0069ac63f2a9b4fa90d50d2f5c52af732d4ac07e321d3362","bytes":375409}}
{"source":{"wave":296,"partition":0,"offset":296,"checksum":"c9fc2877799dae72f2a8b654d488ff73600ad93ffa69ade942ce2718aa035a66","bytes":375409}}
{"source":{"wave":297,"partition":0,"offset":297,"checksum":"929ae98f08a562bc9a94870b3dd214a5713f900e7cbab225e5cc11d7b6229ade","bytes":375409}}
{"source":{"wave":298,"partition":0,"offset":298,"checksum":"40ef8458c16bf1fd2c6ce9bcb3e5dc552236f06d23e99b7060e3772ffe8347fa","bytes":375409}}
{"source":{"wave":299,"partition":0,"offset":299,"checksum":"259161e5759c5c3930b2e73019c17d552e2b7e5faa44c0d37d19f09da91e65f8","bytes":375409}}
{"source":{"wave":300,"partition":0,"offset":300,"checksum":"0a1aadb057a64b5860e8d53a070c4ee23852ede642a8647ca039a9a7d5686de3","bytes":375409}}
{"source":{"wave":301,"partition":0,"offset":301,"checksum":"96a900c4bf7e9e880683fe95895bc17bc85a29301d2ca5b7a603629676bee8e2","bytes":375409}}
{"source":{"wave":302,"partition":0,"offset":302,"checksum":"9de8b8abd4307c4b3f0c6c383ad30862f6529771758d935a848e2649e4ff76d3","bytes":375409}}
{"source":{"wave":303,"partition":0,"offset":303,"checksum":"9b24e613e7dee62810ffea4c6fb110e908ac9191f0361eb243586d92f593f09c","bytes":375409}}
{"source":{"wave":304,"partition":0,"offset":304,"checksum":"431ddab8b058ec3c49b7e1fee41d575c96bf6e785acfcfd7e6b3ecde85eef113","bytes":375409}}
{"source":{"wave":305,"partition":0,"offset":305,"checksum":"6c955bd925b3d0d62911c3cfd195c9b37d85fb9a53665bf29c19d3114621c462","bytes":375409}}
{"source":{"wave":306,"partition":0,"offset":306,"checksum":"d4803e82ec1215ca7901256af3345b61c4d15b7a860a1e6fde77f6b0546d4105","bytes":375409}}
{"source":{"wave":307,"partition":0,"offset":307,"checksum":"526d33cd6bec534bee1fcadd4346ed399cc6b1b598e7786f42ba33b45b1219a3","bytes":375409}}
{"source":{"wave":308,"partition":0,"offset":308,"checksum":"7e9b7ff13fdf498c15e554093cadc80d1b6ab136c3edf84c861d9a4104280ebf","bytes":375409}}
{"source":{"wave":309,"partition":0,"offset":309,"checksum":"2e69147f5bf7db24b102d5186c59043fa0474aa9d8831bcd77b2b8d35e130f40","bytes":375409}}
{"source":{"wave":310,"partition":0,"offset":310,"checksum":"606838bc6b518352f03d57e69b20e724447777f994b5d857315ab29f2f4abd12","bytes":375409}}
{"source":{"wave":311,"partition":0,"offset":311,"checksum":"0b2711ead5e07d536de3665466af4fbc971e52ca37af8681e6efd3ef01aa9b8e","bytes":375409}}
{"source":{"wave":312,"partition":0,"offset":312,"checksum":"6b0d30ea6793bbd2e2f4f801e1fcd8ba20c821a1e889b0e8861934eabcb40cbf","bytes":375409}}
{"source":{"wave":313,"partition":0,"offset":313,"checksum":"182736a2a91b276cd8074201ed112fde7e4a560799eaf043e64dbce417c8143c","bytes":375409}}
{"source":{"wave":314,"partition":0,"offset":314,"checksum":"4da81533de6ae86b6b11fcdce02c6f7e7aabb42eb01d5a8a482e24cb5f46528e","bytes":375409}}
{"source":{"wave":315,"partition":0,"offset":315,"checksum":"30f0686c244fe48a6a4541560e7bbdf75a2d9a556e1c0fa8c3c05ca153384a50","bytes":375409}}
{"source":{"wave":316,"partition":0,"offset":316,"checksum":"19443a45fc38a4ca291b4d7905fab6602c583e37599bec81de35b024eb4f46df","bytes":375409}}
{"source":{"wave":317,"partition":0,"offset":317,"checksum":"f3eeb0653d090dd633914fe463a6e224631ec20d4d1b40803f12841bc9702956","bytes":375409}}
{"source":{"wave":318,"partition":0,"offset":318,"checksum":"f487e0348825800d0b0a8671bb98cd5e18b4ba5790034b2a77e744366187db2d","bytes":375409}}
{"source":{"wave":319,"partition":0,"offset":319,"checksum":"5a5d701196b31a4367085c6a687ad684df36783b5bef5ee80e56f84f18b0d25a","bytes":375409}}
{"source":{"wave":320,"partition":0,"offset":320,"checksum":"74ffb3a90c1f29004708f2695c8603ff0d34e61508012b86b22dfce99af93573","bytes":375409}}
{"source":{"wave":321,"partition":0,"offset":321,"checksum":"73ea3f7f64123aeb1dea2976d9fbdda349bfee5cc949b11bd5610ae8790d738d","bytes":375409}}
{"source":{"wave":322,"partition":0,"offset":322,"checksum":"7e8b4abb61e84918f937a3376c36f080ca96a307d7fb9d0f2ed5886e355a0c99","bytes":375409}}
{"source":{"wave":323,"partition":0,"offset":323,"checksum":"253b955f9ee3b4843ced2efca6969de54ace49140d3e0639129c8912181f608c","bytes":375409}}
{"source":{"wave":324,"partition":0,"offset":324,"checksum":"7fb8a1b96ca7869457b65287ab21e600443e356c058758d0b5700765ab95ede4","bytes":375409}}
{"source":{"wave":325,"partition":0,"offset":325,"checksum":"80bb8ed7af554b11d28bf32ce7e3f95e77c5ef196e55d03ca372aebe777ce597","bytes":375409}}
{"source":{"wave":326,"partition":0,"offset":326,"checksum":"fb9208357fe1620cd5e38a4d47dad22b6013123e6c226d1bf36a61ea4ee5b5c4","bytes":375409}}
{"source":{"wave":327,"partition":0,"offset":327,"checksum":"704174e3818624dafeab3560e3cb8a25abf87dc95c603265fc70a34212c4e034","bytes":375409}}
{"source":{"wave":328,"partition":0,"offset":328,"checksum":"f7ff4104197eb0e2dac0765bb1adaf00a2d2b659a9cec5e147f030ec08b51159","bytes":375409}}
{"source":{"wave":329,"partition":0,"offset":329,"checksum":"f193e0e75d2ee18fab01c6c26a70b2c69948d16f50e64d0a3d798a6e36655799","bytes":375409}}
{"source":{"wave":330,"partition":0,"offset":330,"checksum":"4687850c24e1c0d260ae11c53ed92ae43fe86501700a105f8e4eed72821b9d23","bytes":375409}}
{"source":{"wave":331,"partition":0,"offset":331,"checksum":"8081d22f724d1e965c6ccccef281c1abe2d2241b162ce539bb66825864d2e529","bytes":375409}}
{"source":{"wave":332,"partition":0,"offset":332,"checksum":"6a2bc9536281af3d98266b83501c0a518d05015797be3c376fccb77264974847","bytes":375409}}
{"source":{"wave":333,"partition":0,"offset":333,"checksum":"d33358d152d168286dd511d200c65d22b8fd71aa534b14070d58c70d0b34b580","bytes":375409}}
{"source":{"wave":334,"partition":0,"offset":334,"checksum":"27d187c269584d1199cac21e3df65e46cfd4ef29601645ca5a3f52fdc0f45cf2","bytes":375409}}
{"source":{"wave":335,"partition":0,"offset":335,"checksum":"b16aa8a71afaf78e022a7d5b8b9d9443ea35414fdff93f83670d8f3ef4591f00","bytes":375409}}
{"source":{"wave":336,"partition":0,"offset":336,"checksum":"56f3b331e6dc7c066ba883766e5325999c214e3cd96892e91d4729ee980aeb7c","bytes":375409}}
{"source":{"wave":337,"partition":0,"offset":337,"checksum":"35b81cc24edbb92f3640aaccb64a0438675414e75bb42f13e7b378740a429cc7","bytes":375409}}
{"source":{"wave":338,"partition":0,"offset":338,"checksum":"c2848d02d51de9e0892430455a1dbddd37c284654ac9dbdf4148077ebd53c91d","bytes":375409}}
{"source":{"wave":339,"partition":0,"offset":339,"checksum":"a1cf14789470156e62ae1e51dcbbe9596acc885d243d1277cc650c4e0c2cd6c5","bytes":375409}}
{"source":{"wave":340,"partition":0,"offset":340,"checksum":"57694082e582ef66f86defdbb06a18d36bfcd13b9cdda360898fc2e1f23bfa14","bytes":375409}}
{"source":{"wave":341,"partition":0,"offset":341,"checksum":"cc8738858851a596d928f403ccf090a7d451bbabd6ccf81e4f96ce152268c3c8","bytes":375409}}
{"source":{"wave":342,"partition":0,"offset":342,"checksum":"2bf07b94ef1c942d0342fe89703e9d2f7e57985eea5ddd7b2bd6177bdba017ff","bytes":375409}}
{"source":{"wave":343,"partition":0,"offset":343,"checksum":"2eace918a20f350d5a6f7b5a6ab65aa3af8f520224a446da76736938718be3d9","bytes":375409}}
{"source":{"wave":344,"partition":0,"offset":344,"checksum":"5f42d291b64ab1a80c778200642a08882be81488d872c7110f730b65e223abda","bytes":375409}}
{"source":{"wave":345,"partition":0,"offset":345,"checksum":"981ec906fad578304ed7c44ecb94e3db9b961c190d76e42ce763da470bb73cf3","bytes":375409}}
{"source":{"wave":346,"partition":0,"offset":346,"checksum":"ba774e2505a158629a2791085ce5f061f238746fbe4e976094268e5c76e1d90c","bytes":375409}}
{"source":{"wave":347,"partition":0,"offset":347,"checksum":"2766c10c5d1ecb51eecbca109c0e85c0fa99ffec6310a38eae0e3e1e15768efc","bytes":375409}}
{"source":{"wave":348,"partition":0,"offset":348,"checksum":"20ab78a6775fe975c0af2b03078646eb6837893b834510d13c67550e8eb9a584","bytes":375409}}
{"source":{"wave":349,"partition":0,"offset":349,"checksum":"e45f66ca7b309608492866fa6d81aa79f0472683b8690f222007ee0f7865121f","bytes":375409}}
{"source":{"wave":350,"partition":0,"offset":350,"checksum":"92cadfcfe3ab2569bdd1a183932291d53a6aacbaf8578740af7f1ad35f1f281a","bytes":375409}}
{"source":{"wave":351,"partition":0,"offset":351,"checksum":"35b899d2a7cbac6aedf3e19afcb9d5660752e6b705340884aab661e53d8766f9","bytes":375409}}
{"source":{"wave":352,"partition":0,"offset":352,"checksum":"06aefaa67f9e80a994cdb23ae24075cd7bcd4831ed6e1f4205703b507da56cd8","bytes":375409}}
{"source":{"wave":353,"partition":0,"offset":353,"checksum":"360ce704549fe449f60a74069bc3b9a0320c81581d456221927144dec7f3bb31","bytes":375409}}
{"source":{"wave":354,"partition":0,"offset":354,"checksum":"6caabd54b82af4c804d857e4b5878f34cd1d9ca1591c8ed83e1324173a945494","bytes":375409}}
{"source":{"wave":355,"partition":0,"offset":355,"checksum":"60af76d67951329cf04f193632e4b8e137ac055eada55debc00d0b2152598c85","bytes":375409}}
{"source":{"wave":356,"partition":0,"offset":356,"checksum":"5ad304c416099aa122056086990c6426e367e0cdc397c80f87abd269cfedb89a","bytes":375409}}
{"source":{"wave":357,"partition":0,"offset":357,"checksum":"22ec6a089573c58847c91315dc15d0daee10ea66a12a3e1daa310960e5e18707","bytes":375409}}
{"source":{"wave":358,"partition":0,"offset":358,"checksum":"f5f99bf9fb728b4433bb5ee674acfdf7428f58ba7b3063f58cd100045cea0201","bytes":375409}}
{"source":{"wave":359,"partition":0,"offset":359,"checksum":"cb7ef9b3ee879cbad3e0e22dfc886481b9d8936936e9093f5fc4a9e63c43b4db","bytes":375409}}
{"source":{"wave":360,"partition":0,"offset":360,"checksum":"42b486c1477aadbf5fb6e81dedcdbbe28484f8b0cbe7aa7f717588fd31a66114","bytes":375409}}
{"source":{"wave":361,"partition":0,"offset":361,"checksum":"6837238b65eb3d99d1c546829b5c75ef4d9f4a1115c3d3ab63b473307f0ed236","bytes":375409}}
{"source":{"wave":362,"partition":0,"offset":362,"checksum":"8f44a0645ad81ed2847f4ea3e4bb14b8fe2f2f89a693e6655024f2f32b1dcfe4","bytes":375409}}
{"source":{"wave":363,"partition":0,"offset":363,"checksum":"eca5ad4285b1f6108d84bcfcf231c1dbb1406554f2f526b75039d56c9cce4909","bytes":375409}}
{"source":{"wave":364,"partition":0,"offset":364,"checksum":"a28f0f097bf114aabbb39e15d419ad787abe7cf2f838ca327284811a140dd6a8","bytes":375409}}
{"source":{"wave":365,"partition":0,"offset":365,"checksum":"d68429a80caeac9b0e7178a9d678dcf201b1468a35d59fc506cb3ab8c9088c6c","bytes":375409}}
{"source":{"wave":366,"partition":0,"offset":366,"checksum":"bc4c6638cb31c97e16158fda90839db5aabed14026b37eb83d2cef2225a90ba4","bytes":375409}}
{"source":{"wave":367,"partition":0,"offset":367,"checksum":"0626b85577c3e0ccba6c33899aa96682a09ac4705a9576defffef28c5c11642b","bytes":375409}}
{"source":{"wave":368,"partition":0,"offset":368,"checksum":"a9a7411110800f74333b86f26bfe62dd3f9d6b54c6a8f31b0fe33bc35d4a224a","bytes":375409}}
{"source":{"wave":369,"partition":0,"offset":369,"checksum":"cdac1176b06584bb6aa249e7cd69ec18ca54fbf5afc7e38161071cf42e6f0815","bytes":375409}}
{"source":{"wave":370,"partition":0,"offset":370,"checksum":"e38da59b30fdbad269deefa96b1a75a79e3ca54fbbc8fcd4ec3e61c8e28b43d6","bytes":375409}}
{"source":{"wave":371,"partition":0,"offset":371,"checksum":"01c36ca061b21ed9f66c8a506ca969a112be44960ec95dd863b5dde1f43c66b4","bytes":375409}}
{"source":{"wave":372,"partition":0,"offset":372,"checksum":"a6721e4fb2ee17dd79b9142a65c39755305a428877c63d00e020ab46ae1ae6bb","bytes":375409}}
{"source":{"wave":373,"partition":0,"offset":373,"checksum":"266f0fa859cb09c12731bdf31f09e6b9cd89be24f6c8f2de71b4d711316b9473","bytes":375409}}
{"source":{"wave":374,"partition":0,"offset":374,"checksum":"7226c867287bc4358c44326808c209f6d9579c5291870b5a3edc5142f5ac5748","bytes":375409}}
{"source":{"wave":375,"partition":0,"offset":375,"checksum":"d46c2509341bc3473c9ae401680bd5abfbd96458dea87173780a29f523c96039","bytes":375409}}
{"source":{"wave":376,"partition":0,"offset":376,"checksum":"8faff1c0674b95b4bfe6dc4865a7d391023d0d3e1b074de93fefe6b305f16589","bytes":375409}}
{"source":{"wave":377,"partition":0,"offset":377,"checksum":"8c8323b90f17487802fbd1f74753efb40c6681b13a2f096a6a03a0137a8b3367","bytes":375409}}
{"source":{"wave":378,"partition":0,"offset":378,"checksum":"9632902cbc86b489b15051a841c7f432b68ae0923992eb8cfb98492795764c71","bytes":375409}}
{"source":{"wave":379,"partition":0,"offset":379,"checksum":"d595a7f2e4823e2f9557b082ebfcd581a90eb1736ecfe93eafe1611f9b8bb50f","bytes":375409}}
{"source":{"wave":380,"partition":0,"offset":380,"checksum":"ffc9af81dbe876a73943b7451354fdf9d285602261744462d8d064d54541c744","bytes":375409}}
{"source":{"wave":381,"partition":0,"offset":381,"checksum":"1d065bf8f870a7b2e3e824bd5d2e150cadbb74c0388cc86cb8cd7717d4725adf","bytes":375409}}
{"source":{"wave":382,"partition":0,"offset":382,"checksum":"8e2890e2990621a7bd2f2a44347b01958148a2d9ab1b0aeedc182c6027bcdd90","bytes":375409}}
{"source":{"wave":383,"partition":0,"offset":383,"checksum":"c8ec4383280e35f557dfb7d2454acff3db248d91083f5639e2e6b422956353b5","bytes":375409}}
{"source":{"wave":384,"partition":0,"offset":384,"checksum":"cf7b7dc83b735a3ac81f1721bca62583384ca8970013b72e03851c66e6883295","bytes":375409}}
{"source":{"wave":385,"partition":0,"offset":385,"checksum":"1f7d2f606809401457de8f36455363bf668ef1d985a40f879097e29f78e507a7","bytes":375409}}
{"source":{"wave":386,"partition":0,"offset":386,"checksum":"ac0ef05dd07ec6ce4979e333a0ab54d1046f38d44d72100c8f001025786ee9ea","bytes":375409}}
{"source":{"wave":387,"partition":0,"offset":387,"checksum":"fc9b99384da17f6e1269ffafd811a2a494027bf9aa1fba5e848746b0b601cb96","bytes":375409}}
{"source":{"wave":388,"partition":0,"offset":388,"checksum":"793a04cef5e0ddc36eb2402cbf079477fa59d85368f3f88dff53d3adba420529","bytes":375409}}
{"source":{"wave":389,"partition":0,"offset":389,"checksum":"d9d30eb6e06c4d47061e2e028f9ef9c92ac94564a96e0df8d8aa119ebc3e32e1","bytes":375409}}
{"source":{"wave":390,"partition":0,"offset":390,"checksum":"931b9ca2597ff887c360cbeaa14643acd8de6e9611609caed2359d08e0e85764","bytes":375409}}
{"source":{"wave":391,"partition":0,"offset":391,"checksum":"3fdba252c29d6ff33bb5caeb0dd05b19d6f2f31f74316119f9bd7210fb6309ca","bytes":375409}}
{"source":{"wave":392,"partition":0,"offset":392,"checksum":"c7cfcaca4dd7c1bd8feac3d4969850e3eee0d50f2c0608ead37971a384e09f58","bytes":375409}}
{"source":{"wave":393,"partition":0,"offset":393,"checksum":"cfb35a50ff900bc88fb50119da573704b3d9fe311fa804c485c42e80ae03d1bf","bytes":375409}}
{"source":{"wave":394,"partition":0,"offset":394,"checksum":"50118745f931ea405d347e4b81165cca1727e825af8e43f7b9bc6207c417b1ba","bytes":375409}}
{"source":{"wave":395,"partition":0,"offset":395,"checksum":"66f6ac8ac0ce5351a6b7647267e02bd30d7e6b9db7657ba339f836bc2bda02ba","bytes":375409}}
{"source":{"wave":396,"partition":0,"offset":396,"checksum":"bd3884d805c3f80c3ff330a9b79e8fef1a34bf5ff1d4414cdf61db17081b3089","bytes":375409}}
{"source":{"wave":397,"partition":0,"offset":397,"checksum":"f6e0f106944cd91b3a25fd0a4c87eacddc805356c6d268a745863a0ea981bd27","bytes":375409}}
{"source":{"wave":398,"partition":0,"offset":398,"checksum":"0a9a77ae25b7b3f4e7b4e1e830cff495b346a8382cdd4ad2be275633fcb8cc42","bytes":375409}}
{"source":{"wave":399,"partition":0,"offset":399,"checksum":"d536fe77c6a7b5cde92a1293b255476600e8a8266a44025b6e86db577a2f89ea","bytes":375409}}
{"source":{"wave":400,"partition":0,"offset":400,"checksum":"1d16774d993350a3e6099f408926ba1a1fccbb15f5cc4b5cec697d2cb297e76d","bytes":375409}}
{"source":{"wave":401,"partition":0,"offset":401,"checksum":"d5f063c316e25152bb181698c046ba668fa746fe20ca5844e83d9b553a6ff90c","bytes":375409}}
{"source":{"wave":402,"partition":0,"offset":402,"checksum":"b8ddeff777c7956ff944fddee521f1868a42e539b4ea6de4861eaebcb49c7e22","bytes":375409}}
{"source":{"wave":403,"partition":0,"offset":403,"checksum":"0d21ce74fcb525216efe0f537eefdd6f0237d15eff2f93db82dde652850660f2","bytes":375409}}
{"source":{"wave":404,"partition":0,"offset":404,"checksum":"d6490b3db19191c8efbcd4bf17176860ed1fd86668fa7bb4b02272a23d783599","bytes":375409}}
{"source":{"wave":405,"partition":0,"offset":405,"checksum":"94e2f73fec1a5cc4b7b08b903332b376fe74e9a40c85fe93b72a5d9ad7bbca40","bytes":375409}}
{"source":{"wave":406,"partition":0,"offset":406,"checksum":"911ccb94c7c5b083916ca0ad0f4f5488e9ece959ced339d8c59527854cca315c","bytes":375409}}
{"source":{"wave":407,"partition":0,"offset":407,"checksum":"209d367b1e86f58c4f96047546302ddf98fd39bad23ad6e8812ae68349b62f8f","bytes":375409}}
{"source":{"wave":408,"partition":0,"offset":408,"checksum":"8ce1531d59c8b0a21615f600108a4695663afe247d88a4d19f7062b300992d35","bytes":375409}}
{"source":{"wave":409,"partition":0,"offset":409,"checksum":"22c0684279bbaa7dbb2b15344a6472e2b0ea32bbcef3dfa36e76a832beb26d30","bytes":375409}}
{"source":{"wave":410,"partition":0,"offset":410,"checksum":"bdb2ed4fac5cf2ef5def36d81dc546bcea9809022c685067d0f6f7bfbce0fe7e","bytes":375409}}
{"source":{"wave":411,"partition":0,"offset":411,"checksum":"b33aa13e89345c1a03e73f37b43664b7f8c547cfb4f81fa07e5c89994082f2e4","bytes":375409}}
{"source":{"wave":412,"partition":0,"offset":412,"checksum":"01397d1dafbb9cdf4beaff3b6de1807c27a57bc25e345daeb4b6c686006609ac","bytes":375409}}
{"source":{"wave":413,"partition":0,"offset":413,"checksum":"9ca50aa07c86d01e1deb05cc2c799038b2cceb8dd3c7374c277f4398188ec810","bytes":375409}}
{"source":{"wave":414,"partition":0,"offset":414,"checksum":"76b71130e3c549459ed04c5c7acde083a9e7df2b878da8b8fb7dd7d158c12233","bytes":375409}}
{"source":{"wave":415,"partition":0,"offset":415,"checksum":"de60abfd09c307f7d947731c0c069538d89c49119f2c367e33d433107d6aab04","bytes":375409}}
{"source":{"wave":416,"partition":0,"offset":416,"checksum":"c7f3774eacbe1484089c00e8f89d4913f1e1fc862e3dbf52c90de8facc4c52f1","bytes":375409}}
{"source":{"wave":417,"partition":0,"offset":417,"checksum":"a4627c48ab75771e50ce26e2a806c0e245b7031e67ec616894f975fb1b3997a7","bytes":375409}}
{"source":{"wave":418,"partition":0,"offset":418,"checksum":"d1ecbce9ecc3e000419daffa87490717089fca6b4ef28118572c6b8e34ccfb30","bytes":375409}}
{"source":{"wave":419,"partition":0,"offset":419,"checksum":"9f968121ad0378f5e2c779aeaae6ce325e23d03f5a1f494f9b3348b79682b0e1","bytes":375409}}
{"source":{"wave":420,"partition":0,"offset":420,"checksum":"08d9966189f5bfd7dc3dc15836d5d600c2c305f2911fb1a8ea5fe30196fefa83","bytes":375409}}
{"source":{"wave":421,"partition":0,"offset":421,"checksum":"ce9dc1f9fa5e626e0c89b155ec15aac97d7838fed2ba0fc7afa27e98fce5d866","bytes":375409}}
{"source":{"wave":422,"partition":0,"offset":422,"checksum":"5b72e547ca0bd4fbdc4d1f8550d55ad8f5fbee1ae9e33767ba1db020097b9b66","bytes":375409}}
{"source":{"wave":423,"partition":0,"offset":423,"checksum":"20eb18d973170817986242683388b46ba7d593b561887f12136d002669472266","bytes":375409}}
{"source":{"wave":424,"partition":0,"offset":424,"checksum":"0bf425a388051ea7c481d12e238de9e07d5a869ff87346c96cdb2b838643bf11","bytes":375409}}
{"source":{"wave":425,"partition":0,"offset":425,"checksum":"ce54ab4440de3878369f15093babfd08cfe5d315106d806585c00682f52ba110","bytes":375409}}
{"source":{"wave":426,"partition":0,"offset":426,"checksum":"c4ca5afeb3f3bc763fbeb3399654705590ec43ee5c0d56b343d610e7de0edb04","bytes":375409}}
{"source":{"wave":427,"partition":0,"offset":427,"checksum":"1bac387add3bd860078721487714d4c8a8a497e76f1e95ea7fb7b1564a80de1b","bytes":375409}}
{"source":{"wave":428,"partition":0,"offset":428,"checksum":"af9dd2bec781dd9e9b7f477eeddae5941e576b786b482f6000a4bee9c86c154b","bytes":375409}}
{"source":{"wave":429,"partition":0,"offset":429,"checksum":"49e517eda8eba52412dad8bd1a012cac11510c7ed79255405a66f5d3f7a2535e","bytes":375409}}
{"source":{"wave":430,"partition":0,"offset":430,"checksum":"656d2d97d730537b42406a1cd5b1d499fd6cc42d0ce902d258f29c302063fac2","bytes":375409}}
{"source":{"wave":431,"partition":0,"offset":431,"checksum":"ed40a53984f1154f71483198005b508ed87302056a01b25a054f7683cc820946","bytes":375409}}
{"source":{"wave":432,"partition":0,"offset":432,"checksum":"a10a0c66f2727b4238641470d952cb95f17bed7e3ddcc7b322a86464480bb9ea","bytes":375409}}
{"source":{"wave":433,"partition":0,"offset":433,"checksum":"5b91dcc769ff33859c3269d688def745032fae9ad1323b8c4e6d7d4bc4c23695","bytes":375409}}
{"source":{"wave":434,"partition":0,"offset":434,"checksum":"b3996894a967205e9174a8d3283f845b45c1731759440da008e90de11e6ea4a2","bytes":375409}}
{"source":{"wave":435,"partition":0,"offset":435,"checksum":"92f9ce7929c41d6cd7aa89467e10493944f203d9e2280329eb3baaf0acb0af98","bytes":375409}}
{"source":{"wave":436,"partition":0,"offset":436,"checksum":"ea637fe46a2b57d7e754c28c1be0bf85a69b3b2e1cc4fadc825703f2df1862e8","bytes":375409}}
{"source":{"wave":437,"partition":0,"offset":437,"checksum":"dab0a7b0975947931de686c7acddf7936aafb57b9b9cf1f0bc36a070b4c90bb6","bytes":375409}}
{"source":{"wave":438,"partition":0,"offset":438,"checksum":"917c4ec5377a662049b0dc4eee31fa0b2791589cf52c03312d316b4461366083","bytes":375409}}
{"source":{"wave":439,"partition":0,"offset":439,"checksum":"9fca5db80cb4e0e5abaa9de2730b92b3a15a74dfb919ee9229e8b051e1425b85","bytes":375409}}
{"source":{"wave":440,"partition":0,"offset":440,"checksum":"b4e6bf8b3410153da505c1b94609206b07d0482d3bd4e138502aaf54b0ae39cf","bytes":375409}}
{"source":{"wave":441,"partition":0,"offset":441,"checksum":"1e0f2888e963d14e886cc88f4a6368fe1026c6bf058ff46fd2d31c845f78e45b","bytes":375409}}
{"source":{"wave":442,"partition":0,"offset":442,"checksum":"f9a4dc2f1b4d31eaebd424347c39127b4b49f6875136d8ef11c7d6fe16fc2bff","bytes":375409}}
{"source":{"wave":443,"partition":0,"offset":443,"checksum":"f99b480b232872aa92017152e7c047a1acbc4323fd7718b83174d40f497d1172","bytes":375409}}
{"source":{"wave":444,"partition":0,"offset":444,"checksum":"45f376e574dadc4c38e4a93b3c0d3fee6678956021ce69a5075868848edfb4e9","bytes":375409}}
{"source":{"wave":445,"partition":0,"offset":445,"checksum":"e871e8b3fcc78e455d314b0e940a0ac67b4d8c9832b72c06c77aa57a36a94b10","bytes":375409}}
{"source":{"wave":446,"partition":0,"offset":446,"checksum":"739aafca094aa33f4cf5d7cd91e5634c21ba4031126de90f58283ac49d909142","bytes":375409}}
{"source":{"wave":447,"partition":0,"offset":447,"checksum":"2de744d588dcbff2859ea3e3b70c594243bfdbb60a5f7c0a7cf0f46673c909f9","bytes":375409}}
{"source":{"wave":448,"partition":0,"offset":448,"checksum":"3dc5aa8bf32ae04ffe0c3702f5862bcfc6d093cb2d7fb18b4ba99264872ee161","bytes":375409}}
{"source":{"wave":449,"partition":0,"offset":449,"checksum":"4034371eb39f9a995e1373bc0485f87efbc4028d583dbf8651c61a819c745c97","bytes":375409}}
{"source":{"wave":450,"partition":0,"offset":450,"checksum":"93ff545cfa7c40bf1440e389d5b7ca2ab37126222a9cac1e8c88ef6de3e4fc46","bytes":375409}}
{"source":{"wave":451,"partition":0,"offset":451,"checksum":"ee695ea522797940b017d46b96f2ea599b2cfccb45112840776b7d7e6b4940e2","bytes":375409}}
{"source":{"wave":452,"partition":0,"offset":452,"checksum":"b547dbf5d53c8aef6531b28d2720bcc04e95610b6e8beede7e317d685b9d4b94","bytes":375409}}
{"source":{"wave":453,"partition":0,"offset":453,"checksum":"629b60eb7323d22be61f947b5a97cd949d9e5c97000d31c5801213fd603487d2","bytes":375409}}
{"source":{"wave":454,"partition":0,"offset":454,"checksum":"92d34df80a5c97b711def8fd157e96e54467f65f5cea63d785468a318b967800","bytes":375409}}
{"source":{"wave":455,"partition":0,"offset":455,"checksum":"5e7440f3614f7f4714c410153eaddf1652311b1d85286473669a9a0da4d7da90","bytes":375409}}
{"source":{"wave":456,"partition":0,"offset":456,"checksum":"1dabc1ee84800ad7575768b63342082502e0a3b02838b48b5766b82cff5b7b64","bytes":375409}}
{"source":{"wave":457,"partition":0,"offset":457,"checksum":"dbb82265892a5380f606858368d8956b57173f703f31bd0ae36dc109a495332f","bytes":375409}}
{"source":{"wave":458,"partition":0,"offset":458,"checksum":"ecade27956a82cbee2566e37370302d388ae48b2fd692a93d7b2a12f55f0bee6","bytes":375409}}
{"source":{"wave":459,"partition":0,"offset":459,"checksum":"c13a8a72ab6a1badff78fd38b1dc1e31ab79db6b55c7646aef757b639b2df3fc","bytes":375409}}
{"source":{"wave":460,"partition":0,"offset":460,"checksum":"da789a367c57cfecdf70a88d684ba2434fa5ad5f43c002967219db8876cce5d3","bytes":375409}}
{"source":{"wave":461,"partition":0,"offset":461,"checksum":"520b665441b49733d4b5e16a9f9e10a221072d25648c76bfcf8b43b7c9b50913","bytes":375409}}
{"source":{"wave":462,"partition":0,"offset":462,"checksum":"5ba0624771666af3db4d552d83e808c3a830a22c19f16139ac8ca0c68acd2a7b","bytes":375409}}
{"source":{"wave":463,"partition":0,"offset":463,"checksum":"cdcfdad4a0d6476c52dd94cf8d4ff033d4d35b54d85d7a11f4660f3ba8a103fc","bytes":375409}}
{"source":{"wave":464,"partition":0,"offset":464,"checksum":"f8d31292071e0a1804d401b9d1618cf66c26b09c3a1dba33beefa8c6098a0ca1","bytes":375409}}
{"source":{"wave":465,"partition":0,"offset":465,"checksum":"42498ebd94cce18309574f3931c8a02e4769c2b3e4b886d54c0b145be988703f","bytes":375409}}
{"source":{"wave":466,"partition":0,"offset":466,"checksum":"d8b33460e885ad8f322c2c2a3c117e1f3a97042c09f82072d597be390fbdeadb","bytes":375409}}
{"source":{"wave":467,"partition":0,"offset":467,"checksum":"91afd3cd713cfbd5d03b8e9b01366faa9498bf0308fc976fa4c26caf13eb969e","bytes":375409}}
{"source":{"wave":468,"partition":0,"offset":468,"checksum":"f0b79525597cc2aea54ede9abf474ecfc35a547b7b6e0950703462cdc832e00d","bytes":375409}}
{"source":{"wave":469,"partition":0,"offset":469,"checksum":"f008b740384f1e9ffb99f0231629ab4c0933030715bac12352de3751b0503b3f","bytes":375409}}
{"source":{"wave":470,"partition":0,"offset":470,"checksum":"fe30b1521c4d3c7846e8453893137da3819b59b8a87c0e3557504435678cb9b1","bytes":375409}}
{"source":{"wave":471,"partition":0,"offset":471,"checksum":"a6bd6b190ba313eabd8eb1dda003bd269937b5e857a136dac344cf03116ccbcf","bytes":375409}}
{"source":{"wave":472,"partition":0,"offset":472,"checksum":"0c0d8d357568ab1fcfc6bc7df711e8c1a81076723d8ce199dd2ee05ca037b22f","bytes":375409}}
{"source":{"wave":473,"partition":0,"offset":473,"checksum":"1578856ca2f66b3d405ba876b51ea3caed273e26e26a93fb59376a21683ec28e","bytes":375409}}
{"source":{"wave":474,"partition":0,"offset":474,"checksum":"063560ffff7cd0a91dacc7d9bb7a5f7e82a16d1d9b09e5555dcdf27a8a4b9bd7","bytes":375409}}
{"source":{"wave":475,"partition":0,"offset":475,"checksum":"c4b1794e71766e1ffdec7ee874321199c62445dcb896ae7b18a4ec4c605c13c0","bytes":375409}}
{"source":{"wave":476,"partition":0,"offset":476,"checksum":"2ef37e01452373324febe37bf47e44879aab9ad70153c7b32fbdb38e660da0cd","bytes":375409}}
{"source":{"wave":477,"partition":0,"offset":477,"checksum":"07606769adfcbf9277769dd83d0505ac0bafa8aa57ca3c201acc6289c5b6070a","bytes":375409}}
{"source":{"wave":478,"partition":0,"offset":478,"checksum":"d617e2085e2775b5ffb541ce38e2cf3305baf872c4efbd1cc6b9cb1b7bd33625","bytes":375409}}
{"source":{"wave":479,"partition":0,"offset":479,"checksum":"447d57285309ef2d084610c80cadc410f90cbd6fba72cefe0dd5498ae0b5434d","bytes":375409}}
{"source":{"wave":480,"partition":0,"offset":480,"checksum":"48aa99f48b4a6c0ae68890ef7821c8df300621984824ecbdf1cda96e4c96533c","bytes":375409}}
{"source":{"wave":481,"partition":0,"offset":481,"checksum":"5328662c78c3305b06d7e02025a628fba27c82402c19a949478cc46cae6fb308","bytes":375409}}
{"source":{"wave":482,"partition":0,"offset":482,"checksum":"948f7771cf27e026ae094678f66c7916318ceea65d886b613048d340b19591f0","bytes":375409}}
{"source":{"wave":483,"partition":0,"offset":483,"checksum":"8c632b6dd71262102ec3754723d18a43a406f221cbd2ebb1599cbe8b57cc24b2","bytes":375409}}
{"source":{"wave":484,"partition":0,"offset":484,"checksum":"10d9f503250da0df763d240fa76a538f2c8b7551b7d74df6534ef864789b9f77","bytes":375409}}
{"source":{"wave":485,"partition":0,"offset":485,"checksum":"bc2826d0fa0e74e6e2e0b8611e4536af17052fc121e80b89787491e00484451a","bytes":375409}}
{"source":{"wave":486,"partition":0,"offset":486,"checksum":"1d44e78ac437be6afd965b4e7d159b9c97de7e42e1cc85fe150b3fbd09717e64","bytes":375409}}
{"source":{"wave":487,"partition":0,"offset":487,"checksum":"0280fc2a9e82b954ecc388dca591ce8473bd3d05d7c7896150d0b797c9a652a0","bytes":375409}}
{"source":{"wave":488,"partition":0,"offset":488,"checksum":"7371b3ba6546b21abd9e87684f371f910dadc607ec5baa415b5088061cdd96f6","bytes":375409}}
{"source":{"wave":489,"partition":0,"offset":489,"checksum":"d1e2b5f8475bc1481b206c72018f064a921040adb395555b68cff3712678d388","bytes":375409}}
{"source":{"wave":490,"partition":0,"offset":490,"checksum":"eb550cf439eff594f43f684c5ef4847d5095f0681f6cbfb8219ce408c6a5f31a","bytes":375409}}
{"source":{"wave":491,"partition":0,"offset":491,"checksum":"ec68dad545442c9183b21ddb9c3aebc0b18dc221b11b173d85ae8fe14efe3b48","bytes":375409}}
{"source":{"wave":492,"partition":0,"offset":492,"checksum":"25a53c116af45e0e6c7bab7caf90820ac843339a80d653d33be0e8faaeee1fda","bytes":375409}}
{"source":{"wave":493,"partition":0,"offset":493,"checksum":"d0be5b29b542c06950967c55449074c669135b62e7e869704ae9218bb6334118","bytes":375409}}
{"source":{"wave":494,"partition":0,"offset":494,"checksum":"a38e87804c964cf70dff1cabdc1c3fb12f7e2b43af3fd85fb8684aa519bd2518","bytes":375409}}
{"source":{"wave":495,"partition":0,"offset":495,"checksum":"cfe120cb2ac0b2f0bcde3b11708734875dc56b10ccad102ef0210e770fdd8989","bytes":375409}}
{"source":{"wave":496,"partition":0,"offset":496,"checksum":"7dce0bdf13145df168d86e9deeb8b995513422b99b6be1cadfc3ac7f2f7d8066","bytes":375409}}
{"source":{"wave":497,"partition":0,"offset":497,"checksum":"074e8e14166150a45c6662cb883270ea700cf026186ff1780609b50e206e6bf7","bytes":375409}}
{"source":{"wave":498,"partition":0,"offset":498,"checksum":"f995b05ad75b691e88536ba0f36a086c34c5a128675485eee8b78ce92b743cbb","bytes":375409}}
{"source":{"wave":499,"partition":0,"offset":499,"checksum":"a5a6a583122b38fa6e328c80aaacfa6e8b6230224fb1d4a48b2b4fa63ad64da2","bytes":375411}}
{"source":{"wave":500,"partition":0,"offset":500,"checksum":"f10a83a3ee5e5f95c3a7f3799f89ff53d24c961e9ee5065d3be47ca7cf9b7e3e","bytes":375611}}
{"source":{"wave":501,"partition":0,"offset":501,"checksum":"459d4873747c0dfa7bd708bb39f4c937d37571d46b034bcc56411e88f3be1936","bytes":375611}}
{"source":{"wave":502,"partition":0,"offset":502,"checksum":"baed682cdcfb4fadf7928346302bd3ebe456d57dd0d4075558b2b6c2a2b3cce8","bytes":375611}}
{"source":{"wave":503,"partition":0,"offset":503,"checksum":"b002b9614c33f060b117da7bda76d5b4b99c6a6c30526be952b844fe1b4647d1","bytes":375611}}
{"source":{"wave":504,"partition":0,"offset":504,"checksum":"0bd24de1c3de0cf39aaab36b22a1c4068da3a4bb0c9dbf2e238f755fee21d034","bytes":375611}}
{"source":{"wave":505,"partition":0,"offset":505,"checksum":"5392e20cf9b107c637f1b54b8908e7a7dff78b9d85ad13af5dc2fa0a7964acd5","bytes":375611}}
{"source":{"wave":506,"partition":0,"offset":506,"checksum":"83d06b6ba772533c51b51acb5cc74327f6db958af80d4da25c6d3a1f7661eb00","bytes":375611}}
{"source":{"wave":507,"partition":0,"offset":507,"checksum":"8a37234e483ebd10a3a6ae5c07c710d38d152355683083a775b770ccfd9bb339","bytes":375611}}
{"source":{"wave":508,"partition":0,"offset":508,"checksum":"764bab663d618496f7cf77654d08aae02d2c5c672c0c701221dc8d4d52d2da81","bytes":375611}}
{"source":{"wave":509,"partition":0,"offset":509,"checksum":"c4cdbcc7ce727121e82f664665ccd34e60ae263bfc555f64f0d8a401e2d4dc60","bytes":375611}}
{"source":{"wave":510,"partition":0,"offset":510,"checksum":"b513e55ed48fb727c7f2712c66480515b3b88106174e60e73d81b19e5ec1c8ac","bytes":375611}}
{"source":{"wave":511,"partition":0,"offset":511,"checksum":"6140af7d5f94f80d7b5b48087119dd3be2bab2fbba57bd8944e7b85733cf399f","bytes":375611}}
{"source":{"wave":512,"partition":0,"offset":512,"checksum":"83ec7fd4da24df6512bf6d41921b7d26bc7333e5e8d979f8597c38ef645f3202","bytes":375611}}
{"source":{"wave":513,"partition":0,"offset":513,"checksum":"40e20267389c61d5a455b43f1da3d8ee82ad219632a48fd09838c6418ea16ce8","bytes":375611}}
{"source":{"wave":514,"partition":0,"offset":514,"checksum":"0a483cafe97605035a9b1756c49a1c375d436ba244f1a2f878699df39b159225","bytes":375611}}
{"source":{"wave":515,"partition":0,"offset":515,"checksum":"4067d9a202534583469b1a68f10c7b55d2fc9e67ef0db4b5515131c5cbae3477","bytes":375611}}
{"source":{"wave":516,"partition":0,"offset":516,"checksum":"6c91e2dd04056ae1a254e0062f23837e531f5f647516d14a9fb4bb3a69baa29d","bytes":375611}}
{"source":{"wave":517,"partition":0,"offset":517,"checksum":"96be0f2bc6ec313cbf6fec564807d5fee30c331b37677b9afcd616d251af5262","bytes":375611}}
{"source":{"wave":518,"partition":0,"offset":518,"checksum":"205d114ed26ad48da81b72930f895d415b8f8cce3be97b34f3ec89560371634d","bytes":375611}}
{"source":{"wave":519,"partition":0,"offset":519,"checksum":"0f5280621f8e3b4494f11ecb4e53cd8402d8f831f4dc8cea69c2dbff6714fbb2","bytes":375611}}
{"source":{"wave":520,"partition":0,"offset":520,"checksum":"670cecd0004a1fde9d5c997b80f0ed87ea54464600ca8744f1a43f51b5296a3a","bytes":375611}}
{"source":{"wave":521,"partition":0,"offset":521,"checksum":"b36d6c2200beb95b54076f9e1444f3517b6ac45f5bba5f6bf2a940262391258a","bytes":375611}}
{"source":{"wave":522,"partition":0,"offset":522,"checksum":"8896a8382ad506ee4f79af7df95d026d27fab37e4fbdca68161522acd4766650","bytes":375611}}
{"source":{"wave":523,"partition":0,"offset":523,"checksum":"d8a31757fafa818ff99482816597494321ea31a1312692dc2546775fbb25ab68","bytes":375611}}
{"source":{"wave":524,"partition":0,"offset":524,"checksum":"a4ee62c37b6f9e85c71ec0b229036d3670e4175ed1778afad28e28a59409016f","bytes":375611}}
{"source":{"wave":525,"partition":0,"offset":525,"checksum":"a1bc5aa8f22f6fe76432be6e9196a7eae469c38588c3b5effe99c5ebee949812","bytes":375611}}
{"source":{"wave":526,"partition":0,"offset":526,"checksum":"5c7890cccbdd522db85d8c95d716c28b10fcd7aea3a39c7692a4472d7678873b","bytes":375611}}
{"source":{"wave":527,"partition":0,"offset":527,"checksum":"469ddc52e7e4c1dcb6619ebdeef85de1610a7b9a00d00db07a95c08187006472","bytes":375611}}
{"source":{"wave":528,"partition":0,"offset":528,"checksum":"01ac3a3580f69631a1a99c92c96e7fd5117be931d4b735df3bff4bd36c8c5dac","bytes":375611}}
{"source":{"wave":529,"partition":0,"offset":529,"checksum":"8c10997a14a25ad818a4eb06123385cba3a90680ee6138c4db60856a7f6f8708","bytes":375611}}
{"source":{"wave":530,"partition":0,"offset":530,"checksum":"d34a24bf824e69c8692cbecb73567533c94937e7edb5fb247c68b67392f920fe","bytes":375611}}
{"source":{"wave":531,"partition":0,"offset":531,"checksum":"9367658ac5b946990e152a12f748f8777b14963af7643288e690be333f10e972","bytes":375611}}
{"source":{"wave":532,"partition":0,"offset":532,"checksum":"b8b0d9f5a49e9fb939e6fcf162d10955c716d6ec59f849b0110039796e96dac7","bytes":375611}}
{"source":{"wave":533,"partition":0,"offset":533,"checksum":"9b58bf162a9f59f459e7ecfa4f08b0190ef42c326a6fe7c791d3dd968b34036e","bytes":375611}}
{"source":{"wave":534,"partition":0,"offset":534,"checksum":"b8dc9acd78737e4d57a18732ecefa4f5e85e9ed9a75d474201a106081ba6bcb8","bytes":375611}}
{"source":{"wave":535,"partition":0,"offset":535,"checksum":"e1d83e83ee126c5b0d86c207b1764a6c33164e1076fdd3c1279d7ccb89c3cc21","bytes":375611}}
{"source":{"wave":536,"partition":0,"offset":536,"checksum":"3e2c5bf6a466652da5ee68a4e8501152eb6807009ceaa79040586e31804105d4","bytes":375611}}
{"source":{"wave":537,"partition":0,"offset":537,"checksum":"c4101bba79cb39dcfb338a361d5140bdd4c3a298a317f4561f9fb7174751bfbb","bytes":375611}}
{"source":{"wave":538,"partition":0,"offset":538,"checksum":"560ae4a1b19dbcea12220d5e989e68659e0aef91469871f3a8f0eff136f4447a","bytes":375611}}
{"source":{"wave":539,"partition":0,"offset":539,"checksum":"610bbeb7989c371182c0694c9a44ac57d9e23f4f050c3df1c4161c61ba70a7f8","bytes":375611}}
{"source":{"wave":540,"partition":0,"offset":540,"checksum":"f5b1a0cee310281ee36204cce2214dfb09770e233471b6edf23b9fde1c7ba608","bytes":375611}}
{"source":{"wave":541,"partition":0,"offset":541,"checksum":"7877cd098ae5e16cbc0cfe3cdf6d81f7a16b790fcb8cfaf25d65f9fd7ebbc41a","bytes":375611}}
{"source":{"wave":542,"partition":0,"offset":542,"checksum":"9cb62d9a9a60d019d9b61ec11cbaff6419b6d259d736c61aaab880ca7ce4d720","bytes":375611}}
{"source":{"wave":543,"partition":0,"offset":543,"checksum":"5a921cf016fecf8da7b51added21229e99968984de8729d372d4600a221da154","bytes":375611}}
{"source":{"wave":544,"partition":0,"offset":544,"checksum":"59de8d8b2e278aa52485d7ef6ed7c1fc42be3e740a10b2190d7f0d182e240868","bytes":375611}}
{"source":{"wave":545,"partition":0,"offset":545,"checksum":"9474ec48d7ce63964f681365837ced583742db5500d6b3db2b49c8b47c42607f","bytes":375611}}
{"source":{"wave":546,"partition":0,"offset":546,"checksum":"74208bc41cf99c327e062fd048fc33e99a5b0d3bd0693681d980fcfc7dc1f26a","bytes":375611}}
{"source":{"wave":547,"partition":0,"offset":547,"checksum":"ffd4b24844519a17fae50df4ce9d6295e253b00f7271c3bd9c8f91eaf89b9a52","bytes":375611}}
{"source":{"wave":548,"partition":0,"offset":548,"checksum":"be1df09b7a6da6db0a75113eb41e981638924c38ceb3cc4dc192ed1be970c85b","bytes":375611}}
{"source":{"wave":549,"partition":0,"offset":549,"checksum":"582cd568b34e87a323a9fa82ba142315177d640c801819b46b5204a2955f1ba8","bytes":375611}}
{"source":{"wave":550,"partition":0,"offset":550,"checksum":"7376843a169a8fd814fb6eee585a09623802b5f0e1097ae298bfffd956e20a1f","bytes":375611}}
{"source":{"wave":551,"partition":0,"offset":551,"checksum":"fe5e8caadf8b865ee2b22d5b0cff14720847e2f09ac013c36916bce833a9cf9c","bytes":375611}}
{"source":{"wave":552,"partition":0,"offset":552,"checksum":"2a577427c9d713dbdbb9207adc2f17a39e92f9b62818bbba9a596b10defde183","bytes":375611}}
{"source":{"wave":553,"partition":0,"offset":553,"checksum":"fd13baef1305690077c70df9ac00ae133869d27b0e185c437842cf93c25abe4a","bytes":375611}}
{"source":{"wave":554,"partition":0,"offset":554,"checksum":"55664af525bda7f10aae6127d5270d86dc95f14941aeec945ad635be654ef535","bytes":375611}}
{"source":{"wave":555,"partition":0,"offset":555,"checksum":"518c00510424fc1554aee60e9efb3779ef810ad450c3db5cc355ce4794fb44b5","bytes":375611}}
{"source":{"wave":556,"partition":0,"offset":556,"checksum":"74596975de5dc1b49b07e23a9d6e7c33b30d5a5d0ff2cbf9dbea857cf2662aca","bytes":375611}}
{"source":{"wave":557,"partition":0,"offset":557,"checksum":"1a66de8171140036421a79cd7a945e155136fbe964027631e94f84b1072bfbd1","bytes":375611}}
{"source":{"wave":558,"partition":0,"offset":558,"checksum":"5606823eb30d94ce53b5fb85fac312f2ac3b6e2398092bb1c56b619f2191a86a","bytes":375611}}
{"source":{"wave":559,"partition":0,"offset":559,"checksum":"08416e42643d43318ea2aa99b17158755cce42be3ca3ba07ab8852efa1d3ecd5","bytes":375611}}
{"source":{"wave":560,"partition":0,"offset":560,"checksum":"5df0ed87f7e6a3af5c752ea30f33e91edfa0844e4a35207c5ea1947608565831","bytes":375611}}
{"source":{"wave":561,"partition":0,"offset":561,"checksum":"76c9184485f53e926a5311b839d05700528a2b4745d6a438c54b1aa51b1f2cd9","bytes":375611}}
{"source":{"wave":562,"partition":0,"offset":562,"checksum":"60ffd6c258fcb77ae6ef8ec380b60ee376037578a76b4da43e19fcc8303c226e","bytes":375611}}
{"source":{"wave":563,"partition":0,"offset":563,"checksum":"b46b30a88269474fa45ffa86fe3529d8aa557e58347ab106628782424594bf06","bytes":375611}}
{"source":{"wave":564,"partition":0,"offset":564,"checksum":"7931a97524dc270aeca2633b006ec940e6653be92126315b9c4f6c81db04d39e","bytes":375611}}
{"source":{"wave":565,"partition":0,"offset":565,"checksum":"e59009977934f9453db4011560cd7002ad4f3e0dae1cdc845194321633b63a4a","bytes":375611}}
{"source":{"wave":566,"partition":0,"offset":566,"checksum":"38abbe8dc8bee83e016f89eb35dd11845221eea9621eb36a3053125f504fdac4","bytes":375611}}
{"source":{"wave":567,"partition":0,"offset":567,"checksum":"3d016d626a015d58f493878d4ba4ecc7309fbe5567e62641acca7c8b3b495932","bytes":375611}}
{"source":{"wave":568,"partition":0,"offset":568,"checksum":"e30df9fb32c87aee57b951f4350912965b82c9af73c9f7e299a05c4ebd42192d","bytes":375611}}
{"source":{"wave":569,"partition":0,"offset":569,"checksum":"b502291c853ef7065b0bcf10731b3d9fa80ed674fbd100df64b71a9ef8d8f865","bytes":375611}}
{"source":{"wave":570,"partition":0,"offset":570,"checksum":"abfb8d4a635a9d5c5696f21432338baab8291c38e65f8da5c754b0dc4898945d","bytes":375611}}
{"source":{"wave":571,"partition":0,"offset":571,"checksum":"30baae34a4b68a9e8ae1091467133fb9bc330deaa946b7f61b62ba6cbc16b6c0","bytes":375611}}
{"source":{"wave":572,"partition":0,"offset":572,"checksum":"3c2dc21a29cdbee1c29edaaa30057047fe2de1aa6bcf4d38e85ea2e9e180c221","bytes":375611}}
{"source":{"wave":573,"partition":0,"offset":573,"checksum":"7cb4fdc40c054b8c94db4fa125c3f3e6dc0d853579bab91ed8a4ae29c2aee55a","bytes":375611}}
{"source":{"wave":574,"partition":0,"offset":574,"checksum":"46489b821ef6b26894f57914b7d7ae98e6c3b412b173b59ccade43e8fc6792e2","bytes":375611}}
{"source":{"wave":575,"partition":0,"offset":575,"checksum":"3cf1b9a3422c16f5354ccd140de073e95106f3e1f0ec6785f1554e5af03a6f2d","bytes":375611}}
{"source":{"wave":576,"partition":0,"offset":576,"checksum":"50f9857b0114380d3d82e49e59a2410d6c66df88595e73def162fd48d47a02cf","bytes":375611}}
{"source":{"wave":577,"partition":0,"offset":577,"checksum":"1c9fa0d56e4dc5bd39dfae6dd847aff3d7dc974e19670c237c834dab4a71f1eb","bytes":375611}}
{"source":{"wave":578,"partition":0,"offset":578,"checksum":"58ab73c2912250c3db0bd55d2441c54c591fa2b5248820748b4be9f47961547f","bytes":375611}}
{"source":{"wave":579,"partition":0,"offset":579,"checksum":"031a07154605e1a32782a533f4f16e5b7e17a55bbff3b8b7ac226437927d9061","bytes":375611}}
{"source":{"wave":580,"partition":0,"offset":580,"checksum":"488930edd6b2e56ba0d5120b61b45638a007104a5ed35210c0e16e853e5c20eb","bytes":375611}}
{"source":{"wave":581,"partition":0,"offset":581,"checksum":"1e8f2ca1cc2b2abbc9bd318870b63912ea5669fe45342eba3a5d9d5cc69f8406","bytes":375611}}
{"source":{"wave":582,"partition":0,"offset":582,"checksum":"b795fb6dc704d66670d75b85b4939be53ddd40fa3828fc4611cd42adc5e38ae6","bytes":375611}}
{"source":{"wave":583,"partition":0,"offset":583,"checksum":"2baee9f662d90b5e5ddb347c5b2b3c8b312bb8d8a40174c50e4376412df32f6a","bytes":375611}}
{"source":{"wave":584,"partition":0,"offset":584,"checksum":"19bba55cedad2f4e7af3b58f5203411b0dd68b159eaa68b6f0edc5b2911587fc","bytes":375611}}
{"source":{"wave":585,"partition":0,"offset":585,"checksum":"f79751257c68500bd3656358b41e1a71e482575ccf5651d87184bee8bd5c69de","bytes":375611}}
{"source":{"wave":586,"partition":0,"offset":586,"checksum":"071e5f0c9815958519a79b0312b79a82e7b30b20b7c6f36381aecd8ecc371701","bytes":375611}}
{"source":{"wave":587,"partition":0,"offset":587,"checksum":"37f7bfc8bf6f7491ac9812a9ce8a33078e5161d70d5f90077aa5c99e150a8beb","bytes":375611}}
{"source":{"wave":588,"partition":0,"offset":588,"checksum":"37adbf9f433a7bae2dc1885a7355c2febf52d534f1f664642533af121d509950","bytes":375611}}
{"source":{"wave":589,"partition":0,"offset":589,"checksum":"27fa59230eadb9b01f5db99079517618b0aaf152ba695e3e1940c7d60be15b13","bytes":375611}}
{"source":{"wave":590,"partition":0,"offset":590,"checksum":"81088f32a19f667ecd8913c8b15916ba5771efe8e47dad3d1af858a28123dacf","bytes":375611}}
{"source":{"wave":591,"partition":0,"offset":591,"checksum":"d79110666bbe46ccf9477b9d4fd8abea22e033ee597b77b2fcedcddcee636a7e","bytes":375611}}
{"source":{"wave":592,"partition":0,"offset":592,"checksum":"d6efcb6682de0ff0da26c9fef1a9e842bdccf77d6e8077df17988f42f08bd173","bytes":375611}}
{"source":{"wave":593,"partition":0,"offset":593,"checksum":"8d51f80befdd19470bf0e3abc91e162e80e018790932eebabc9b13dcdead9b59","bytes":375611}}
{"source":{"wave":594,"partition":0,"offset":594,"checksum":"282d1787aeac8339508f59e267e2d7817f985ee485ac6cac30b235f80a0df424","bytes":375611}}
{"source":{"wave":595,"partition":0,"offset":595,"checksum":"129de9c7fd6fa5f9f704c582a7dc2439e12c2f83c4cb6d5ac057f494aacb25ef","bytes":375611}}
{"source":{"wave":596,"partition":0,"offset":596,"checksum":"3cad301fc68276e2ab7c2afa36ee9151a2557671db8f4d4711c2fafb96b0c7c1","bytes":375611}}
{"source":{"wave":597,"partition":0,"offset":597,"checksum":"881575166ae598295b8d33bdc2a9416ef7228e1865877afd8d0902f6feb20791","bytes":375611}}
{"source":{"wave":598,"partition":0,"offset":598,"checksum":"103a7e2456765ef3c1edf27432784da2eeaf7e7311bd5ad585c7130b521ef258","bytes":375611}}
{"source":{"wave":599,"partition":0,"offset":599,"checksum":"34b4f903caebb9595e37bcb23be9e6dad34cad745d2e9f771d888b098f92dbfb","bytes":375611}}
{"source":{"wave":600,"partition":0,"offset":600,"checksum":"a3bdb58e67434657c1ceec9d9933d44ec942580191b805f6d9aabd6a5ec5e24c","bytes":375611}}
{"source":{"wave":601,"partition":0,"offset":601,"checksum":"4495eb33deaa882860bca33b36baaabd88ee6152c993280bc33f7ba5c475d41c","bytes":375611}}
{"source":{"wave":602,"partition":0,"offset":602,"checksum":"486da94542f673d235db2c1462add3dfcee48b2a5e34e430d89f35f8d084fbb5","bytes":375611}}
{"source":{"wave":603,"partition":0,"offset":603,"checksum":"a562c28b50900c6323821544a27b742e609bcd84d9ca7f0b999851c2f938d19d","bytes":375611}}
{"source":{"wave":604,"partition":0,"offset":604,"checksum":"74c6883188570c9bd9ba65c817ad307b48fafb5b21196d5909d42d24f3606b4f","bytes":375611}}
{"source":{"wave":605,"partition":0,"offset":605,"checksum":"deb8177e6f3c0ecf42311617cff95932da6a527aa10c95808919f2a8523f3a6f","bytes":375611}}
{"source":{"wave":606,"partition":0,"offset":606,"checksum":"f769128c799961ce88ae97754b8e8a4cf52f970efecf72594739fac95477967f","bytes":375611}}
{"source":{"wave":607,"partition":0,"offset":607,"checksum":"687f26f291fc6058f27e07085c8c4269289d5a6001b7f92eaf33132109ad9c01","bytes":375611}}
{"source":{"wave":608,"partition":0,"offset":608,"checksum":"b3b6c70e35e624e7b2ed1255dbf14c91d95bdf10df4920437d2869255cd7c048","bytes":375611}}
{"source":{"wave":609,"partition":0,"offset":609,"checksum":"df6ad01baf0e524fe485333f8fec100975db4c36b2eede771879c552fc3e06c0","bytes":375611}}
{"source":{"wave":610,"partition":0,"offset":610,"checksum":"e6df019ebb29cea2f845b9990be9c5b62e5e5d4fafb50fa6252fbd720b2fc82c","bytes":375611}}
{"source":{"wave":611,"partition":0,"offset":611,"checksum":"f848ff9933a1d27a20ba1b34276010c89274ea9b25211885e0f13bdd8cec80ca","bytes":375611}}
{"source":{"wave":612,"partition":0,"offset":612,"checksum":"05557e2cc136de0064782484b6763d481d8908ecaf9c877f9e3c8eb8397bf428","bytes":375611}}
{"source":{"wave":613,"partition":0,"offset":613,"checksum":"abc9436f7de4f47b55ab17a087aa7a8a39fb0276792cd4f1159ffb849565943e","bytes":375611}}
{"source":{"wave":614,"partition":0,"offset":614,"checksum":"8a12760a06b40c199f1c0d12b39bb3f86b7b7910c9bec4f2f5dc304d85d28be4","bytes":375611}}
{"source":{"wave":615,"partition":0,"offset":615,"checksum":"8ba862f311bdb64222f8dc2cc0cfdaf260312107239145ae3bb07124ed2a78a0","bytes":375611}}
{"source":{"wave":616,"partition":0,"offset":616,"checksum":"7eb777b96cbacd7a44588d3b645651144ec0552c763b6c2dcbeba7885371ea6f","bytes":375611}}
{"source":{"wave":617,"partition":0,"offset":617,"checksum":"4c03c2258cdef8005658d547843cde997de16b2b41b93681305197c095655423","bytes":375611}}
{"source":{"wave":618,"partition":0,"offset":618,"checksum":"b2018ae01bd34cb56366ad1390f8d8d94ad6cbe4432309af1c73f562e6714a25","bytes":375611}}
{"source":{"wave":619,"partition":0,"offset":619,"checksum":"9f363d9847941bff6c85ec7081f6c7c8ee1a2da36f56bbdbc4e0104c79411849","bytes":375611}}
{"source":{"wave":620,"partition":0,"offset":620,"checksum":"553ba94433b8af7f4fd18c7bb57f57b6474443bd51eeda0e3de6f5e7c11800f5","bytes":375611}}
{"source":{"wave":621,"partition":0,"offset":621,"checksum":"e00a9b58864f2405fc5674624d5317c4dbc98864920a89efe1755605cea02a8b","bytes":375611}}
{"source":{"wave":622,"partition":0,"offset":622,"checksum":"067166c5cc7017970222015ca682b33c6fda59c090ca91047c28f0eed2787285","bytes":375611}}
{"source":{"wave":623,"partition":0,"offset":623,"checksum":"6a6b26e5ad8f079fe11b4389128b67516de9f7a4643341d6a64ed271d148cde1","bytes":375611}}
{"source":{"wave":624,"partition":0,"offset":624,"checksum":"eb9a7ae187a95d4d67d175a3f286a0fc005b5da45acdc8b9c7a58c9219cf36eb","bytes":375611}}
{"source":{"wave":625,"partition":0,"offset":625,"checksum":"e621b54b3bbd7de3d5bd10fe3d9c015dbedf786991245dd60fa716c1194f386c","bytes":375611}}
{"source":{"wave":626,"partition":0,"offset":626,"checksum":"424351018972dbc396e3b66f1440f78c815cb5f52de6e191b0b19c84e02fece5","bytes":375611}}
{"source":{"wave":627,"partition":0,"offset":627,"checksum":"524cb10f900f3c3eb9e198b6503a91454040b5c91b130f2d683136e9cf98e43a","bytes":375611}}
{"source":{"wave":628,"partition":0,"offset":628,"checksum":"67c46130c9ceb02c782d9e19b4393ad3d6d5f74a23996110c6e5d7e2a862f8ad","bytes":375611}}
{"source":{"wave":629,"partition":0,"offset":629,"checksum":"407edbbd6dc72bc842827d25bed6868989d08ec7bdfc7e25540d504c14c6d2fb","bytes":375611}}
{"source":{"wave":630,"partition":0,"offset":630,"checksum":"68d8fb25f727ec52cf9d4b0d5cafb4bc6c11cb42eb886529b51c2c8740a0f1ba","bytes":375611}}
{"source":{"wave":631,"partition":0,"offset":631,"checksum":"9f658b015d09218f8f32f54d684057de9d622a2d6bcd963b91786a9da7f088b1","bytes":375611}}
{"source":{"wave":632,"partition":0,"offset":632,"checksum":"aa3fb187cbdc296eaed61de97998948f92e25b07fe783ef67bbf5e15e1af95bd","bytes":375611}}
{"source":{"wave":633,"partition":0,"offset":633,"checksum":"4c1c47939ac2d60e03d387d7567b4ffbb446fd3e773399073ac10ffd1e33664c","bytes":375611}}
{"source":{"wave":634,"partition":0,"offset":634,"checksum":"26970a71bb27673f8f15986b130fbc8d8d0056870523736157ef135d162b2ab4","bytes":375611}}
{"source":{"wave":635,"partition":0,"offset":635,"checksum":"57ca7c2789f7f8a1866b8951f33d65332c2e2b40f040eb30496ebc438d4d55cd","bytes":375611}}
{"source":{"wave":636,"partition":0,"offset":636,"checksum":"9a64c21f42d793bba09a20474e70c16bebb4a632bd4e06e04bf854046ef07c42","bytes":375611}}
{"source":{"wave":637,"partition":0,"offset":637,"checksum":"b71f608409781c76075a0b2818f0b629f5bd41af5dcb7ae792a8afbdfbfa3610","bytes":375611}}
{"source":{"wave":638,"partition":0,"offset":638,"checksum":"385f414c3b07b19e3cf4b1a77bb99ad6c474e2b7afdb246153e80a8aab68c010","bytes":375611}}
{"source":{"wave":639,"partition":0,"offset":639,"checksum":"48552d44077a43f418348e83bd08191f4fe1e5589ad1bd567329f3b88627dda6","bytes":375611}}
{"source":{"wave":640,"partition":0,"offset":640,"checksum":"1bb50f8b6396c2d2e521ce67eb82918169837687901e265150d08284029140ed","bytes":375611}}
{"source":{"wave":641,"partition":0,"offset":641,"checksum":"7a5a7524aa9ba01405681c291152bc8efaf229596e93d8ba348132ead3e4f6ce","bytes":375611}}
{"source":{"wave":642,"partition":0,"offset":642,"checksum":"22e309569e976d30f82124a018dc2d5fa4211de155fe8bc4da28656ab5daaafd","bytes":375611}}
{"source":{"wave":643,"partition":0,"offset":643,"checksum":"73284c399cc4b4e4fed5ea2e78eb957a196f8b57717963468119cdde51708cb5","bytes":375611}}
{"source":{"wave":644,"partition":0,"offset":644,"checksum":"4f29b8c08c7e0cbf2488ffdeb118d3df3a9ef4ebab98f5192a12a14a7cd81ac9","bytes":375611}}
{"source":{"wave":645,"partition":0,"offset":645,"checksum":"1b14dee6d35fa2c0c8cc4de46a242d5047c8ade58cb4e93af71428c60e4cbae4","bytes":375611}}
{"source":{"wave":646,"partition":0,"offset":646,"checksum":"5ddae992c41807fcc21b9467f2ad60d4eb3794e043859dc2a1834832bcf75891","bytes":375611}}
{"source":{"wave":647,"partition":0,"offset":647,"checksum":"4f3ac7541855212d3d2585729c5240d113ac6f9510e8e49d99851efe66f27ff0","bytes":375611}}
{"source":{"wave":648,"partition":0,"offset":648,"checksum":"7aa7576af873bba52127bfe5bf176ed296ac5c0c9046960d1d93b9165510807d","bytes":375611}}
{"source":{"wave":649,"partition":0,"offset":649,"checksum":"369a38097e54d0931a1569f68f1a444f8a345fbe36c7c5deb14503180db5a9f7","bytes":375611}}
{"source":{"wave":650,"partition":0,"offset":650,"checksum":"72f2c7d56f2038240896db95034dd9f9305dbdfb9688c31f635bfc7c4e871169","bytes":375611}}
{"source":{"wave":651,"partition":0,"offset":651,"checksum":"85be951ba359fa22d7ad9e588adcb8303b42fb354d37615764b85a1dbb5a8ada","bytes":375611}}
{"source":{"wave":652,"partition":0,"offset":652,"checksum":"27b7e336fa43d47b4ff298628b60351bcea8429e7680dabb926dd712e60f560c","bytes":375611}}
{"source":{"wave":653,"partition":0,"offset":653,"checksum":"10af63c884df77099d42857fc81d415904be6eae7092f87ef49e9fc638886439","bytes":375611}}
{"source":{"wave":654,"partition":0,"offset":654,"checksum":"b1a78f99e2edd66bc60d0740daa04e3182a3fc556f3f917c834c8c11ecebb709","bytes":375611}}
{"source":{"wave":655,"partition":0,"offset":655,"checksum":"1cb9198333461b330221d99dbe4ee9a8aecc8314ebee50b1ab5f54a91efe98f9","bytes":375611}}
{"source":{"wave":656,"partition":0,"offset":656,"checksum":"65c61195589264d9ca6fa09be1debe90bb4744c005fb3522de71f0ce212c0dc9","bytes":375611}}
{"source":{"wave":657,"partition":0,"offset":657,"checksum":"19800ecf067798d45b9cdbd1d951168bb19fda4339a812f4a43255c1cf6dbaaa","bytes":375611}}
{"source":{"wave":658,"partition":0,"offset":658,"checksum":"9ddd3c1652bef1b4200fe8583cf6665f300c2cb3517f0d64724993eb79907f69","bytes":375611}}
{"source":{"wave":659,"partition":0,"offset":659,"checksum":"165d76271f2e3e420baee7fcf5948551905d862ed10554902f2c70d2d985a596","bytes":375611}}
{"source":{"wave":660,"partition":0,"offset":660,"checksum":"6270d7b1f1bdd847ab34a0bd4ad6a21a3cdbab59f08f020a8b4cd796eff81fa3","bytes":375611}}
{"source":{"wave":661,"partition":0,"offset":661,"checksum":"3bc5e87b95008f2c5731daff7783c0ae443ece6770fd9f30e1db2748571796ec","bytes":375611}}
{"source":{"wave":662,"partition":0,"offset":662,"checksum":"b859fcd040d09aabe74cdeb3cedff76db12e0b34150f4dfd7bb7474b1334f5cb","bytes":375611}}
{"source":{"wave":663,"partition":0,"offset":663,"checksum":"376054d1ccf4f4471066aa210c5a4243f539bd2187fa084ddd00fc0f3bc6c7f1","bytes":375611}}
{"source":{"wave":664,"partition":0,"offset":664,"checksum":"94be1264ee4775c9ce4d00b36dc6cbaa6f2643296667ce9b7dbb08e895646d7e","bytes":375611}}
{"source":{"wave":665,"partition":0,"offset":665,"checksum":"a1cea60b58d819eaba074e02a1c1f1912bc6c904a0056d140a073fab3e2536e3","bytes":375611}}
{"source":{"wave":666,"partition":0,"offset":666,"checksum":"2ed6daedb071c82aca20e930c83ca68ea8a817d17b4e0f26abd1c76692aec0e7","bytes":375611}}
{"source":{"wave":667,"partition":0,"offset":667,"checksum":"01343e7127a6e59f68f9299566d1da4762a3a7407e60be44b4cbfcc0bcf7f100","bytes":375611}}
{"source":{"wave":668,"partition":0,"offset":668,"checksum":"08c8da6ac259f6396d689a85ff8212240f0239dc09f8af71791bd9991970196c","bytes":375611}}
{"source":{"wave":669,"partition":0,"offset":669,"checksum":"03c46d42e677ef52e80d24cb70b90d343efec8d11947d48a65580bea5a6b68da","bytes":375611}}
{"source":{"wave":670,"partition":0,"offset":670,"checksum":"a47ddddf8b527782bdf1378f923e73f18de10fc43d0bbed0e2fe2522a2a4177f","bytes":375611}}
{"source":{"wave":671,"partition":0,"offset":671,"checksum":"1a9db034a059251f050807373208991b49d7d86849d63c026f795d90cd0a1619","bytes":375611}}
{"source":{"wave":672,"partition":0,"offset":672,"checksum":"bb373cf50ca0901908302fd34d6f1bc06ebea7e18116471f5e4cd047c44f68b4","bytes":375611}}
{"source":{"wave":673,"partition":0,"offset":673,"checksum":"dfb409ee6c1436873780b375a42779c5d1760c27ace707421f8e801888b4503b","bytes":375611}}
{"source":{"wave":674,"partition":0,"offset":674,"checksum":"6c4e8fd7a2b8aaf505c3eadc701ddfce860b587d56e08ba69c3d0555a26ebc76","bytes":375611}}
{"source":{"wave":675,"partition":0,"offset":675,"checksum":"bd3c6d297122288a2dafed58e9ed8fed7d5c51020859b79d1801e2003b6d90b8","bytes":375611}}
{"source":{"wave":676,"partition":0,"offset":676,"checksum":"2a9e92b7eec8e867e7ea53139b678011767c3c4cf1cd9fd856f94e7329106b39","bytes":375611}}
{"source":{"wave":677,"partition":0,"offset":677,"checksum":"47a825031635864a570fa4757255374c8dd9583d1296056954dd3ad8fdfb1fec","bytes":375611}}
{"source":{"wave":678,"partition":0,"offset":678,"checksum":"696a946e00cc91febd070992f460247c223eebc911aaf0d1da13ad7dde60f599","bytes":375611}}
{"source":{"wave":679,"partition":0,"offset":679,"checksum":"472af6ef41781422f4b8c06b1068cbdb0c2b7cff62496b9fb1bc7c0ceb94a899","bytes":375611}}
{"source":{"wave":680,"partition":0,"offset":680,"checksum":"95b0c44a23c15c8178183f44de294b62c00f014825c87fcce47bf4678e3cd7c3","bytes":375611}}
{"source":{"wave":681,"partition":0,"offset":681,"checksum":"f3eae96f31383fe75e9b510ce0e5e597201071eba08e51f0819a5ad9f469c774","bytes":375611}}
{"source":{"wave":682,"partition":0,"offset":682,"checksum":"c425b8d6bf5eac3db522180d8e8b0d22657e88f39fb67e623ebecc1867e341a7","bytes":375611}}
{"source":{"wave":683,"partition":0,"offset":683,"checksum":"dd428b7ba0e888a31bf497c996081ceb750248940ad1b52aa798c26f579537f3","bytes":375611}}
{"source":{"wave":684,"partition":0,"offset":684,"checksum":"f2358ce3f0c27f87162c046d4acba3afec7e446bd1d5cfd6f3edcd6aec788215","bytes":375611}}
{"source":{"wave":685,"partition":0,"offset":685,"checksum":"cee805a5ef59c51ccb614426d452cc257c46b14501602b6ca929f0023919bbbe","bytes":375611}}
{"source":{"wave":686,"partition":0,"offset":686,"checksum":"84776e675755ea448c02fc09e89827a904fc642708bea182b754118ac8f8fe24","bytes":375611}}
{"source":{"wave":687,"partition":0,"offset":687,"checksum":"d527e6f99e1192d46aa05b058c7af4a97dc0cdd3762d29ea79026f8f27c469c1","bytes":375611}}
{"source":{"wave":688,"partition":0,"offset":688,"checksum":"d4badff51d7df1292e5879256491751bdc2ef5781fc8f880e6877ddc42073054","bytes":375611}}
{"source":{"wave":689,"partition":0,"offset":689,"checksum":"8560938bc87a731c59af9ecb4bfb62360d1635cfce7781f11423fc976eb2aefa","bytes":375611}}
{"source":{"wave":690,"partition":0,"offset":690,"checksum":"ac3e3a06a9fa20ec5565cebd44bff5f8d7e5ceb8faef5070752f5079ce09151d","bytes":375611}}
{"source":{"wave":691,"partition":0,"offset":691,"checksum":"18b75a78337dda3ddca93547e7327ef9303e30f35e8b6f6d5b08f0b4c94cc2ba","bytes":375611}}
{"source":{"wave":692,"partition":0,"offset":692,"checksum":"a2d332d3fe3c5d03e95098f98d9d4c5dcb789680423e5ad3122978b7a4895fc8","bytes":375611}}
{"source":{"wave":693,"partition":0,"offset":693,"checksum":"e8134e3557eea937adce05059de35e75a8fecc400b2a55ca26f59e63bb4fcfdf","bytes":375611}}
{"source":{"wave":694,"partition":0,"offset":694,"checksum":"db083e1d0482702de997ab9e3b60c7bbf9ef33ae8f953ac819ecd7de10cfb993","bytes":375611}}
{"source":{"wave":695,"partition":0,"offset":695,"checksum":"bdc7d408c4e31e48c377d3d116dc2aafc4cb7fd6a2382db455d2c328635c8595","bytes":375611}}
{"source":{"wave":696,"partition":0,"offset":696,"checksum":"5e4d702a0faca08a888be2bd7e30268fef83b55556e877fe783880048182e896","bytes":375611}}
{"source":{"wave":697,"partition":0,"offset":697,"checksum":"c08c176b9352aa1bcc3a3e408eb605677e9bc0055ebc15742e871694b098baca","bytes":375611}}
{"source":{"wave":698,"partition":0,"offset":698,"checksum":"a07dd22042d1f6cb6fba749b781bd1ca1d242c66672f07e00c1bda8e312754af","bytes":375611}}
{"source":{"wave":699,"partition":0,"offset":699,"checksum":"7689052fbc6ba6033a456dcadce9c790c0c105616fd4dd3298549a407294361b","bytes":375611}}
{"source":{"wave":700,"partition":0,"offset":700,"checksum":"1896ad546ee3f3a7bd527eba6b4be809f62193c0f64c76b17b066166697826f1","bytes":375611}}
{"source":{"wave":701,"partition":0,"offset":701,"checksum":"f5349a87e76fa1a2f2fe0e157ba05a9d18491c5b27eb95ccdacb1e1873c41548","bytes":375611}}
{"source":{"wave":702,"partition":0,"offset":702,"checksum":"766a7dea0a12cbcf6cfa4ebae03b1467d5384ca214553d3bc3227a80de31adb9","bytes":375611}}
{"source":{"wave":703,"partition":0,"offset":703,"checksum":"8cb6586e0c75774e7205759621d472fa898a590c6380b0aedbab7f24b609ae6a","bytes":375611}}
{"source":{"wave":704,"partition":0,"offset":704,"checksum":"ead0d6d2c0db1dd688b04b64851e2ef8d310d7ac35c42420589ee3b102e16171","bytes":375611}}
{"source":{"wave":705,"partition":0,"offset":705,"checksum":"40edc67bf20dc605934801f7d3b5e76d4b4358b9f227510f8dc6cd04954c8ec1","bytes":375611}}
{"source":{"wave":706,"partition":0,"offset":706,"checksum":"8a4c2954db13fa2a6592728d5200f59c7c51fbef314b232bdda92f1b663e63a1","bytes":375611}}
{"source":{"wave":707,"partition":0,"offset":707,"checksum":"8fe976f1d2f92e7eba0d51f2419ef10ba3ffb1f51657cae76965ccfb7fc4de59","bytes":375611}}
{"source":{"wave":708,"partition":0,"offset":708,"checksum":"351620816add45438914bd4cf503094ab471f68a452df0644634e07091ca5f47","bytes":375611}}
{"source":{"wave":709,"partition":0,"offset":709,"checksum":"ecc656a8cfedcc48d0b2024d00a5f22b6fa17269968f03fa5a08172476beb746","bytes":375611}}
{"source":{"wave":710,"partition":0,"offset":710,"checksum":"89a82b806d64e5957f3a4b2c7fb428b406839e794d1fe0fc0f23137cbeced531","bytes":375611}}
{"source":{"wave":711,"partition":0,"offset":711,"checksum":"e01b44169f94fa47b8da9ba71d33e7eb6f60ca9a8b69920f8960ac0527cdb6a2","bytes":375611}}
{"source":{"wave":712,"partition":0,"offset":712,"checksum":"5cea83b24d00fd93c7363cdc311958dc73eb9be18686b1b4256bbb05a0da24a2","bytes":375611}}
{"source":{"wave":713,"partition":0,"offset":713,"checksum":"fc323278655e000e619c4cd1896cfe549d506c071d5ba8120a78137f86183b92","bytes":375611}}
{"source":{"wave":714,"partition":0,"offset":714,"checksum":"3686658720ec8bf29ef76c25b255909f21b9f992ab10e11cc35d33be1f9e9bdc","bytes":375611}}
{"source":{"wave":715,"partition":0,"offset":715,"checksum":"fc8da08f6f8441b7e6cd4e08a6ef41fa81d898e38c7fc00e073ad762768491ee","bytes":375611}}
{"source":{"wave":716,"partition":0,"offset":716,"checksum":"7b246f68a4123a801e68b86c99900b8aa3527dbb52f0381b5624c312776fd2d4","bytes":375611}}
{"source":{"wave":717,"partition":0,"offset":717,"checksum":"3125ab480bdc4f524eb3a5fd335d246e16254367958f28a212f84c2282937470","bytes":375611}}
{"source":{"wave":718,"partition":0,"offset":718,"checksum":"5e600d74c2e252079cfc7cc4eda7a2c68bebc6854762f79617b5d7c6fe6eb35c","bytes":375611}}
{"source":{"wave":719,"partition":0,"offset":719,"checksum":"023270d15984c18abb211aca42aba65096b315430b944abc0edd327fc5e1f22d","bytes":375611}}
{"source":{"wave":720,"partition":0,"offset":720,"checksum":"58be0c1cc4a2134fa54b15e9225dd55eabdbfcac2a1bc3e6b71a2e0aa8c36be8","bytes":375611}}
{"source":{"wave":721,"partition":0,"offset":721,"checksum":"2e95e1ffdca222cec410ce716aff122d72c00913c02854e9a812c4449a4cee13","bytes":375611}}
{"source":{"wave":722,"partition":0,"offset":722,"checksum":"bf0c8394c01aa49b4423c2daeb0a00f26aaf5604acf3b2550aed8b6fde3d0f4e","bytes":375611}}
{"source":{"wave":723,"partition":0,"offset":723,"checksum":"bcee6a26a8539ecc1c906d29f951cdec5fac89fcb9046b995c281bde091d3a43","bytes":375611}}
{"source":{"wave":724,"partition":0,"offset":724,"checksum":"dd2f01277c69febe056b538e8717cfb73420013728aae0b31cfb2fef5208c21c","bytes":375611}}
{"source":{"wave":725,"partition":0,"offset":725,"checksum":"1c9fe6242b33d3f4beaad42f463ba1db01e0d39409e728e3ca1d6c3d2e939808","bytes":375611}}
{"source":{"wave":726,"partition":0,"offset":726,"checksum":"bb25b2b27a03bc4e027964056b5d24c1396131943da586b1a38c00eba9dbc188","bytes":375611}}
{"source":{"wave":727,"partition":0,"offset":727,"checksum":"17d626d1a77508c3f774a22379acfb18055e4d51149a654e55cb497d5add7bf5","bytes":375611}}
{"source":{"wave":728,"partition":0,"offset":728,"checksum":"86034b725f834846817e0506fb7e45874613afd3ada3425a8e8f5a955f5b1632","bytes":375611}}
{"source":{"wave":729,"partition":0,"offset":729,"checksum":"3a04820114a83cb678becf06ceac8b16a2b8b3714208d8eecaabd8627a5c4d95","bytes":375611}}
{"source":{"wave":730,"partition":0,"offset":730,"checksum":"8a9fb2e52e2407044b1e9dba483327c1aa926bdcaf970fd1a95886c5447bf643","bytes":375611}}
{"source":{"wave":731,"partition":0,"offset":731,"checksum":"a5523023242bcfc733b8644e33ce82865c6615264b77df807328de0adcb0148c","bytes":375611}}
{"source":{"wave":732,"partition":0,"offset":732,"checksum":"0835ee72e3cb897e345c0e4abd1d281efd793d97d5f80e4c810dc3dc33aae01c","bytes":375611}}
{"source":{"wave":733,"partition":0,"offset":733,"checksum":"40606fb2ef382a0342aa35277b0c20ce81f83630d145d7b356f65b7b7b7cbee4","bytes":375611}}
{"source":{"wave":734,"partition":0,"offset":734,"checksum":"d2522bbdb324c44f1bae52958682956c76b7d97de2a59166357095e83407c304","bytes":375611}}
{"source":{"wave":735,"partition":0,"offset":735,"checksum":"be0706509a1ebf6c7ea187147e55ec4de4094f6ed708b6cd78a11ddd9df8a7a2","bytes":375611}}
{"source":{"wave":736,"partition":0,"offset":736,"checksum":"270547afd9b4826571861416a205b518985274aabffd857f44759bb872b01214","bytes":375611}}
{"source":{"wave":737,"partition":0,"offset":737,"checksum":"5ba840bc5b2e73cfc5ebe4538a7870096587d46105a4aad1676456c0907daeed","bytes":375611}}
{"source":{"wave":738,"partition":0,"offset":738,"checksum":"76aba965b5d5458346ee4f7b725ca14fa8e743ec50b71931b0895c537206ef07","bytes":375611}}
{"source":{"wave":739,"partition":0,"offset":739,"checksum":"69e7e661eab02f0d3e160ac64bc6b8a17b33f47307998e10aee42024e47c2e60","bytes":375611}}
{"source":{"wave":740,"partition":0,"offset":740,"checksum":"7928bbd3fe26c878c0c16291bf51752806181724bc5d2b8a12311d2c22b47286","bytes":375611}}
{"source":{"wave":741,"partition":0,"offset":741,"checksum":"898e38126bff80c15e14f5753566b4e95123c15e372ecdff44f491a0c8776d25","bytes":375611}}
{"source":{"wave":742,"partition":0,"offset":742,"checksum":"0c5f204cef1ffd616ca3f1d9079ea64306345bf09263457d85aaa5b61d6f9330","bytes":375611}}
{"source":{"wave":743,"partition":0,"offset":743,"checksum":"7ba3aabbba2bf77fa938e4c27edbf7268bd1cf53b9a35d4ceae77f284ec82284","bytes":375611}}
{"source":{"wave":744,"partition":0,"offset":744,"checksum":"919c30bfa91ed0035e620691b7d48a2e99bc3066ddce54b298c132d717d554bf","bytes":375611}}
{"source":{"wave":745,"partition":0,"offset":745,"checksum":"21a61a6005a6c33d4191556d3ab563519aa3b96d2b537cda9152640d35d9ab19","bytes":375611}}
{"source":{"wave":746,"partition":0,"offset":746,"checksum":"8660ce2d947d2bb962bfdb38a8a152473bdbd41c43206154133c4236fcf1a291","bytes":375611}}
{"source":{"wave":747,"partition":0,"offset":747,"checksum":"1c8fd7eb18495238442dc23d6bffff24e03049cbc9922ad4e1d118885c5a01a3","bytes":375611}}
{"source":{"wave":748,"partition":0,"offset":748,"checksum":"3c738dd79eba4aef2730ba5e41ff07ffbcabefeb07aafc1e939857f9ccd4fd09","bytes":375611}}
{"source":{"wave":749,"partition":0,"offset":749,"checksum":"8292ae164cd13af7beee17b00c4480eb632ae1899bf00f8997d9a1b08caef131","bytes":375611}}
{"source":{"wave":750,"partition":0,"offset":750,"checksum":"703350f7721a3e2ee0255a93d32e797683d5c7998e10c3a2ddee6ffeadc855cd","bytes":375611}}
{"source":{"wave":751,"partition":0,"offset":751,"checksum":"9e8be2a3efefc3816917fde2039fd9a77b79778ddd946761f02071a42635aead","bytes":375611}}
{"source":{"wave":752,"partition":0,"offset":752,"checksum":"b2b7ae3df32a500090abcc60406e982e8b4a8fce05bed2d68ec6f5f67a9d5ba8","bytes":375611}}
{"source":{"wave":753,"partition":0,"offset":753,"checksum":"21e32f3c8feab336f8602e7558e506ca0d3b25f77cccfae4efe4500445f15dc2","bytes":375611}}
{"source":{"wave":754,"partition":0,"offset":754,"checksum":"d8b642fc5d4ffa857b66b356d127e7cb96678cf98e14763ce4222c584968ea95","bytes":375611}}
{"source":{"wave":755,"partition":0,"offset":755,"checksum":"397967e01394d67f8394307e12e22da238fab8dcfcffd481f0b0366b3ccbcc41","bytes":375611}}
{"source":{"wave":756,"partition":0,"offset":756,"checksum":"1732dc3840be107effaf088ba03a54016b923a32a8a60eb02e2827e225cb0371","bytes":375611}}
{"source":{"wave":757,"partition":0,"offset":757,"checksum":"ae09cb035825224dac6102a9be8afa690fd2f8d5618ae8571454a38eb93ac71f","bytes":375611}}
{"source":{"wave":758,"partition":0,"offset":758,"checksum":"b880c2f564831eadb20e401eaf3b4cf41326566ccdede65f92e59f1bf7fbcde4","bytes":375611}}
{"source":{"wave":759,"partition":0,"offset":759,"checksum":"134cc4b2502455b3fd66e7029c2d7a15bf7e54481521af7ae8a89e3153e9ffd6","bytes":375611}}
{"source":{"wave":760,"partition":0,"offset":760,"checksum":"6b8e19ecfb649a2a27b9ec644aef8f55787c8d0f08d06bd5adb405780ea9d44a","bytes":375611}}
{"source":{"wave":761,"partition":0,"offset":761,"checksum":"6972674f4416f3d73f22963d36df7c6f8ba7567676ca72bd367d75c0d07655c3","bytes":375611}}
{"source":{"wave":762,"partition":0,"offset":762,"checksum":"0210a3433760e2822fdafaa1bb961026e3885dc566950a70726a6ae4797bb76d","bytes":375611}}
{"source":{"wave":763,"partition":0,"offset":763,"checksum":"274d3383e6cedf97dbd701e0dbe3665ee728f20c33c866d90b6e13cbca428636","bytes":375611}}
{"source":{"wave":764,"partition":0,"offset":764,"checksum":"25cf2fea8df0f08dc448e4733db1f8bfd55b3a43b4d4916017549c04e36c9875","bytes":375611}}
{"source":{"wave":765,"partition":0,"offset":765,"checksum":"a18e4544e584e1d653f11cc02aff5f9ce4fe9a387ae3204b64cd03a39cd18764","bytes":375611}}
{"source":{"wave":766,"partition":0,"offset":766,"checksum":"57264e41fb92ae99f2935bf571e0434cb4c76dfb98b946d365bb0e09d5de6bb0","bytes":375611}}
{"source":{"wave":767,"partition":0,"offset":767,"checksum":"8f4881d4597a42d03fccf9da7f7f78921ef8feec56a9d8353cfbbbd239be774d","bytes":375611}}
{"source":{"wave":768,"partition":0,"offset":768,"checksum":"d2fbdebf1e011f561735609c3b5a620608ed043d75280e71b54cfed8521cfd3e","bytes":375611}}
{"source":{"wave":769,"partition":0,"offset":769,"checksum":"0e87538ae30598e360b0fabb925d3673c23a934e3c087137f007e6db64999153","bytes":375611}}
{"source":{"wave":770,"partition":0,"offset":770,"checksum":"66f7c5c9ad56e3f560e7de9a6cb9acd337577bf8fb5c4e1f9089f22ebe68b32d","bytes":375611}}
{"source":{"wave":771,"partition":0,"offset":771,"checksum":"7806b5a66a575c030801bb94e63f25b6e09451da0f4150c50deaf444116a5da0","bytes":375611}}
{"source":{"wave":772,"partition":0,"offset":772,"checksum":"cb8e2e0315d23b2c40d6dc0418f47500f2aebcf904e8356840e7cb30fe4889e5","bytes":375611}}
{"source":{"wave":773,"partition":0,"offset":773,"checksum":"43a58f50aa647383c9ea42ff66781263bbb6f6f6c38b0a329d2731908d3156ba","bytes":375611}}
{"source":{"wave":774,"partition":0,"offset":774,"checksum":"4af7574f0549b08217e372a15381146ceccfbc87ca08f1f6265db2975a66919f","bytes":375611}}
{"source":{"wave":775,"partition":0,"offset":775,"checksum":"de7d5b9888e53e29365988e308bf09d5b8020cc0c814723fa363dd7fa212a7a7","bytes":375611}}
{"source":{"wave":776,"partition":0,"offset":776,"checksum":"42ec596ed8b232361cbf267a06c6357c7867996c4febe4639771e6de96d7334c","bytes":375611}}
{"source":{"wave":777,"partition":0,"offset":777,"checksum":"c1bf9a3daae89da5704ebbd09513014f65fa8bbb8eda5b9b0c5c2d3b49076c2f","bytes":375611}}
{"source":{"wave":778,"partition":0,"offset":778,"checksum":"ccd609ce19114ce20af84c975c51ea9a215b98a4af16c836f7f4e7003a9a217b","bytes":375611}}
{"source":{"wave":779,"partition":0,"offset":779,"checksum":"64fe1b887acde5fd11079b9af0d6c65a937ac47e19dc57f95dc3174845d17ee0","bytes":375611}}
{"source":{"wave":780,"partition":0,"offset":780,"checksum":"9a8ac863a8671dff559b7e2c7063e0bd2558877b9dc82d4ac40a4f5fc05d9743","bytes":375611}}
{"source":{"wave":781,"partition":0,"offset":781,"checksum":"846ffa0e28f39c18e144168a69ef8c641aacee92557635e988a9c1eaff9b18d4","bytes":375611}}
{"source":{"wave":782,"partition":0,"offset":782,"checksum":"edad4644b8f27cff06037ad089c67fddf9abb2e896fe6a64a375da267af99b91","bytes":375611}}
{"source":{"wave":783,"partition":0,"offset":783,"checksum":"de75f101b6a1258b94680bed5a72cc70def9739bf598e3d5cd579f8b4e9dcc34","bytes":375611}}
{"source":{"wave":784,"partition":0,"offset":784,"checksum":"915b4210a519a1d7aa1cb0107cc171f9607ba427a0274473de376e1a054a0c24","bytes":375611}}
{"source":{"wave":785,"partition":0,"offset":785,"checksum":"222ede8fe4c0e18faf5b7dccee348349269ada06b606a909584a43aaff3d8b1b","bytes":375611}}
{"source":{"wave":786,"partition":0,"offset":786,"checksum":"f9915b13f522ad4816e5384089ef4907ec99993340cda8cc5304981964e70381","bytes":375611}}
{"source":{"wave":787,"partition":0,"offset":787,"checksum":"73c9af141807cff127135c738af4b9e4630a673ebee32c4e8a1e99cc205d886d","bytes":375611}}
{"source":{"wave":788,"partition":0,"offset":788,"checksum":"82c998c739e09f9b39bf0ccd4a72d415c0bfd15388ce906b8c0a3cb03555bff4","bytes":375611}}
{"source":{"wave":789,"partition":0,"offset":789,"checksum":"8380824f1fda464e55278eca5299066630c2f332290bf37d34350daf88b7b6ae","bytes":375611}}
{"source":{"wave":790,"partition":0,"offset":790,"checksum":"9c09fddea30d3ec3e299523c63b0fe3242a84de7565366a8c406559b8f491922","bytes":375611}}
{"source":{"wave":791,"partition":0,"offset":791,"checksum":"0b396dc9f7b4179c8fbf926ddc76fab394099ef72194c8f3727bf52dc8257cfe","bytes":375611}}
{"source":{"wave":792,"partition":0,"offset":792,"checksum":"27eb8b5612e77189ff90217d1a200d17b97a7f6b338c1f2c7fb2fb31292686b4","bytes":375611}}
{"source":{"wave":793,"partition":0,"offset":793,"checksum":"87f0251b0cd210f613da1242410663bd37c33fb3d0e658e5c8eef43b24cf620f","bytes":375611}}
{"source":{"wave":794,"partition":0,"offset":794,"checksum":"bd092be914a5e1172815c8fa080a3be2ffabf4efdaf746e775f98d4ddcb66f6d","bytes":375611}}
{"source":{"wave":795,"partition":0,"offset":795,"checksum":"610fb04985ee25a9d02a890d77b6be14109bd65853fd410753f5a413ad43e6b7","bytes":375611}}
{"source":{"wave":796,"partition":0,"offset":796,"checksum":"00d50a1ede1662a3e8ae7eeebff655246359e67deaef93f9b80faa8099884c21","bytes":375611}}
{"source":{"wave":797,"partition":0,"offset":797,"checksum":"dde326298182180e31f0111025cac470e27c193719dd9c59ab7534a5093757cf","bytes":375611}}
{"source":{"wave":798,"partition":0,"offset":798,"checksum":"ea9407f416beeabcdda634f15dc286608f1350eac2a1b52d9a479a70fe981b31","bytes":375611}}
{"source":{"wave":799,"partition":0,"offset":799,"checksum":"ff3fcd6161a32258e02d806f8600ceee33b5e43ab092d717d3b3f74a8778c95c","bytes":375611}}
{"source":{"wave":800,"partition":0,"offset":800,"checksum":"bebb8d1c9c33b396534ff8c6f4df8383f623695b1a5fd98a6401647fdbd49589","bytes":375611}}
{"source":{"wave":801,"partition":0,"offset":801,"checksum":"4b23015dadeaa5336c9bf921c3d5e34f4bffa9d47881de4dcef648a8dd5ca788","bytes":375611}}
{"source":{"wave":802,"partition":0,"offset":802,"checksum":"bb1120ec448b3bab9da21559127540a8ba59d44da68658e02849cbfc810daea4","bytes":375611}}
{"source":{"wave":803,"partition":0,"offset":803,"checksum":"4e57028dbdf7e19d3518b2f5e04dfec3bd03e3ea747390f2e03ee325de1a6f97","bytes":375611}}
{"source":{"wave":804,"partition":0,"offset":804,"checksum":"1bc760c6109cfcac57725bc84626ea6b56f516b59420563e8ad07438af43caaa","bytes":375611}}
{"source":{"wave":805,"partition":0,"offset":805,"checksum":"1cc29f027ecdc120f6b127a2559e7d8b82cffdfdbdcb79d8ad1ca279c6b521d8","bytes":375611}}
{"source":{"wave":806,"partition":0,"offset":806,"checksum":"ccaff5f5292b82890c8b2ef2523d84d5f770165934084f5a054408a245594a89","bytes":375611}}
{"source":{"wave":807,"partition":0,"offset":807,"checksum":"8bf18cf0a8e8bc34c36ebf01a14ea5c352feafd8677427d85a1c24f30e0b2165","bytes":375611}}
{"source":{"wave":808,"partition":0,"offset":808,"checksum":"c0bd0b1a047daefa3d33b17f4b7bee93fedeef4861f968b0bf8a10def1e66ca7","bytes":375611}}
{"source":{"wave":809,"partition":0,"offset":809,"checksum":"5daa0a39c39766fc1c843e000e03af4e484df77cc95ad05b152cee21340c944f","bytes":375611}}
{"source":{"wave":810,"partition":0,"offset":810,"checksum":"4e61367117ae9255951a9cc4d3b7b275f9ee3b8b2e1231002005c4806377093e","bytes":375611}}
{"source":{"wave":811,"partition":0,"offset":811,"checksum":"5574e65c9cf2e3036af51edf63c328a7dfd332ff47e2afd8de299e12874d706b","bytes":375611}}
{"source":{"wave":812,"partition":0,"offset":812,"checksum":"de289dd31a92e656d6378babedc6c34fd40ffb0fb0768feec7b5ede7980bdc5b","bytes":375611}}
{"source":{"wave":813,"partition":0,"offset":813,"checksum":"73db655c714a6be76269e67d08e220a85a7037c2bf2434d3c03d7388db655150","bytes":375611}}
{"source":{"wave":814,"partition":0,"offset":814,"checksum":"b1ed513e67c9d6f6c1044d5f20ee7271c547d74a7bbc47ea0dd6e13e11e2786f","bytes":375611}}
{"source":{"wave":815,"partition":0,"offset":815,"checksum":"97971d912c305efdfc2532720b6b7c67856b8535a55fb6a250aa9b8da455a60c","bytes":375611}}
{"source":{"wave":816,"partition":0,"offset":816,"checksum":"a7d992a28f3775df0994f437a3d268030308e9b338211642e7da15ebb8139a06","bytes":375611}}
{"source":{"wave":817,"partition":0,"offset":817,"checksum":"46f6eabd96235f8583f6eabbdb2ac0e4f14f46bb97f18bdea4f37ad9cfef0141","bytes":375611}}
{"source":{"wave":818,"partition":0,"offset":818,"checksum":"0cf719a70058fdd9082989f9c6c1b3d7639b2b30660ad4fc12ca6c40dd668c4a","bytes":375611}}
{"source":{"wave":819,"partition":0,"offset":819,"checksum":"deb68a8d830d9760f210dd4f1ecd2732ffd2215e3639891b82a9634bbd59db3d","bytes":375611}}
{"source":{"wave":820,"partition":0,"offset":820,"checksum":"cdc4d4fa403002d6ec9a2181332ba4524964374b91fa33f52f6e8b679935b249","bytes":375611}}
{"source":{"wave":821,"partition":0,"offset":821,"checksum":"02c87d13caa6296308ea79c752f989f063c30158cb26023a91c6fe248bd658cf","bytes":375611}}
{"source":{"wave":822,"partition":0,"offset":822,"checksum":"eb2afad37217c4523c6c39c367ac783f828edb998ee02416889c7a001f609204","bytes":375611}}
{"source":{"wave":823,"partition":0,"offset":823,"checksum":"187042fb266db7c26f1661e124392b88e62931e953e41c6a362e46d6b8a9e63c","bytes":375611}}
{"source":{"wave":824,"partition":0,"offset":824,"checksum":"574e53a80bd933a759fd6ea53cb910378d671433e6fb7798a8fb93ad21b695b9","bytes":375611}}
{"source":{"wave":825,"partition":0,"offset":825,"checksum":"b6c036e2200f02468b4c0ce93c14970fb07d668a243652dcf0dced9b81e1b4b6","bytes":375611}}
{"source":{"wave":826,"partition":0,"offset":826,"checksum":"11f9b74c3630cc37aca8d37f9328d073d491560118e75391f47833a13d931012","bytes":375611}}
{"source":{"wave":827,"partition":0,"offset":827,"checksum":"9d577949ebfd4c5886a2d8b2671a664f331befc8c99f12b6e94aeb03c2873b66","bytes":375611}}
{"source":{"wave":828,"partition":0,"offset":828,"checksum":"0a5dff71777071050e5bc93262abddad8c8f8a8b43294fe7ec5935f59070d704","bytes":375611}}
{"source":{"wave":829,"partition":0,"offset":829,"checksum":"b54d3c619c34feee5822bf7f26dbd67bdb1c10004af8b0273a6944c9df7e4af7","bytes":375611}}
{"source":{"wave":830,"partition":0,"offset":830,"checksum":"7d63f102e435d65b9bd9cf77d9266102ad95ec0a7f54a490782b946bb3f20046","bytes":375611}}
{"source":{"wave":831,"partition":0,"offset":831,"checksum":"86f3ec9b2261d3c3cdaf22fbc3e6088333ab83a77c5a4bb779298cdaaf26bdf1","bytes":375611}}
{"source":{"wave":832,"partition":0,"offset":832,"checksum":"853fdd88565a4859b7218c6f9d5376eba937227e158321fc58e5da2a6b892cc1","bytes":375611}}
{"source":{"wave":833,"partition":0,"offset":833,"checksum":"678e5c8c54d6b40d68f1acdda7c13f4ac589a67dfe1f3bb52cb35da9b4b0c43a","bytes":375611}}
{"source":{"wave":834,"partition":0,"offset":834,"checksum":"fa78c0a6fa0f40865839dd8c327e72ee46fb7d347fd9b5e339bb7405da0ad370","bytes":375611}}
{"source":{"wave":835,"partition":0,"offset":835,"checksum":"d6f2ef30554cf1a9e3ff149607d1f7c3e090f4b12f473125807c064c65c9e8e6","bytes":375611}}
{"source":{"wave":836,"partition":0,"offset":836,"checksum":"f14b135267e6f2cb34a9f2bf403eab99e8a51c429a4348cfaee5c9f40c40d81d","bytes":375611}}
{"source":{"wave":837,"partition":0,"offset":837,"checksum":"97c07816e1b7827a9b36ac41ced671e9a7bd086a8735580ba0626a5231c554ba","bytes":375611}}
{"source":{"wave":838,"partition":0,"offset":838,"checksum":"f470fce26ab3fc2c1e5baf4ba3a8df0827fb517461d1edd1aaf3a81888c2823b","bytes":375611}}
{"source":{"wave":839,"partition":0,"offset":839,"checksum":"1e884458e619f91d614e88d3d37fda3f875eaab38eaf7824a29d2342930aa0d6","bytes":375611}}
{"source":{"wave":840,"partition":0,"offset":840,"checksum":"f1b2fc5401d2c61e064b775369b4a3376a428094c66f0c4a17345e2896872c76","bytes":375611}}
{"source":{"wave":841,"partition":0,"offset":841,"checksum":"aa997379e9ff7213d6772ae226c07975ce0d31dec3e707af387cbb409991a672","bytes":375611}}
{"source":{"wave":842,"partition":0,"offset":842,"checksum":"816c5396114dd1e8cf07ee207d97b829b5c734066260a5f5a31b76a081c75d6a","bytes":375611}}
{"source":{"wave":843,"partition":0,"offset":843,"checksum":"29a2d26d5b828a98401e367ce4e5e1ab7921899077ea508ed10b9650805b6cc7","bytes":375611}}
{"source":{"wave":844,"partition":0,"offset":844,"checksum":"44b90e1c59989c1c07665f42935f3d4380094bf68eecba460a69aa35093d6a3a","bytes":375611}}
{"source":{"wave":845,"partition":0,"offset":845,"checksum":"1bc011c2e7888984558a28c1c074e83455ee489bcbb9a06600ac3ef89514c79b","bytes":375611}}
{"source":{"wave":846,"partition":0,"offset":846,"checksum":"64099b6ad5bf709b71bfa21110959e4c536f08b66ca3b85233f03a4179a2227a","bytes":375611}}
{"source":{"wave":847,"partition":0,"offset":847,"checksum":"28279e91f9e938d700629a6928df46bb9b86f2dadf006f724e152d69eabd75bc","bytes":375611}}
{"source":{"wave":848,"partition":0,"offset":848,"checksum":"cca26c0c3d3922fc2d3624074c3b81fa36e9a86030dc47e2becc6bab2849210d","bytes":375611}}
{"source":{"wave":849,"partition":0,"offset":849,"checksum":"a33cdfef0c6a2865d9ab1ba1a0f67e1ea21a62104a1494274d3a870aaa01f3aa","bytes":375611}}
{"source":{"wave":850,"partition":0,"offset":850,"checksum":"0a564cce76bc91ff68a8c8454281b3c14b5340ceb10f9da4ceff2b1a4f6fcbb2","bytes":375611}}
{"source":{"wave":851,"partition":0,"offset":851,"checksum":"41357664318d493e493e1f70ca0cd433d450b9b9f0e3613eaf5ff2cfc5c3670a","bytes":375611}}
{"source":{"wave":852,"partition":0,"offset":852,"checksum":"656005dbf361fcbbf7381035751bb9529d8044494e80ca6d9851a12cd0200b29","bytes":375611}}
{"source":{"wave":853,"partition":0,"offset":853,"checksum":"4ea9655c16eb71e15e6693f90ea32ec92d402947a4df2ce81b34f55d46a8bc43","bytes":375611}}
{"source":{"wave":854,"partition":0,"offset":854,"checksum":"0a1fa2064184d76b2ab45d3a1e4d0189c343022d2f180d0dea59969ddda8eda3","bytes":375611}}
{"source":{"wave":855,"partition":0,"offset":855,"checksum":"ea5eb851878d090629b1dd8fa2e93c1a3719f442bcebbddd745ba67737786261","bytes":375611}}
{"source":{"wave":856,"partition":0,"offset":856,"checksum":"8050c585f1134cbfb553ed491f3e8c92b04cdcbc93aaccc354e2680e356d58ce","bytes":375611}}
{"source":{"wave":857,"partition":0,"offset":857,"checksum":"8201932e1806be17eeffc59448e185b447345fb9b5291cdac65cc01b8ddf9a0c","bytes":375611}}
{"source":{"wave":858,"partition":0,"offset":858,"checksum":"9a0c92f319a1cfcfc1dbc390ea7387e0489fdcbb1da6f08205de0547259f7ef2","bytes":375611}}
{"source":{"wave":859,"partition":0,"offset":859,"checksum":"190c5fae722cbedd6aa6662ce30924b58df99ef300097459f9849129af9c6c33","bytes":375611}}
{"source":{"wave":860,"partition":0,"offset":860,"checksum":"07150aa250ebcfc3352ad8117ac0d7ae0843ca8398eda75dc1662cde473e18e5","bytes":375611}}
{"source":{"wave":861,"partition":0,"offset":861,"checksum":"c81de0599c013f5df1f94c268a43d26c32baacdb4518491b263a40866d43e0ed","bytes":375611}}
{"source":{"wave":862,"partition":0,"offset":862,"checksum":"65d00af2ba520dbf07f7de429b0fa2191a9f09fd56f892468169fbe737ac9835","bytes":375611}}
{"source":{"wave":863,"partition":0,"offset":863,"checksum":"b65e0c354cb3b73fc9d874e5bffc4b12a3a9171f31b73a7cb533e4c16d6a2eb4","bytes":375611}}
{"source":{"wave":864,"partition":0,"offset":864,"checksum":"42d8f04ab20f24c9804ac470c9e4935529e98d7e418a23600f587c4080c4c9cf","bytes":375611}}
{"source":{"wave":865,"partition":0,"offset":865,"checksum":"5479c31c6bc9bb6aa4bf23136e5f186aa894beb6f099a205495125f06d7bd564","bytes":375611}}
{"source":{"wave":866,"partition":0,"offset":866,"checksum":"55eafdfd6f835804f40c2f360b0fbfbc3ce5b279cbd5642568ec96ac5bcc6104","bytes":375611}}
{"source":{"wave":867,"partition":0,"offset":867,"checksum":"8ce58d210c4ee9260c5e1d20ab097551e60592e5a7b98f8e7d8c60674de47c4b","bytes":375611}}
{"source":{"wave":868,"partition":0,"offset":868,"checksum":"142b5a6cef5db078e682500d0c6deec3f930e76fd98d3edf0b8d3652d9d89c1d","bytes":375611}}
{"source":{"wave":869,"partition":0,"offset":869,"checksum":"f27ad22affe7f7aed6cdf8ccb3e9bc6d2a823fa1f855580ead0b170a90a55b14","bytes":375611}}
{"source":{"wave":870,"partition":0,"offset":870,"checksum":"343e765e911a971a98c7e1210ea13d400a27af4927f3c0f80c8f112f581f25e2","bytes":375611}}
{"source":{"wave":871,"partition":0,"offset":871,"checksum":"57aa3b8645d0677cd9b5f24be33b2181cec910827af462c01aba94166cfd8ed5","bytes":375611}}
{"source":{"wave":872,"partition":0,"offset":872,"checksum":"72e86504f9af26206b761ad339adb761cd28a40dfdb31192338af120b1045ff7","bytes":375611}}
{"source":{"wave":873,"partition":0,"offset":873,"checksum":"1b478567a2d9b369f05f553627634c540d367e7af8bc5f5c4e58ea90d79c6d6d","bytes":375611}}
{"source":{"wave":874,"partition":0,"offset":874,"checksum":"33270e7c313f9f05c728007f7d7f11a22cdfe5b1745bf0ba211bc07993e2a13b","bytes":375611}}
{"source":{"wave":875,"partition":0,"offset":875,"checksum":"418c3153b050033ff603db42b9ba54c9d7ca56a8e20972a0fcfa2d1e4e3d58d3","bytes":375611}}
{"source":{"wave":876,"partition":0,"offset":876,"checksum":"ba02fa6b837a02bd15149d678b8127d3168692f8d205a67ff4e2c3f90de02c42","bytes":375611}}
{"source":{"wave":877,"partition":0,"offset":877,"checksum":"dd647ef4e1df7708de92b2579069a6e40daf25bde134832a10d5bb7a1a13a005","bytes":375611}}
{"source":{"wave":878,"partition":0,"offset":878,"checksum":"1077cb760f8d0dd052df46e73462e607e1fb5d1b73aaae333a962b6d5d4f4120","bytes":375611}}
{"source":{"wave":879,"partition":0,"offset":879,"checksum":"84f450787b6b2ac58828a5e551a1a58ad03fcfe3558c9adf579248d281f64899","bytes":375611}}
{"source":{"wave":880,"partition":0,"offset":880,"checksum":"95d3e5a360ca9fbc00e45df918f726287539e0f3decd3f09610e943702d282d0","bytes":375611}}
{"source":{"wave":881,"partition":0,"offset":881,"checksum":"78aad353a48ac346a275da4ff8e8ec773b334b2e7b9091f6288c5218441e7a89","bytes":375611}}
{"source":{"wave":882,"partition":0,"offset":882,"checksum":"3531f332a13f6eadc804d5d123d92a2c6ead188dca10ee295cd90147d4ee5b6c","bytes":375611}}
{"source":{"wave":883,"partition":0,"offset":883,"checksum":"8da4868cf449de3b5bdb1b525a86f6ef80900a75d5c1b91d29d15278617c3adc","bytes":375611}}
{"source":{"wave":884,"partition":0,"offset":884,"checksum":"f0284eb61c857e087d053c22b06e0edc5855bb170660fd76cf54f62686cc65ee","bytes":375611}}
{"source":{"wave":885,"partition":0,"offset":885,"checksum":"69420635376f018b42453eb1323e4274d8bd0478300c45dfba761e0a84bc229c","bytes":375611}}
{"source":{"wave":886,"partition":0,"offset":886,"checksum":"29c8b272874127cc9854d7670536e96962d9f3222f20243c34a43a4876fa11ce","bytes":375611}}
{"source":{"wave":887,"partition":0,"offset":887,"checksum":"95ae172048b960037ee8231c46e5f1b89dcb28b437b37516b2518e22f1cd6394","bytes":375611}}
{"source":{"wave":888,"partition":0,"offset":888,"checksum":"051e20441d80965df125787e81e5545fa8db3c2795064b874c670f83a4f39893","bytes":375611}}
{"source":{"wave":889,"partition":0,"offset":889,"checksum":"ec7a874d7d70fdafe9c93db072f13df237bf90b4eae59286dddcb83aad69a46d","bytes":375611}}
{"source":{"wave":890,"partition":0,"offset":890,"checksum":"baa2928d1609df151af589ce4f6d5b77dcb52973b9b0b4bb51d0becca8445249","bytes":375611}}
{"source":{"wave":891,"partition":0,"offset":891,"checksum":"6664341b971cfae95f3311ee7768d96046f138cc211e4daf6e2289f95ebdd0eb","bytes":375611}}
{"source":{"wave":892,"partition":0,"offset":892,"checksum":"eff6c2db13a41e22d19ad4ec5a309c5a412fa6b0104c2637eaa2d0d3812089f9","bytes":375611}}
{"source":{"wave":893,"partition":0,"offset":893,"checksum":"f06a9baa01e4dbec13e496561b1c41689b8231d4af8937b27ae138299dbf726a","bytes":375611}}
{"source":{"wave":894,"partition":0,"offset":894,"checksum":"223e8486a94de39f786dd4c59e5b7d5e9359b4c1065be6e41054645a9cbd965c","bytes":375611}}
{"source":{"wave":895,"partition":0,"offset":895,"checksum":"41552a7bb5d82bdbadd255d991b1ad6acb2d24183b979bdc5636c64e59c2d1dc","bytes":375611}}
{"source":{"wave":896,"partition":0,"offset":896,"checksum":"0e5c8d7a07e439d9aabcf12e071653618e48f7d42697eee3b585a60d18437284","bytes":375611}}
{"source":{"wave":897,"partition":0,"offset":897,"checksum":"c55f3f7d362ed55ec61e39370fe3491e05910d54aea83f73d88aba7e2d3fa5e6","bytes":375611}}
{"source":{"wave":898,"partition":0,"offset":898,"checksum":"336cc98f21ee210dc4d4e1688c6bc9f4570153f54d7e4deb15a4a2124c3d9f0c","bytes":375611}}
{"source":{"wave":899,"partition":0,"offset":899,"checksum":"9571720475c607b93c006f220b0f774c4f12f5f512d5de9138ccc5bafd6210cb","bytes":375611}}
{"source":{"wave":900,"partition":0,"offset":900,"checksum":"64dab2fcc467cd3c914eee551dbd0aeca3248ba8eef33564b13cf9d74b61da26","bytes":375611}}
{"source":{"wave":901,"partition":0,"offset":901,"checksum":"4d4711d1b5cb84b4babc6febe353c389928d18bd0f32043489212e336907001a","bytes":375611}}
{"source":{"wave":902,"partition":0,"offset":902,"checksum":"fc6e4533ff06acff742f143253abf8b255843c4bcfc98ea58638295ce66672c4","bytes":375611}}
{"source":{"wave":903,"partition":0,"offset":903,"checksum":"59a46d9323ffd55f7aa82fe3992126f0c1aff20d6c49cbb5b49a0e75f43b9975","bytes":375611}}
{"source":{"wave":904,"partition":0,"offset":904,"checksum":"06cd3cb827a1ff14819114e9cd78c1cfd0cb6ff9a8db8c58837b06f32aaa6291","bytes":375611}}
{"source":{"wave":905,"partition":0,"offset":905,"checksum":"662f6b1bd7ec7e69bc07bbfc70c15d3be0bf8b0f7d0fc0c646433fd54c366b09","bytes":375611}}
{"source":{"wave":906,"partition":0,"offset":906,"checksum":"0e99e714265f0dcab3b3533074c70b8054afbde844a4a81c92fddcbf9df5458b","bytes":375611}}
{"source":{"wave":907,"partition":0,"offset":907,"checksum":"61c705508f2737883e2af345170418a5201a0e6fd2535df3c006b564ab726362","bytes":375611}}
{"source":{"wave":908,"partition":0,"offset":908,"checksum":"a70604b19c4a11cf7d0a40b45660f93fadd1cb773f6c01ff84f9affe8f097d57","bytes":375611}}
{"source":{"wave":909,"partition":0,"offset":909,"checksum":"4e4ed033324dcad43dfe8bc49abe5476f31492f7c63caa3cb0b6e6ae1fa12a9b","bytes":375611}}
{"source":{"wave":910,"partition":0,"offset":910,"checksum":"80f34a9a91c49e4f016b1e15a1b68ac74b4e8bbda6c6fb4fc39714a17746d6d6","bytes":375611}}
{"source":{"wave":911,"partition":0,"offset":911,"checksum":"8480f3eb01329be9a90abfc29600b35fc92d061ccd96f33f6a5b3285cf1bd4cc","bytes":375611}}
{"source":{"wave":912,"partition":0,"offset":912,"checksum":"5ab154f9c8444412841cb029d300dec2a7f55a0c49d1c5db4ca65d6964324387","bytes":375611}}
{"source":{"wave":913,"partition":0,"offset":913,"checksum":"cee5ade891816c557962e9b8bea6473db9e3f92f29eb229a833ca9d58d0b0fe9","bytes":375611}}
{"source":{"wave":914,"partition":0,"offset":914,"checksum":"202da9b6fe783642f32a888c82e05e9eff34744444a635f5696d95d272b05d30","bytes":375611}}
{"source":{"wave":915,"partition":0,"offset":915,"checksum":"2f59ad73f12b345c9889ebd211d1a79c4167b9b9d56754215d8eb9ac5aea4c40","bytes":375611}}
{"source":{"wave":916,"partition":0,"offset":916,"checksum":"81a89e5f4dd190d0007a103ed8fc1de386b0a4fdd0292dca579251cfe9f3e78d","bytes":375611}}
{"source":{"wave":917,"partition":0,"offset":917,"checksum":"e510413c78eae236b301b3f9be4567a22b23cfbc3d83a558f86c7a725bbfa09c","bytes":375611}}
{"source":{"wave":918,"partition":0,"offset":918,"checksum":"29c72e51175b30b32f5a11242c36c4f5d0046f78ca17b4f7d6d0dc5192061ef1","bytes":375611}}
{"source":{"wave":919,"partition":0,"offset":919,"checksum":"ec8e876c9b6051c570b074728392297ebf48761a17ea52b4480eadbd5b44cc9e","bytes":375611}}
{"source":{"wave":920,"partition":0,"offset":920,"checksum":"4c8f4f6efca49386af5e3e75c5c8a617082a23da7ebd2bf96ba497e3e41f510c","bytes":375611}}
{"source":{"wave":921,"partition":0,"offset":921,"checksum":"344299662e7dc845cb748a6291eb883355992453aecf86a61e7d2ab0995cb7bd","bytes":375611}}
{"source":{"wave":922,"partition":0,"offset":922,"checksum":"610b4c6d026f95d0a508b5b10ea7ee10d616f4a0e2c52a4da979aaec6c138215","bytes":375611}}
{"source":{"wave":923,"partition":0,"offset":923,"checksum":"17e4821c01bdce7fcc1c820ddee29e652cb03dd03a5ad5a76294e4a3cbb05381","bytes":375611}}
{"source":{"wave":924,"partition":0,"offset":924,"checksum":"47e84019c4a9105d42a2c83f5f397092b4b2e94f78c5ba9805f3ab086433ae17","bytes":375611}}
{"source":{"wave":925,"partition":0,"offset":925,"checksum":"763580177f3df03817a4942c3a2c5375dd167c4b86bba37d9b5c322df5afd2a1","bytes":375611}}
{"source":{"wave":926,"partition":0,"offset":926,"checksum":"22f8277ad49e21e848deb9b954f2f4e1290f50bfb1c829fd3f95a3f86d2f62fb","bytes":375611}}
{"source":{"wave":927,"partition":0,"offset":927,"checksum":"0632f82bc15243d3d06fcad5165fe26d340126c1c6de17e26b9df8dd22c39333","bytes":375611}}
{"source":{"wave":928,"partition":0,"offset":928,"checksum":"355527665d1177971bf6b66db04bf5082d9c5bac70a77bd99863cf6b8d12a338","bytes":375611}}
{"source":{"wave":929,"partition":0,"offset":929,"checksum":"f37d396109cfdf4b356f3c02b280f38700ebf0cf68d43e64684ee8d551f967f5","bytes":375611}}
{"source":{"wave":930,"partition":0,"offset":930,"checksum":"230dad26c4f58b9d01064bc1df09a4048b2c6f3fb0b9f61fdb0852f5420da150","bytes":375611}}
{"source":{"wave":931,"partition":0,"offset":931,"checksum":"f1f7cb8cd31103e1b90b20ad922a32e53dcf5c0063390e97df2ff85bdaca04fa","bytes":375611}}
{"source":{"wave":932,"partition":0,"offset":932,"checksum":"cc94e52dfe293386217c1f350b57d576aaa8dbd3d7c4985dc250b2d39e7139c8","bytes":375611}}
{"source":{"wave":933,"partition":0,"offset":933,"checksum":"c18595e03464586937c009ede6c527c63c0d4c6b07fe2b5cfc4c1148281323df","bytes":375611}}
{"source":{"wave":934,"partition":0,"offset":934,"checksum":"859506470feb3f5a66b7cd32b9a429b53cf429c9b60a8891db35c115cc8e3595","bytes":375611}}
{"source":{"wave":935,"partition":0,"offset":935,"checksum":"7a63bdf3622bb83db488264f83ff4aac118cf54dab8eb1527cdf582946eaa22f","bytes":375611}}
{"source":{"wave":936,"partition":0,"offset":936,"checksum":"a3d69453f0e416e4739b86a1365bfa60ac6c1533e91bb791c7f64296ff4ec52e","bytes":375611}}
{"source":{"wave":937,"partition":0,"offset":937,"checksum":"b98f90cc676b2c5126eae3ea78b0b80a41103899cdebfdb4d662c06504c0147f","bytes":375611}}
{"source":{"wave":938,"partition":0,"offset":938,"checksum":"5a0d1befff5755304ba6d3a82cca5b7f73fe9433cdc18f00f3dcc3db249ef6aa","bytes":375611}}
{"source":{"wave":939,"partition":0,"offset":939,"checksum":"7a975522be91393d2df276dd97dff5de714a40e83a684d5a850df8c22dce0a90","bytes":375611}}
{"source":{"wave":940,"partition":0,"offset":940,"checksum":"3d5b6e2acb04a363af47c3929a818096a4e5597a9a66933e8e22a5e75cff54ae","bytes":375611}}
{"source":{"wave":941,"partition":0,"offset":941,"checksum":"25d8187d8677eaa8ae4366dc1a257013f48f261a5edbd130030541873f381186","bytes":375611}}
{"source":{"wave":942,"partition":0,"offset":942,"checksum":"ae55d3eb27464ca00ef626c27b85d9d9651254634dd3c6f8059459191a121dd7","bytes":375611}}
{"source":{"wave":943,"partition":0,"offset":943,"checksum":"c89c88ee63d0594f06e28f6f4e52820cab0b700cf9d219eb9f144c43b226472d","bytes":375611}}
{"source":{"wave":944,"partition":0,"offset":944,"checksum":"d04a26af95510444a545a1144a3e98b01ae76a60ae1f7a69b482f7f48fa4066b","bytes":375611}}
{"source":{"wave":945,"partition":0,"offset":945,"checksum":"c807749d363c917d72b2fac5f0ff8650e3a30eb87c3acccb4152624652f9f218","bytes":375611}}
{"source":{"wave":946,"partition":0,"offset":946,"checksum":"f37d26a9c3d41f3dab8e195664e2e14e5ac4fd3dc408d51c166e81f4dff81a49","bytes":375611}}
{"source":{"wave":947,"partition":0,"offset":947,"checksum":"bb561619a8720741071cdd4c9de289b6c6f1acb0aba91c3795016f6993090676","bytes":375611}}
{"source":{"wave":948,"partition":0,"offset":948,"checksum":"69d1cf8b137d1b4475a85dfdc42dbebe791df0f4468937c6c642a455ea9d716d","bytes":375611}}
{"source":{"wave":949,"partition":0,"offset":949,"checksum":"07eb46de2e9928fe4736c81d09ea13847f25ce7d52b919392c13f2b1e6cd990a","bytes":375611}}
{"source":{"wave":950,"partition":0,"offset":950,"checksum":"53ce566e12de707719da836955c718d4642d961b9dd4694e07d45bdc66a1e622","bytes":375611}}
{"source":{"wave":951,"partition":0,"offset":951,"checksum":"6efb67cb732efcccd098819a07cd293c30fb6ded12e7a7fd1be5da39daa1b2bc","bytes":375611}}
{"source":{"wave":952,"partition":0,"offset":952,"checksum":"71be80ec62c730110d364771337ee088f693734a9b3aebbb275a6ca1e064cd6c","bytes":375611}}
{"source":{"wave":953,"partition":0,"offset":953,"checksum":"bf22f97750ad3d4c1b0287122b215ad1d99ab8e254d84761a05001f6982ac759","bytes":375611}}
{"source":{"wave":954,"partition":0,"offset":954,"checksum":"61517fd91325048cacd494bae1d76efba0631ad02e77eed0ccedd1d131de80e3","bytes":375611}}
{"source":{"wave":955,"partition":0,"offset":955,"checksum":"800c08cab54e5fca6119ff3dbe14af237b75acb08fd96e51065d23a065b66cb0","bytes":375611}}
{"source":{"wave":956,"partition":0,"offset":956,"checksum":"bb707b90ee57e012ef0b88e99a3366445e1849e7c7dacaf82bbe14933e9df4fa","bytes":375611}}
{"source":{"wave":957,"partition":0,"offset":957,"checksum":"97eca319c525a4ad377cb7328e62ddbb9ea06af13af6f03b77bacfb24d13b107","bytes":375611}}
{"source":{"wave":958,"partition":0,"offset":958,"checksum":"e49798a8d720b37f5a521a19b416f7b4000b161cae3f3dede38d9d53f99612fe","bytes":375611}}
{"source":{"wave":959,"partition":0,"offset":959,"checksum":"0eb7f0a4af9be4b081c6d62e4639914afafbb1a1750ad06428fa061d31be6008","bytes":375611}}
{"source":{"wave":960,"partition":0,"offset":960,"checksum":"7f47c52c49abce553336445ddf03af33977366cc64584e7aad2d0837e387698d","bytes":375611}}
{"source":{"wave":961,"partition":0,"offset":961,"checksum":"f5a41c9e9a8ecc2134f2d2fdd36dc9dce5d7ac23e586b8828c0ceab61e923171","bytes":375611}}
{"source":{"wave":962,"partition":0,"offset":962,"checksum":"137b096a256a181ff6b0d378401ee49ca2b2a364446bbec2a6b5a7b73f968c48","bytes":375611}}
{"source":{"wave":963,"partition":0,"offset":963,"checksum":"a85dde349562e58aaabd33845d26452c1d01274c9723a93d9042ffe322f2f2cc","bytes":375611}}
{"source":{"wave":964,"partition":0,"offset":964,"checksum":"8ad84226ea5ff0c65ec727e41aac1370e892da584954aba097dba234bbac32d0","bytes":375611}}
{"source":{"wave":965,"partition":0,"offset":965,"checksum":"b56e0e9210bbde17e931e8d6cc66089489932a35cc3a84cefe301d8c3a4c22c6","bytes":375611}}
{"source":{"wave":966,"partition":0,"offset":966,"checksum":"147883c58b0186003385cb6ad1b76cbc4f4f810109a20f3d479731bf127ae7e7","bytes":375611}}
{"source":{"wave":967,"partition":0,"offset":967,"checksum":"facbb3f68d0b361c3e98c88ee44c9a4614cb0e2143bed2abde1931471b95624f","bytes":375611}}
{"source":{"wave":968,"partition":0,"offset":968,"checksum":"ae4be353609bb843d27ffeb0a9e2059015acf29d9e43da6328c9f2e97bef659b","bytes":375611}}
{"source":{"wave":969,"partition":0,"offset":969,"checksum":"46da169680ed5abdabeadff71f39df910ce16f1139b626af214777ce24f1c265","bytes":375611}}
{"source":{"wave":970,"partition":0,"offset":970,"checksum":"8a1a75e893a1d406dcacd2773fa76a13bfee3c9dff604aa92b9dee7632e7deb5","bytes":375611}}
{"source":{"wave":971,"partition":0,"offset":971,"checksum":"af10abbf5f6bc9f97adf09a03764c08d6b849b4d2f6c25778f2b880a01b4f0e2","bytes":375611}}
{"source":{"wave":972,"partition":0,"offset":972,"checksum":"ad8b89ae0120614900eaf32ab72a2d27cb07424d431ac3fcfc0d8fd3cc2bb0de","bytes":375611}}
{"source":{"wave":973,"partition":0,"offset":973,"checksum":"c66c5f3aff736ad7d03558564b69c5c7c017f79664d7bbf824031094b3dfb31e","bytes":375611}}
{"source":{"wave":974,"partition":0,"offset":974,"checksum":"f6c372d5d449b58de404d5af66cfa8ef75f4338df4ccbc229119eed6ce3f00a2","bytes":375611}}
{"source":{"wave":975,"partition":0,"offset":975,"checksum":"44cd87650d9ab2b80df5c9d5f1041c13d214858ca31b46bcdd2e2955fd47bfa0","bytes":375611}}
{"source":{"wave":976,"partition":0,"offset":976,"checksum":"7a5298e35bda65c0dd65b5c6e213084e4282cb5f1c886dc159bb42975de4ac77","bytes":375611}}
{"source":{"wave":977,"partition":0,"offset":977,"checksum":"e6ee79f1a307fa935ebee97b3d4df4ad2daa34c115be00fcd81b84f91a5705a3","bytes":375611}}
{"source":{"wave":978,"partition":0,"offset":978,"checksum":"ddd328f89fadcfc663f3fd4359e2069a91bd833c4ace33c9d93b08254e185cd6","bytes":375611}}
{"source":{"wave":979,"partition":0,"offset":979,"checksum":"b9c16439e6dfdb7142d3987ba529c9717aadd73114716e3725fc4ad3a39b8ead","bytes":375611}}
{"source":{"wave":980,"partition":0,"offset":980,"checksum":"85fe85f792a8fdac766de9a4c079a7aaba9b21d1ec53098a02c70663df2b154a","bytes":375611}}
{"source":{"wave":981,"partition":0,"offset":981,"checksum":"c9b0372f0d64e1cf78c75aea2f1241b59797eb4e4e0fadf48119871fc0a62dde","bytes":375611}}
{"source":{"wave":982,"partition":0,"offset":982,"checksum":"16b461db07bb567b05b63ac0990e5446032be43cf349b25b79df70c90a5678de","bytes":375611}}
{"source":{"wave":983,"partition":0,"offset":983,"checksum":"7cecf124aad2eb8fa3f546fd168c0bc2261fe5802f1cda7519e7f6f1c48b5a5d","bytes":375611}}
{"source":{"wave":984,"partition":0,"offset":984,"checksum":"c5e302dda585cd45fdc7eb635134683bac27695e5f948303d4ae28d2f3655c82","bytes":375611}}
{"source":{"wave":985,"partition":0,"offset":985,"checksum":"258421edb62b578749521f7491ceaa5e8453c50a31e75d7c0ad38fb9777c7e80","bytes":375611}}
{"source":{"wave":986,"partition":0,"offset":986,"checksum":"905893f0d32be3ae44c551540648c0f9a5c388f60c2fcb548d147ba02f213ecf","bytes":375611}}
{"source":{"wave":987,"partition":0,"offset":987,"checksum":"1d380e3e7d3699408063a7e354fb9c617889c292a459fe0d23a4a9c5c82a2f83","bytes":375611}}
{"source":{"wave":988,"partition":0,"offset":988,"checksum":"6fd29652ffed95bbdc45d2f371b5ac3667a4fe487ca75b03b8a8943aaccd5815","bytes":375611}}
{"source":{"wave":989,"partition":0,"offset":989,"checksum":"2b0e53729fd924930b862be62997524eddd39bc3848dea63130e867b1568ff40","bytes":375611}}
{"source":{"wave":990,"partition":0,"offset":990,"checksum":"84860399e2aeac9b8791d57349f280f7582d286d7559d0af7d315b3528cd3f14","bytes":375611}}
{"source":{"wave":991,"partition":0,"offset":991,"checksum":"f29c3389ff076b8649c831a48a68930ca437a34cc529f2e78f236bc167e1f08d","bytes":375611}}
{"source":{"wave":992,"partition":0,"offset":992,"checksum":"dad1a0427ea256873d7b9fd71f96680d9b045ec05dd6b26e0cee9a2047331551","bytes":375611}}
{"source":{"wave":993,"partition":0,"offset":993,"checksum":"582ccddabc025eefbd8c8bca8d8d31a51fe3b614558363df217176b9f136ec33","bytes":375611}}
{"source":{"wave":994,"partition":0,"offset":994,"checksum":"0b887acc70451ad4ae4ecd8b45daf92d8a33eda9495e0b1a67528b1f88aa9f1e","bytes":375611}}
{"source":{"wave":995,"partition":0,"offset":995,"checksum":"2cd2a80bf2b3838c3b16cab89bc2dca722083ca924a4ccd01ee3ca5481bdbf96","bytes":375611}}
{"source":{"wave":996,"partition":0,"offset":996,"checksum":"9522e6b9172145d39cd951994d690813cec543831353bfde010a58cc43ae402d","bytes":375611}}
{"source":{"wave":997,"partition":0,"offset":997,"checksum":"d8708bb9717b420ddcfddd49294dd9e76c31608d85b33d480068d6ff5103a13d","bytes":375611}}
{"source":{"wave":998,"partition":0,"offset":998,"checksum":"78a4cfea7b8b80555cca73bf48f628678c02d9640f009c06322a7c3edcbf0844","bytes":375611}}
{"source":{"wave":999,"partition":0,"offset":999,"checksum":"31952e5dbcf5e67abd8acfcdf3a402e34449b1ad22ad6cfb8f5fb784360e2642","bytes":375611}}
{"startedEpochMs":1790819844001,"paceWavesPerSecond":0,"waves":1000,"trades":100000,"bytes":375157676,"elapsedMs":10375}
SLF4J(W): No SLF4J providers were found.
SLF4J(W): Defaulting to no-operation (NOP) logger implementation
SLF4J(W): See https://www.slf4j.org/codes.html#noProviders for further details.

{"mode":"measure","prefix":"p2-cap-e1255d3f-hot","args":[100000,120000],"code":0}
OBSERVER_READY
{"window":{"elapsedMs":5003,"records":27190,"rate":5434.348706752462}}
{"window":{"elapsedMs":10046,"records":84151,"rate":11294.841477667247}}
{"result":{"startedEpochMs":1790819854974,"expected":100000,"records":100000,"unique":100000,"duplicates":0,"identityChecks":true,"outputBytes":209455000,"elapsedMs":11759,"activeMs":9491,"durableRate":10535.254998808115,"pass":true,"windows":[{"elapsedMs":5003,"records":27190,"rate":5434.348706752462},{"elapsedMs":10046,"records":84151,"rate":11294.841477667247}]}}
SLF4J(W): No SLF4J providers were found.
SLF4J(W): Defaulting to no-operation (NOP) logger implementation
SLF4J(W): See https://www.slf4j.org/codes.html#noProviders for further details.

{"mode":"paired-oracle","prefix":"p2-cap-e1255d3f-hot","args":[100000],"code":0}
{"result":{"sourceTopicId":"XvJYTuNiSMCiEQ2BGRxKlQ","partitionSha256":{"0":"9b3eabd58edf59dadb3904d730a412a9063ca01dd3060a77c659ffebde8b8edb"},"records":100000,"expected":100000,"fullFactParity":true,"orderedUnique":true,"pass":true}}
SLF4J(W): No SLF4J providers were found.
SLF4J(W): Defaulting to no-operation (NOP) logger implementation
SLF4J(W): See https://www.slf4j.org/codes.html#noProviders for further details.

