{"mode":"init","prefix":"p2-cap-a8ded376-hot","args":[],"code":0}
SLF4J(W): No SLF4J providers were found.
SLF4J(W): Defaulting to no-operation (NOP) logger implementation
SLF4J(W): See https://www.slf4j.org/codes.html#noProviders for further details.

{"mode":"paired-seed","prefix":"p2-cap-a8ded376-hot","args":[1000,"hot"],"code":0}
{"source":{"wave":0,"partition":0,"offset":0,"checksum":"a53f85e990e7984023168571563a01c18828eecc2fe0e7d2fc67a98951407cf8","bytes":368693}}
{"source":{"wave":1,"partition":0,"offset":1,"checksum":"5824ce2a3a8c4309ccefcb712c98bdc833640830a445baff36cbd2de3de4dad1","bytes":368803}}
{"source":{"wave":2,"partition":0,"offset":2,"checksum":"06a04866aa0b47438ded6aed1621a1a5968d45217ca5c9376fb4b5f19a6f386b","bytes":368803}}
{"source":{"wave":3,"partition":0,"offset":3,"checksum":"fe9dc40808cfc111117e2ef4359f0eeca3a6c8f388812705fc94a24afedd6cee","bytes":368803}}
{"source":{"wave":4,"partition":0,"offset":4,"checksum":"de079b14ecdb9949dad29cdfb89d58f1e7a2f5114b0d7c8cf6fec1eb44f74d14","bytes":368805}}
{"source":{"wave":5,"partition":0,"offset":5,"checksum":"ee5dd2bcf172b1dfff02a93e0276a0fbf15257eca9c984b0d5d768eea53d3fb1","bytes":369005}}
{"source":{"wave":6,"partition":0,"offset":6,"checksum":"a27404ced9fac83e5d6faa8fc5e16d51af136ffed596a2d71d9035d47e2ad3d4","bytes":369005}}
{"source":{"wave":7,"partition":0,"offset":7,"checksum":"085d0b9bef2fd529032c678e62ed57ac8c3bf56d5954d798d736260ff81d885a","bytes":369005}}
{"source":{"wave":8,"partition":0,"offset":8,"checksum":"6d749b2d485c4267731b9ef78fb52e43dc5a0a3b841b7191e1ba3737a90d6ac0","bytes":369005}}
{"source":{"wave":9,"partition":0,"offset":9,"checksum":"b84eddb7144d06b3700251f81b32a241e2945333fe7e82743c4a981518666b67","bytes":369005}}
{"source":{"wave":10,"partition":0,"offset":10,"checksum":"eedffdbf66d5fd6bf201f33e0c052c03a7f811cfc0033f2c8839903bc50cf607","bytes":372106}}
{"source":{"wave":11,"partition":0,"offset":11,"checksum":"053bd8e1f5baa314e9700f310e0c3fa6f180ddcacba640cd02d0a88ff92bec65","bytes":372106}}
{"source":{"wave":12,"partition":0,"offset":12,"checksum":"4b399e75901ff8e11db4d7dd82fd82e1b72bd48f9b6f2c7ecda75c0f8d22313c","bytes":372106}}
{"source":{"wave":13,"partition":0,"offset":13,"checksum":"a8892d1937e65ed6e27a78c64ccfc80c1d3602846153c19e4fe00bd40a5a6158","bytes":372106}}
{"source":{"wave":14,"partition":0,"offset":14,"checksum":"abd8c4716b1629ae0b96e41c08c1625b81f892aafd13fbb7084548348b152070","bytes":372106}}
{"source":{"wave":15,"partition":0,"offset":15,"checksum":"5294de82e0b7d92ebf426563a77742bf7100277ccecb2fdc9187c0709938654d","bytes":372106}}
{"source":{"wave":16,"partition":0,"offset":16,"checksum":"374b46e5124ee88d780f3021d658b45b7e0f4ac680a8dd9d4f5383796035c98c","bytes":372106}}
{"source":{"wave":17,"partition":0,"offset":17,"checksum":"3475dc9353c87f0bdda97303a5cda81b28f3770591b15b9f8eb75e2a071ba176","bytes":372106}}
{"source":{"wave":18,"partition":0,"offset":18,"checksum":"3873dcd92fe1902587d0de8ce942e5c3224d9283ee12a20b4618f8a15d28a705","bytes":372106}}
{"source":{"wave":19,"partition":0,"offset":19,"checksum":"01f9b82a79d11299b0486b5a1534b0e8db28ad32c6714e518c8927e086ddd0b7","bytes":372106}}
{"source":{"wave":20,"partition":0,"offset":20,"checksum":"43ccbc1366605defd860ddef48c96f1252e07b0437920288e0819ffd45832599","bytes":372106}}
{"source":{"wave":21,"partition":0,"offset":21,"checksum":"c5700fa32a5f4196d10f02b80b50abe9823a9604919e0fca947a879367276525","bytes":372106}}
{"source":{"wave":22,"partition":0,"offset":22,"checksum":"692a5c5448c8dc109f953ee0088153844ff63e9b298b662acc1408c91a7fa964","bytes":372106}}
{"source":{"wave":23,"partition":0,"offset":23,"checksum":"d0484e5adc7fd728c21e2f1636b83055ee04fdb72fd2313370bb92c24d98811b","bytes":372106}}
{"source":{"wave":24,"partition":0,"offset":24,"checksum":"38d4007b3142e2cde36a462df45ece8437264b09b8b84b4c1f49eab1eec16584","bytes":372106}}
{"source":{"wave":25,"partition":0,"offset":25,"checksum":"551ada71933fc7ccd635c0ce5121a64676ace18eb00b0b07ac4e77a2f5788afe","bytes":372106}}
{"source":{"wave":26,"partition":0,"offset":26,"checksum":"e3a60b0b175303f9dd576e25c3c9e0372ca612ef88e036a02b417b7dcab1cad5","bytes":372106}}
{"source":{"wave":27,"partition":0,"offset":27,"checksum":"d1ac6a3552b50c01069d08f58b41c6e54158945cba7f5e5061e5dc1d94cd859c","bytes":372106}}
{"source":{"wave":28,"partition":0,"offset":28,"checksum":"83357137f75b3669a02ffd3cf32a3e3183b1ece027863d16493ae7fcfaaf5dd5","bytes":372106}}
{"source":{"wave":29,"partition":0,"offset":29,"checksum":"31a20f2ec6a5dcef72fd331efc612d49b7dd68e813f29a9e66d3e707e3201e54","bytes":372106}}
{"source":{"wave":30,"partition":0,"offset":30,"checksum":"c88fbf847086a768f00a9bd43ade45804ef1c9b965dfaede69fcb8e60ab89ded","bytes":372106}}
{"source":{"wave":31,"partition":0,"offset":31,"checksum":"663d8af859a9f36134d1fbd8a3fc00d8f183cc0887f465252b1da8cf20cc3f75","bytes":372106}}
{"source":{"wave":32,"partition":0,"offset":32,"checksum":"4bc43284f49ad8d1b7f651720bd06a41304d11cb94ae0ca9fc806f484eaefcd0","bytes":372106}}
{"source":{"wave":33,"partition":0,"offset":33,"checksum":"7aa9a5e88c7946e75da139c656d80c5f7fdb428fe8d4438515736e8fb0ba56ec","bytes":372106}}
{"source":{"wave":34,"partition":0,"offset":34,"checksum":"80ba12bb7e3215b5fe805c66f72b5a0e97285f4ce1f8a1b96e4e056ddd5c77ad","bytes":372106}}
{"source":{"wave":35,"partition":0,"offset":35,"checksum":"62b5cdc90945d587a27f155a3a65c6646b7d83b6584336b53ac06c32f1373f4b","bytes":372106}}
{"source":{"wave":36,"partition":0,"offset":36,"checksum":"93c25081d1ff17b33afac11ddf6b3aa66dfe32fd555be31e8e42652204efd117","bytes":372106}}
{"source":{"wave":37,"partition":0,"offset":37,"checksum":"c445a911402d320fe4118aefe35fa06d505c802acf3416d13998f49d2ca292b7","bytes":372106}}
{"source":{"wave":38,"partition":0,"offset":38,"checksum":"43380537b0f504e446a7a745e48c281479a5b44d35c571d9f4864601b6fdfbb0","bytes":372106}}
{"source":{"wave":39,"partition":0,"offset":39,"checksum":"b7fd708abe22aa1db4eceaa22722e056ee985b75405a194808596c33a55eeb0c","bytes":372106}}
{"source":{"wave":40,"partition":0,"offset":40,"checksum":"55080f341dcf49bf59a9a7ae5e02b5c51d8839f6650110bd92fd6406638ec9fc","bytes":372106}}
{"source":{"wave":41,"partition":0,"offset":41,"checksum":"0a01579698c6e1f625312f2028376f28180ae6705d33a7450f80abc48f8c4cf6","bytes":372106}}
{"source":{"wave":42,"partition":0,"offset":42,"checksum":"589c160d95eebd8505331236809088ec131718129112d66c835e9125dd30fbe6","bytes":372106}}
{"source":{"wave":43,"partition":0,"offset":43,"checksum":"e359d4db9db94c323031fe801675c0fc7345cc0c7ac8130f6472a54063abb959","bytes":372106}}
{"source":{"wave":44,"partition":0,"offset":44,"checksum":"14e966cad9bd25482d59c34641624feff8259d4d96f2d89cdc604f754dc37a3e","bytes":372106}}
{"source":{"wave":45,"partition":0,"offset":45,"checksum":"33596d71ed1803f35f0701ab5dea7066e6cc3ac86ddc5606c8a763f7c69f88f8","bytes":372106}}
{"source":{"wave":46,"partition":0,"offset":46,"checksum":"49763e599652ac58f078a18b150fdbf13226d85373fa70ca4092fb2ed2d63785","bytes":372106}}
{"source":{"wave":47,"partition":0,"offset":47,"checksum":"fc08056da908d9dbc7fb92cb5b74b6abc89d3e4a4d63e745a01d31485e90caea","bytes":372106}}
{"source":{"wave":48,"partition":0,"offset":48,"checksum":"1694c5a19c659f0f32a66d780dcba5f6df6593ed9f0790977c0eef97f6c54171","bytes":372106}}
{"source":{"wave":49,"partition":0,"offset":49,"checksum":"0c0c07eff18b242372a69a0502b60c7190981fe961adf4b30517083e9d92816c","bytes":372108}}
{"source":{"wave":50,"partition":0,"offset":50,"checksum":"ef53d1231227802b8f97a0d1fdb482c429d8af1c95320fab8a5080ac5d668496","bytes":372308}}
{"source":{"wave":51,"partition":0,"offset":51,"checksum":"314c9e4716232b493bf2e338c8d1bb35160794657486e3cf183fc4a6b1b5a0d3","bytes":372308}}
{"source":{"wave":52,"partition":0,"offset":52,"checksum":"3b0b49286e60e1e52c793cc6560d95cc584609844526f0bdb6be70355c2a9ba2","bytes":372308}}
{"source":{"wave":53,"partition":0,"offset":53,"checksum":"354b505f6400f47cb477e6ae705c847eb0ec910c0d3e3e23fa5df594b1a3e942","bytes":372308}}
{"source":{"wave":54,"partition":0,"offset":54,"checksum":"b0afded0b16b202d515215897d534234c80369489a523608387513fa8100f9e0","bytes":372308}}
{"source":{"wave":55,"partition":0,"offset":55,"checksum":"98107a2735e8f8f7b85c50d9c664e3024566c8bb2e676ff9888cf50c0b810bdb","bytes":372308}}
{"source":{"wave":56,"partition":0,"offset":56,"checksum":"1368ed6616b41f574df9113bfb982d3a3599e7c32a5c402ef1f6e5df18943324","bytes":372308}}
{"source":{"wave":57,"partition":0,"offset":57,"checksum":"a66cbb472cd276f4f07f648b55c2116764bd9e9a811f66980def464e3066e5b3","bytes":372308}}
{"source":{"wave":58,"partition":0,"offset":58,"checksum":"cc8f8e5f43b0b17cd79c5c64be17414597c0cdcb1eacaa5bab2be53fbdbc583a","bytes":372308}}
{"source":{"wave":59,"partition":0,"offset":59,"checksum":"47c2cbc7b3ca36b66d502284c78d301224bc36756a1cac09f009e3cb44a6572b","bytes":372308}}
{"source":{"wave":60,"partition":0,"offset":60,"checksum":"e11d8436aebc73c0e887fdddd85a0326e820f4eb56b08cc9821b64e5aac956df","bytes":372308}}
{"source":{"wave":61,"partition":0,"offset":61,"checksum":"7d13451bab371391f6a0e66f8516a64b25f946530466dd86068ffdb3959a707c","bytes":372308}}
{"source":{"wave":62,"partition":0,"offset":62,"checksum":"391ab343f45f03a042b3d701f169fa58748d5ec7862126a9c9aeeec988afcdc1","bytes":372308}}
{"source":{"wave":63,"partition":0,"offset":63,"checksum":"77627848746b79a067fd1db881ea1624ea85416d10975f9c12b865defa704c9f","bytes":372308}}
{"source":{"wave":64,"partition":0,"offset":64,"checksum":"fc289ac4cb76a34a7a8e3db90140b3a92abaa46ca988cd38404b7d6d89d3cff6","bytes":372308}}
{"source":{"wave":65,"partition":0,"offset":65,"checksum":"036905fc16df51f199e9ba5fd508b25d9866beeea14be7c3e75352e37b093f94","bytes":372308}}
{"source":{"wave":66,"partition":0,"offset":66,"checksum":"74de0f0d89c0119ac6e1e806014ea77cf6d0bc72891993416ff1f4d589c53b44","bytes":372308}}
{"source":{"wave":67,"partition":0,"offset":67,"checksum":"d1a5f887753802e813cfaf203bafe442955c464995f7ca1b9a4fc1bdd957393f","bytes":372308}}
{"source":{"wave":68,"partition":0,"offset":68,"checksum":"9d79cec27a7399b86a1e4744ae081e0348541013c7331dba1714f9c3c03b8119","bytes":372308}}
{"source":{"wave":69,"partition":0,"offset":69,"checksum":"34cab34d3d6da3277217c1a77901ed0d6a24b7c9bf044ca62a79d854d88eae8a","bytes":372308}}
{"source":{"wave":70,"partition":0,"offset":70,"checksum":"459b1107b1661384bcc420e4b2f6ea93ce05b65b44045d10ff1a314d3e10963c","bytes":372308}}
{"source":{"wave":71,"partition":0,"offset":71,"checksum":"4c61cb117c97598015d6d14b12ff8640add618636c7f9609ccaba8cdc6c5f05e","bytes":372308}}
{"source":{"wave":72,"partition":0,"offset":72,"checksum":"3fb37b40c1aed6c33d910370fd7766a2778d43cf9fafc4df74c5b17926a99845","bytes":372308}}
{"source":{"wave":73,"partition":0,"offset":73,"checksum":"7b8f76dbbe8a819298db9b2bd51edc347c8795258b6f7589c5755ec9e402bb69","bytes":372308}}
{"source":{"wave":74,"partition":0,"offset":74,"checksum":"5c32eb525594fbb14a929f2a49e89642f0711f816a7be04cc3f996cf744008de","bytes":372308}}
{"source":{"wave":75,"partition":0,"offset":75,"checksum":"cff81c81f2fd1c286f744bc50bef17cf39adfbd3836a57336e1fcc351e9fe86c","bytes":372308}}
{"source":{"wave":76,"partition":0,"offset":76,"checksum":"342e60f6656a36a4850e38017b590f4bb011b492fa4564d54c5b84fdcaf69348","bytes":372308}}
{"source":{"wave":77,"partition":0,"offset":77,"checksum":"b23e32b1b5c5c4aedff1722fc9e9790683eb770abe8bab6f96bcf78b971bd538","bytes":372308}}
{"source":{"wave":78,"partition":0,"offset":78,"checksum":"81bde17346468e012fb71a4d8a93b87851077b4c4bcdd2216b6a8be81d82d348","bytes":372308}}
{"source":{"wave":79,"partition":0,"offset":79,"checksum":"c15bbad4f657bbec84c8c5e690297beef4bb898564bdcd3310a11d29aad82aef","bytes":372308}}
{"source":{"wave":80,"partition":0,"offset":80,"checksum":"72efe559b5e162b85ad68aac9e706afcb85c632672578ae7151d8706fcf0db7d","bytes":372308}}
{"source":{"wave":81,"partition":0,"offset":81,"checksum":"ae7a69606c505068973a22fb454a6e6852e17ad128c5f26f2c118312b1efb6bb","bytes":372308}}
{"source":{"wave":82,"partition":0,"offset":82,"checksum":"43082ae8641449487859fe1dd6ff76cd3ee3cf52e7e48594ca484cd5cd57f6b9","bytes":372308}}
{"source":{"wave":83,"partition":0,"offset":83,"checksum":"42866a6c5b5964124ab38c812c76dd151e812f378d1cdaf85c03ef3057c677fe","bytes":372308}}
{"source":{"wave":84,"partition":0,"offset":84,"checksum":"9321188c4534ae85493139e3fbfade76f1342eedef6dde66882cae664c3f54b9","bytes":372308}}
{"source":{"wave":85,"partition":0,"offset":85,"checksum":"585691ead828c2e3589ec214b82cbd2e579d66b3ac8bebb6bb409a1db20a4634","bytes":372308}}
{"source":{"wave":86,"partition":0,"offset":86,"checksum":"c1db0262b6d4c21aeb2e202b92cf6b3ba93f897eb9e3318d399fab8641e21dfe","bytes":372308}}
{"source":{"wave":87,"partition":0,"offset":87,"checksum":"908a602a84ade9b7ab2f7163d041d48b688988af79644ceed1b38676303de157","bytes":372308}}
{"source":{"wave":88,"partition":0,"offset":88,"checksum":"598f272c7ded04db7522c8be5033d70ed3e88d60e26ab150d288c89bbc8714f8","bytes":372308}}
{"source":{"wave":89,"partition":0,"offset":89,"checksum":"7a187baf593d7182a8833ce26074926f912c811fd69a78d1c00725437c529934","bytes":372308}}
{"source":{"wave":90,"partition":0,"offset":90,"checksum":"88bc44f299187a30028590a7c9c1d0a9d03c80a7b4a3027a1c887363a755905b","bytes":372308}}
{"source":{"wave":91,"partition":0,"offset":91,"checksum":"52fb81bd8891d138a0109bd81eff67039013e2c1d0217e9d65c55442fe927a46","bytes":372308}}
{"source":{"wave":92,"partition":0,"offset":92,"checksum":"62008baf2e2c1c26f14c692329024696f51c7c0819c607b151f82433d844fdf6","bytes":372308}}
{"source":{"wave":93,"partition":0,"offset":93,"checksum":"4d7d8abfefb263b1e80d65b8f615e84cda9f63f2501028d33072540d04876943","bytes":372308}}
{"source":{"wave":94,"partition":0,"offset":94,"checksum":"742e2b37ea212655f5d6a3aabf7501d686df99b46ee28d140b0d5d4b00599568","bytes":372308}}
{"source":{"wave":95,"partition":0,"offset":95,"checksum":"3628b879ef0af38bb42fde7cadf10d15b383957ba6ed7849171556d00b0938aa","bytes":372308}}
{"source":{"wave":96,"partition":0,"offset":96,"checksum":"1ccd6697180e7f4605f27806b350ed1db50264aca49c478bed83b7bb4d4da886","bytes":372308}}
{"source":{"wave":97,"partition":0,"offset":97,"checksum":"fbe89bfb1e245c07d1b850bf75b862a8fbd8cf716f7c718306e6f2effee68178","bytes":372308}}
{"source":{"wave":98,"partition":0,"offset":98,"checksum":"34383c09b65215c2892319356ffa787c6fdcdbf8a11540acf77f1d07c06941d8","bytes":372308}}
{"source":{"wave":99,"partition":0,"offset":99,"checksum":"af5174e5e3928fbc620cabab02a6d6211d7746c11f8aad4060ed8ecd18238777","bytes":372308}}
{"source":{"wave":100,"partition":0,"offset":100,"checksum":"ac35cd12f10254968ccec0d081a8059b1924568ceba58023ac3a156d04f64805","bytes":375409}}
{"source":{"wave":101,"partition":0,"offset":101,"checksum":"6670329adca7497a03ab231e4fd6ca7fd2ed6fcea7a785cfc4bcb3ebfaed3646","bytes":375409}}
{"source":{"wave":102,"partition":0,"offset":102,"checksum":"a5ceca2b71d17d1fb47127c33b5d332416faab7547a709ef381dadcb4795b2b4","bytes":375409}}
{"source":{"wave":103,"partition":0,"offset":103,"checksum":"4a497543d54c983d8f7f133a0a609a68a5ac7d601816bbd2eef445ebdeed9f0b","bytes":375409}}
{"source":{"wave":104,"partition":0,"offset":104,"checksum":"9b10368f01f2cf95691f938f696bad772f0d8fd5eb2a749200ca6c7f6fd3ce3c","bytes":375409}}
{"source":{"wave":105,"partition":0,"offset":105,"checksum":"40f64edea6c8c8d76a8019da0fb77edb93b9ba92cc4d075c4c1c07e444de5d3e","bytes":375409}}
{"source":{"wave":106,"partition":0,"offset":106,"checksum":"220bb3499db0f25e72a5dff367da3acc73af3d800109a4fa0c974da0d2b98538","bytes":375409}}
{"source":{"wave":107,"partition":0,"offset":107,"checksum":"71cb39b4d909f3b5b600ed049a21b89445e88c804d784c9d1f24ab8a6406eb0c","bytes":375409}}
{"source":{"wave":108,"partition":0,"offset":108,"checksum":"856ed7aa83c34f2dbf08b6c70d075317293824974760c4b2e9f0b0c9d3010a7c","bytes":375409}}
{"source":{"wave":109,"partition":0,"offset":109,"checksum":"1162b6a3757bd534d6bcf7f5026439c3c2f53afd96a885771d6df01e7d725741","bytes":375409}}
{"source":{"wave":110,"partition":0,"offset":110,"checksum":"1725b096d67458ed6212bfe28248c3e77c58bf83c118ba1e4bf7f735d77c91aa","bytes":375409}}
{"source":{"wave":111,"partition":0,"offset":111,"checksum":"75a94b601cc8e0e1105b44f331d547ac02bd06f11152536e8347d34790d550a8","bytes":375409}}
{"source":{"wave":112,"partition":0,"offset":112,"checksum":"79383e4905d83be7fcd6417d9bc91c7582bf5bb24401e4fabb3c12504a703c8c","bytes":375409}}
{"source":{"wave":113,"partition":0,"offset":113,"checksum":"1e15183fe9cfde5a8b0382e1bbfd8e80ceebcf5d7f720e66a301bd4946a39713","bytes":375409}}
{"source":{"wave":114,"partition":0,"offset":114,"checksum":"05f65b4c868a0acca041bd9f69ce7324a22bf49a959f38aa6d9e5387def1a9c3","bytes":375409}}
{"source":{"wave":115,"partition":0,"offset":115,"checksum":"ffb8941b01b5562a9f56c283289b723b94c7af1b2e18027dca80bd7878ffb68e","bytes":375409}}
{"source":{"wave":116,"partition":0,"offset":116,"checksum":"aff4533fc52e65006b4f8dd046d4b200189f591710532c6bf6ae4ebdade2df5f","bytes":375409}}
{"source":{"wave":117,"partition":0,"offset":117,"checksum":"1632644371fa68d7533c02fef7a2b0e45c451647ca3e315c73661b1b77411618","bytes":375409}}
{"source":{"wave":118,"partition":0,"offset":118,"checksum":"ed9ca8737fc93efc2766dffab308c171b1d59e3465c3f3de725a2cbe4854f30d","bytes":375409}}
{"source":{"wave":119,"partition":0,"offset":119,"checksum":"23ba7e7c2156a578d223a535c24aa3b542b63ed70895149e27853ac0e8c8fd61","bytes":375409}}
{"source":{"wave":120,"partition":0,"offset":120,"checksum":"fff9b434acb32cf2ec15e086b9316445f28f9639dc96f97bd7a9c361ae71203c","bytes":375409}}
{"source":{"wave":121,"partition":0,"offset":121,"checksum":"849561bae2acc6b8532d64abce763e56c304005adf452dde01fa2f919a37ef42","bytes":375409}}
{"source":{"wave":122,"partition":0,"offset":122,"checksum":"983af5cbbd67f030b9cebf1c53fbdba6722293aa0a0631a3486659f017a2379f","bytes":375409}}
{"source":{"wave":123,"partition":0,"offset":123,"checksum":"2f62eb714f4db6c885c81fc30ed2007e9f5f43fc99df616296c1319b4e7fbc4a","bytes":375409}}
{"source":{"wave":124,"partition":0,"offset":124,"checksum":"c06098a0d4af1bf9bdd3937a92968aad8df1768e9a54660931254dea2f536d50","bytes":375409}}
{"source":{"wave":125,"partition":0,"offset":125,"checksum":"2a2e647a978cb5b810f718ef75818ed19b6421b016e3b3fff90de3a1b072e53b","bytes":375409}}
{"source":{"wave":126,"partition":0,"offset":126,"checksum":"d29ea51ea6c0e677bedf626fe0eb4d41b290559c68e20f54ba4018d8c9ea9a27","bytes":375409}}
{"source":{"wave":127,"partition":0,"offset":127,"checksum":"a6956e53da984484198ec9c0f492dd07c74b6798cbfe82b14770579c5588fe24","bytes":375409}}
{"source":{"wave":128,"partition":0,"offset":128,"checksum":"9e3480ce6a5ad141587ef9d554195b02d4ea302f531322cfcec606bcd2be6060","bytes":375409}}
{"source":{"wave":129,"partition":0,"offset":129,"checksum":"8de85dd110799b9ab24c02b5c695cacc95ad897de7765e5585f273415cb26c9d","bytes":375409}}
{"source":{"wave":130,"partition":0,"offset":130,"checksum":"652cff382a68ac30a5716ce4e304093356deeafc2d3a03badf1c71c974f8bd06","bytes":375409}}
{"source":{"wave":131,"partition":0,"offset":131,"checksum":"4b3abade74aec74448fb5ddc3f564727ef3e2ec75772479d5d2999dd00aaed2b","bytes":375409}}
{"source":{"wave":132,"partition":0,"offset":132,"checksum":"41543dc7b4ce7ef85264db16b66ad641824a09f892f1168268a2c4a2cd48f99d","bytes":375409}}
{"source":{"wave":133,"partition":0,"offset":133,"checksum":"78c828a3d916369aa38ba4e6ca1a23535286065a341925d74a14fd239aebe56b","bytes":375409}}
{"source":{"wave":134,"partition":0,"offset":134,"checksum":"915d33185275351e4dd711d956a1eae7dc5a601dff8ecd74fd5a7ae4ec977ab0","bytes":375409}}
{"source":{"wave":135,"partition":0,"offset":135,"checksum":"9a940a95af5a1d23748ea521b2922abb6f9c01da6b2f12786d2e9464b624fd85","bytes":375409}}
{"source":{"wave":136,"partition":0,"offset":136,"checksum":"74c76edd9f579ef825d951766fe1813a732513e0c6716ef55b71ad552780c21b","bytes":375409}}
{"source":{"wave":137,"partition":0,"offset":137,"checksum":"947902a89264f9db453d8861af1039b6702e14de36dd4d6807a6282feec0fb63","bytes":375409}}
{"source":{"wave":138,"partition":0,"offset":138,"checksum":"f0c1ae722a4407ce5b52581445b891d67968f4c5235d07a2fe95587aa2377860","bytes":375409}}
{"source":{"wave":139,"partition":0,"offset":139,"checksum":"d30b12bace299ce1ccefff6a0a3ae30416a214927396ced06534d4bd15935be9","bytes":375409}}
{"source":{"wave":140,"partition":0,"offset":140,"checksum":"4be43248612a4e72b70d52bbb8735fed874cb72963cbb0e9bdfac5f622d4d412","bytes":375409}}
{"source":{"wave":141,"partition":0,"offset":141,"checksum":"57911bcc65b7aec102a93ad4d5c827b4c0ad54a90a72b0dbdd8430daa190dae4","bytes":375409}}
{"source":{"wave":142,"partition":0,"offset":142,"checksum":"6d2cbd47266bd0f0a193e9164e9974a9c99d699e9c11a4dd7df6980a884d476b","bytes":375409}}
{"source":{"wave":143,"partition":0,"offset":143,"checksum":"44017fbc0ca7997d04890a3483b7843158b585e6715891e8e460cc445b467074","bytes":375409}}
{"source":{"wave":144,"partition":0,"offset":144,"checksum":"112ea7079b8f37ba751b362299f1ac1b64e856f3fd553e89c395a75aba0ced44","bytes":375409}}
{"source":{"wave":145,"partition":0,"offset":145,"checksum":"eaf53deae9b38887796c01ed71d501644846dc0fef12fefc0c15ca3e41f64b8b","bytes":375409}}
{"source":{"wave":146,"partition":0,"offset":146,"checksum":"741a572fad6df29cc59adc418560543692c71ff24c81150e4ad9447b72ba1e4b","bytes":375409}}
{"source":{"wave":147,"partition":0,"offset":147,"checksum":"7c990965a4e69c2922d2658411ae1375d28ea79f06a38e5e825e1d0b9385deeb","bytes":375409}}
{"source":{"wave":148,"partition":0,"offset":148,"checksum":"fef9307cca751e5bc935ac636a78a348fbfaad6f928eeeb01c1c7dbd5b932da6","bytes":375409}}
{"source":{"wave":149,"partition":0,"offset":149,"checksum":"1c2addd6cb263e2438246e3451cc957b40fc4d003a025b9319a7e88bc881312a","bytes":375409}}
{"source":{"wave":150,"partition":0,"offset":150,"checksum":"6d53e906e40550b60dcd02563e013548a6151dd023aa2c5826282b207be5c7f1","bytes":375409}}
{"source":{"wave":151,"partition":0,"offset":151,"checksum":"37e6084cfaadf45730d2442d5d805b062be136b90e0c599aeaca6d566194c6ff","bytes":375409}}
{"source":{"wave":152,"partition":0,"offset":152,"checksum":"d2c816ae496bab5f5ca3f235ad8d4eec0792835d210e19074d5170c32e08242b","bytes":375409}}
{"source":{"wave":153,"partition":0,"offset":153,"checksum":"6f3d441ed00c1f490de0f8d3d924a57df4e8bc4087177d412f08ae7fa569b936","bytes":375409}}
{"source":{"wave":154,"partition":0,"offset":154,"checksum":"9c84d21012933aa249c5d0c9f14a534b17ee019d601613960b3b289df8fd42ce","bytes":375409}}
{"source":{"wave":155,"partition":0,"offset":155,"checksum":"cb8b6088e1b878fed5de44d30b16ef06860414945c06caf5d32ba268282601f0","bytes":375409}}
{"source":{"wave":156,"partition":0,"offset":156,"checksum":"50027ab6e3c9b930838f397cf3224ba79407ec9d7241414c0f07ec70a8b8fb29","bytes":375409}}
{"source":{"wave":157,"partition":0,"offset":157,"checksum":"acacd13fbcb1f80ae6256c3d5c95f26f3ce2b573ac959b2be24fa3287e5b52bb","bytes":375409}}
{"source":{"wave":158,"partition":0,"offset":158,"checksum":"849fcd80ab028904bbadef1fb2480ae98e51e2ebba82e61676aff0be1871eacb","bytes":375409}}
{"source":{"wave":159,"partition":0,"offset":159,"checksum":"45c187e068da3a9d3ca3c8a102dd9613b5ffbcfd6d0e43cbaaa6981871bf3672","bytes":375409}}
{"source":{"wave":160,"partition":0,"offset":160,"checksum":"c752b65bc1ddf3ada1028fa31f3e094f196afc4ca1f59379c199b2c90409945c","bytes":375409}}
{"source":{"wave":161,"partition":0,"offset":161,"checksum":"b769bbb383f40552c252914106b07fe627c92fef49cd7d8058339a9165188cef","bytes":375409}}
{"source":{"wave":162,"partition":0,"offset":162,"checksum":"5130ab6a1ac4e556a0b7a42ea1575d20ecb7f34b6fc36ce1695d5fdebd3eb6f8","bytes":375409}}
{"source":{"wave":163,"partition":0,"offset":163,"checksum":"d0b28837413b62a6fa4e4cb1fbeb69aa6e76544ad14da6151b1b4e97dfb43171","bytes":375409}}
{"source":{"wave":164,"partition":0,"offset":164,"checksum":"e0a5a078859d8ff66274161ca06b1bc4825d7e3d90a5e1c00ea24b2105abcbd1","bytes":375409}}
{"source":{"wave":165,"partition":0,"offset":165,"checksum":"b6538f72e074e5afa0de2e968d3292f57e5354657fc47df18d9ce6dd9277666a","bytes":375409}}
{"source":{"wave":166,"partition":0,"offset":166,"checksum":"975becc15cc29145497b24735cb80078d1a9af6c7cfb797e8779c2739c9176aa","bytes":375409}}
{"source":{"wave":167,"partition":0,"offset":167,"checksum":"ab17ff83406b8497cc80dd6d1de81ea66bd0258b8354a70db36bfb38358fd4e4","bytes":375409}}
{"source":{"wave":168,"partition":0,"offset":168,"checksum":"b112417ab3315968b37092e8ed86fc149ebd4cccfc890263d528ad6db0106f26","bytes":375409}}
{"source":{"wave":169,"partition":0,"offset":169,"checksum":"6576737c1a92890fa477e927355ced4a4558d5da8417665552f61c03ac54b3a7","bytes":375409}}
{"source":{"wave":170,"partition":0,"offset":170,"checksum":"a199068c53c375cc66a9470479eef130281360b557e5b51a2bd59c78560d24a9","bytes":375409}}
{"source":{"wave":171,"partition":0,"offset":171,"checksum":"9b7a14ce837f15586ab9ac62f6187c133b269072a2974152b223389c3d9f95be","bytes":375409}}
{"source":{"wave":172,"partition":0,"offset":172,"checksum":"bfb7b17e9105a7171cfcd6b46bc3017f646e9172c0f54d44302b21a14be5ef46","bytes":375409}}
{"source":{"wave":173,"partition":0,"offset":173,"checksum":"d087f7313d734d9150c840d8b48d50f47dc3285698d4225a6fadfdd57b3df9cc","bytes":375409}}
{"source":{"wave":174,"partition":0,"offset":174,"checksum":"403ea8a8def2e0eef4c53f36fbe3e3c7ee2eabea34cc80ce0e9148b27bf3eb0f","bytes":375409}}
{"source":{"wave":175,"partition":0,"offset":175,"checksum":"5de84d99e6e87f41530ac7c77e7291055ab660d52ebc25916e3f4c559f425271","bytes":375409}}
{"source":{"wave":176,"partition":0,"offset":176,"checksum":"ea81ad3035ab4ae8ca11a04fb21141c9d151961cf726959cb85b55fd5129fe32","bytes":375409}}
{"source":{"wave":177,"partition":0,"offset":177,"checksum":"5490592eb015427028736aa7f23288a4d4a6abfdf9056cd3a86bba84b7e3051e","bytes":375409}}
{"source":{"wave":178,"partition":0,"offset":178,"checksum":"fe8676e8346b21782426fd3f70a23cb2d38af1539050b95bc485585f9ab8d2c7","bytes":375409}}
{"source":{"wave":179,"partition":0,"offset":179,"checksum":"3006cc987f4101d08207b53e4c886cfeb8e780df82379f59084f130d27362c5f","bytes":375409}}
{"source":{"wave":180,"partition":0,"offset":180,"checksum":"006119d5343513cb1e637a333c208c2b65c97e3d8fecfa5434d71563e4329b8b","bytes":375409}}
{"source":{"wave":181,"partition":0,"offset":181,"checksum":"8ee9ab6406a86204b8c4c756354e8537a1aef4c89a91496eb74a96e24ea846fc","bytes":375409}}
{"source":{"wave":182,"partition":0,"offset":182,"checksum":"6741f11fd1c947dedfc44984b940795cb486cc56ca534211f6373c14f728df08","bytes":375409}}
{"source":{"wave":183,"partition":0,"offset":183,"checksum":"9818bfbb46dfd818544e0069dd28198a25c4dc3b72f56dcbe295b8e10a3a3471","bytes":375409}}
{"source":{"wave":184,"partition":0,"offset":184,"checksum":"2fc558589ff8341875dac224a2c138476e6302395817aa7d562ea61767831c20","bytes":375409}}
{"source":{"wave":185,"partition":0,"offset":185,"checksum":"d1084013f73b44cae9dada9556049bb91ccf987c8b7fb9e8286ae8b5e85432b3","bytes":375409}}
{"source":{"wave":186,"partition":0,"offset":186,"checksum":"abfb2e4fbe9b32e131db0530cbd570ef8354263bd7fb5659bdfc608003bb9823","bytes":375409}}
{"source":{"wave":187,"partition":0,"offset":187,"checksum":"a1925081019a6e261dda62df4897bc7d1e897574891844de318c16b2755eac47","bytes":375409}}
{"source":{"wave":188,"partition":0,"offset":188,"checksum":"d7d879df8425a73c965bb5ee543200c062272d5fe5a30bb941e938b54ce52abb","bytes":375409}}
{"source":{"wave":189,"partition":0,"offset":189,"checksum":"61985e2a69d5a6368c5751a792d17179ddc74807e319fb6e01b92594800abe6f","bytes":375409}}
{"source":{"wave":190,"partition":0,"offset":190,"checksum":"aa3e59e4ee34c870793fe4b1af4a9d6d317e168baca2a4a50b2968377286b0c5","bytes":375409}}
{"source":{"wave":191,"partition":0,"offset":191,"checksum":"a34e73578db24d83ad7a46a220f58e71b562dda5a166b738616201b025e3dca7","bytes":375409}}
{"source":{"wave":192,"partition":0,"offset":192,"checksum":"95cae94bb202c22826dffc434747204e7a7abd1b270b50e2468421e67a8e168c","bytes":375409}}
{"source":{"wave":193,"partition":0,"offset":193,"checksum":"3a8ed334e094d26f105279f314c1a95d3f2ecd65bc37761e51c761343a323b19","bytes":375409}}
{"source":{"wave":194,"partition":0,"offset":194,"checksum":"5053bef1fa610e9c4ce122f142cc242fcd1a151f99e48ecaa129f5f429dc12a3","bytes":375409}}
{"source":{"wave":195,"partition":0,"offset":195,"checksum":"944c4e6b3b07efadee303e32d44d02b0b89e912247396f2437469a1b8c419d14","bytes":375409}}
{"source":{"wave":196,"partition":0,"offset":196,"checksum":"9cd6df43d0f870988095adcebb0d3b60adc4a3470153c6caeefafd10cbbf7a89","bytes":375409}}
{"source":{"wave":197,"partition":0,"offset":197,"checksum":"839f7ab53676446cc2c6a410322f0af071905bd7a2010363ac7739990ab47573","bytes":375409}}
{"source":{"wave":198,"partition":0,"offset":198,"checksum":"aa4731f987047639341a9bad9073bf04113e49508eb8024e9ff2a5e00aab0478","bytes":375409}}
{"source":{"wave":199,"partition":0,"offset":199,"checksum":"89ca3be24eefc346925faa9acdfc267e6003e52e53ad6f2c19acac0c6592de30","bytes":375409}}
{"source":{"wave":200,"partition":0,"offset":200,"checksum":"4a192ecb9f6ba1beec296df03a2c43d75ebfd91bf766e6499d8f90964e7db639","bytes":375409}}
{"source":{"wave":201,"partition":0,"offset":201,"checksum":"aca315d6434a03ebe4095735de70a86b6f0c151180069fd4c41f2b428c2d0fbd","bytes":375409}}
{"source":{"wave":202,"partition":0,"offset":202,"checksum":"304075c10f426b6f79f89343e2b81143006a9c216e4136ebcc785e1c4c26b15a","bytes":375409}}
{"source":{"wave":203,"partition":0,"offset":203,"checksum":"eb3b44c57f72810bd22743ffb993b10941e1d4d22b609954683e1899d88ba319","bytes":375409}}
{"source":{"wave":204,"partition":0,"offset":204,"checksum":"29f9d0526f08b70d7fb7fe6e97a98e726252ed2c4046224062c536199f017d36","bytes":375409}}
{"source":{"wave":205,"partition":0,"offset":205,"checksum":"4f124a5e79e7ecc243871340e43b267318a2501ddee778afbb76b2edae5efdc8","bytes":375409}}
{"source":{"wave":206,"partition":0,"offset":206,"checksum":"93e7358ff96ce5db3551aaa68e84bddd0342e43f6d4d1dec130c0d357c3e0263","bytes":375409}}
{"source":{"wave":207,"partition":0,"offset":207,"checksum":"4a5c89cc7343e9f6f591111b8d41a5937c77b25c1b71cd0b7bde682c3a81ede7","bytes":375409}}
{"source":{"wave":208,"partition":0,"offset":208,"checksum":"be8a52f9880eacf2773f744d2556afae65fc88c6615ac27c7b017a5b02ac9181","bytes":375409}}
{"source":{"wave":209,"partition":0,"offset":209,"checksum":"bbfc17cd43fd516da8b9b0ce7448037a6498d15d155c771c76fe5b2560ab4287","bytes":375409}}
{"source":{"wave":210,"partition":0,"offset":210,"checksum":"7769b94d91e374f45ccc5359c8cd66d648af2ad3a6c74b8ee1f112597f5e7686","bytes":375409}}
{"source":{"wave":211,"partition":0,"offset":211,"checksum":"3361c05578c1c7285b9ef71e842a8a00c910b57d71932e089b99797c011796c6","bytes":375409}}
{"source":{"wave":212,"partition":0,"offset":212,"checksum":"81dfeac933bfce4ddefab4c522863fc293382b188ec40f5b1ab5ab973aca8c06","bytes":375409}}
{"source":{"wave":213,"partition":0,"offset":213,"checksum":"11a7a80abcb676f3c4871c448d52da4053038cbcf906d85eb3095c6507b745a1","bytes":375409}}
{"source":{"wave":214,"partition":0,"offset":214,"checksum":"7d2911bc85b28d013727b9c4717f28172c800feab3b67e96b21529527d8a5bbe","bytes":375409}}
{"source":{"wave":215,"partition":0,"offset":215,"checksum":"8295e984a0e2f7e83dde4c838fb8a7c54feb0c0f8c5883ea611629ab78128682","bytes":375409}}
{"source":{"wave":216,"partition":0,"offset":216,"checksum":"3eb40ce366ccd4a71d76144964bfc55fcad815f9fd79afe79fcf4b8a6ccb1df5","bytes":375409}}
{"source":{"wave":217,"partition":0,"offset":217,"checksum":"78208dbf6b6c44cdb66e90db202b8fbb5478b6b1d1ef519a9b0aa19b67ebfd5d","bytes":375409}}
{"source":{"wave":218,"partition":0,"offset":218,"checksum":"7c6c1b3be378b089281c8e85fc6c3b72459d0cf6aa80db62c16ad8b925f41988","bytes":375409}}
{"source":{"wave":219,"partition":0,"offset":219,"checksum":"94814794b0786bd0f944a0819075055e9aa2671c2c8b00da018262f47116c10e","bytes":375409}}
{"source":{"wave":220,"partition":0,"offset":220,"checksum":"aa504bdfcadf602c50d795f1ebff6003b903309f144d6457a5433a5a51b01f60","bytes":375409}}
{"source":{"wave":221,"partition":0,"offset":221,"checksum":"8ce0667187fe172a758a8b88032bb3282ba1f36c540c457625caed2626a82d31","bytes":375409}}
{"source":{"wave":222,"partition":0,"offset":222,"checksum":"99859dc73aa52535d7e1bcd214d3a8434672ee0446b43f59a76064da1a0dfac9","bytes":375409}}
{"source":{"wave":223,"partition":0,"offset":223,"checksum":"6d551daf7cf74dbd344145f93d206724f84e8ed4b07dae574446825863e7fe16","bytes":375409}}
{"source":{"wave":224,"partition":0,"offset":224,"checksum":"5968e6815e94f3f8cc0b169c86eb7586de81f5f6cc3b3b29f0f71b5eb59b3801","bytes":375409}}
{"source":{"wave":225,"partition":0,"offset":225,"checksum":"6012cc47b6064d3098dac22ded5b2e48f458c73c1b80d3f74a9e5cf7caf84876","bytes":375409}}
{"source":{"wave":226,"partition":0,"offset":226,"checksum":"89d18f4480dcd8471cb794da57f4e1ce9f6371501fce8aa7f050529ccb4e339c","bytes":375409}}
{"source":{"wave":227,"partition":0,"offset":227,"checksum":"2349c260c2e46fd1c35c299e9e89021f22be4ffdd03bdc8947658065da8e7e36","bytes":375409}}
{"source":{"wave":228,"partition":0,"offset":228,"checksum":"1c7ab3e9f541f49e5348022173e8c94d3fe94801b687679b578f7580724034ea","bytes":375409}}
{"source":{"wave":229,"partition":0,"offset":229,"checksum":"f0fae04177e6cd88b7a5b83448590ae89eee4a9c6bed29a83ae2d99cdfb1f80c","bytes":375409}}
{"source":{"wave":230,"partition":0,"offset":230,"checksum":"41d3b1e3c3f31297852a01555e948648360e49123fa03161d932bd44c7c0bbb7","bytes":375409}}
{"source":{"wave":231,"partition":0,"offset":231,"checksum":"f18068e312e967da973557519dc6005ae377e42e50023b13f364a39e77ee0fc4","bytes":375409}}
{"source":{"wave":232,"partition":0,"offset":232,"checksum":"4801403e2c2a2b5e487ae41e2533c78fc2976600fceec0347bd9adc81bd3fc8c","bytes":375409}}
{"source":{"wave":233,"partition":0,"offset":233,"checksum":"b09b7eab648c5c8647edf93ff49d43af62d6450a9a216c81f4cb6c1e33ac542a","bytes":375409}}
{"source":{"wave":234,"partition":0,"offset":234,"checksum":"9845bfcbc7117ad9bbe6deba5ed70c24d4361ac294e015cffa0b04f8b9c9bb6b","bytes":375409}}
{"source":{"wave":235,"partition":0,"offset":235,"checksum":"96d7fb4f682144e329e50e7792934b90b54fe28ce21463ef8e368691d67d286e","bytes":375409}}
{"source":{"wave":236,"partition":0,"offset":236,"checksum":"67358c4d6c323ac6a9969ac393451f369003a1f517a264113c94a42f065bd4dd","bytes":375409}}
{"source":{"wave":237,"partition":0,"offset":237,"checksum":"eca9c7348b49f80057e36f08d82b4a71ad9a6d6c9a5989845bf22615decf9917","bytes":375409}}
{"source":{"wave":238,"partition":0,"offset":238,"checksum":"b505686154c0f202282fbd2e02505bd6b99607769c3c2d6a64cf2070ffd0e216","bytes":375409}}
{"source":{"wave":239,"partition":0,"offset":239,"checksum":"33d30498ffb345cb993c400233cf4a6bbc0072198d64e303acafefc091781686","bytes":375409}}
{"source":{"wave":240,"partition":0,"offset":240,"checksum":"863fd3087c6937acaa3345bc6920febe137984a96d5985cbfab33fea0b79f7ca","bytes":375409}}
{"source":{"wave":241,"partition":0,"offset":241,"checksum":"ca12a7bc4b242ffe7b3aaed0f9a0ec31758a9e25e3cb0c1e76318800e352fc89","bytes":375409}}
{"source":{"wave":242,"partition":0,"offset":242,"checksum":"91b4ad6127d70179b62e1b857412833bfa01495fdf4d204b07016b12f29c9ec7","bytes":375409}}
{"source":{"wave":243,"partition":0,"offset":243,"checksum":"f8db76a0a448b41769adaa940823d571f948c47f6dac96929fddc7638731fff2","bytes":375409}}
{"source":{"wave":244,"partition":0,"offset":244,"checksum":"e3b55b794c4838e113cba8ed76681a4f1b8cc566cf33b26f49dbd7fe60f47e66","bytes":375409}}
{"source":{"wave":245,"partition":0,"offset":245,"checksum":"21543acefb4003930ef65c4cc8f00837ac40eefcf0bb9b5a1b761c3ae823265b","bytes":375409}}
{"source":{"wave":246,"partition":0,"offset":246,"checksum":"6a61465ce2ef17f6cc4ad3e51f391512de0ed263aa766908ba435c3d703f3f0f","bytes":375409}}
{"source":{"wave":247,"partition":0,"offset":247,"checksum":"868dd38ff3b007403ceb5b1edf2bdc3a81d2c2fa0459ae93d36777d1da1e3519","bytes":375409}}
{"source":{"wave":248,"partition":0,"offset":248,"checksum":"f31a2385bdd53ecf5dc29e921a486b77308f3b919c1226f4f7c6729b89bcc6cb","bytes":375409}}
{"source":{"wave":249,"partition":0,"offset":249,"checksum":"88c91de1716f795e91c825db718765aeb2465817266189461e1f013dbe74e549","bytes":375409}}
{"source":{"wave":250,"partition":0,"offset":250,"checksum":"7ca0cd466a1ab14ae0e6dab1cad7512f40d0592c5d81ad3988de19a38de1a33d","bytes":375409}}
{"source":{"wave":251,"partition":0,"offset":251,"checksum":"059d5ccc136d640ba598b5450ce8ca10035beaecb862af4eb39f8624d913cee8","bytes":375409}}
{"source":{"wave":252,"partition":0,"offset":252,"checksum":"0c5501650f4cb07613fe557387520af0733073bffaba6257319e2ff9260422ca","bytes":375409}}
{"source":{"wave":253,"partition":0,"offset":253,"checksum":"9887f6510d745f02b85fc4ff258e73b235eb3ac7b2e63a94a10e999a8e3e1dbe","bytes":375409}}
{"source":{"wave":254,"partition":0,"offset":254,"checksum":"0a7437c717396b3912b1de9295da399eca8b33fd67aae3ac77f7a5e88d8bdd39","bytes":375409}}
{"source":{"wave":255,"partition":0,"offset":255,"checksum":"61cb3cd887b364670ea0427ea1eabb22c1863d2ae7bb979c85c79e7066c6db36","bytes":375409}}
{"source":{"wave":256,"partition":0,"offset":256,"checksum":"fd2e797155967b7fd18658c0151156a6b4a67eff5f65f5cf8307866d6ad258f6","bytes":375409}}
{"source":{"wave":257,"partition":0,"offset":257,"checksum":"94ce75dbbc99b98a325ecccd3cc0ec2fa45da814b063e9e9b53b1da65f9b3727","bytes":375409}}
{"source":{"wave":258,"partition":0,"offset":258,"checksum":"25a6bf43c2520623701c660ae7c6ef7daa1a84735edff14ef8ef4b3ea6451c38","bytes":375409}}
{"source":{"wave":259,"partition":0,"offset":259,"checksum":"69ceb3301ba233cfc2bac5ef0272ac5e92b94b3af2b7b11ffc5cff144b8655f8","bytes":375409}}
{"source":{"wave":260,"partition":0,"offset":260,"checksum":"8d291af38233f80eabf9d79e2f8a9a59bc387b393fff18a26a527ff240e51220","bytes":375409}}
{"source":{"wave":261,"partition":0,"offset":261,"checksum":"7fb15437811362b77bad2a8507460810dab797e4e3b042a7207e73e8122d1fbd","bytes":375409}}
{"source":{"wave":262,"partition":0,"offset":262,"checksum":"5f6fb6761edb7bd14a976b98cdaa8771f8706f9bd30e135ea633083cc6f816a7","bytes":375409}}
{"source":{"wave":263,"partition":0,"offset":263,"checksum":"05a75e9d4acc30f1ca851306af23fc49ea7e5d5652ec942300553ea587403db5","bytes":375409}}
{"source":{"wave":264,"partition":0,"offset":264,"checksum":"ea2e3884f12927d01d57a165fd5bbbe236e515016aca52696573e1bc203e5b46","bytes":375409}}
{"source":{"wave":265,"partition":0,"offset":265,"checksum":"624ee1c46c16f6967a1209d336da5df37595221ce7c99eea9c7b9dbd18657657","bytes":375409}}
{"source":{"wave":266,"partition":0,"offset":266,"checksum":"90c3becf90916443fc1a2c48f80b3678989a53095940ee224afdfc8094d58466","bytes":375409}}
{"source":{"wave":267,"partition":0,"offset":267,"checksum":"af355aa973db5d9344a9b468fb470e1d0aa218d2470dbd225aa0a27d263cd7cd","bytes":375409}}
{"source":{"wave":268,"partition":0,"offset":268,"checksum":"0735dda41ba0f2dec026fc6d245c36c2fb12ef5585ec60ce7022b589911ba1ea","bytes":375409}}
{"source":{"wave":269,"partition":0,"offset":269,"checksum":"2991e80cdc92ce86f635867003280af7df03c8db33c2be128d5710677b184330","bytes":375409}}
{"source":{"wave":270,"partition":0,"offset":270,"checksum":"8be8354aee21bd2cd1e8d7aa5e47d82acdc231c0484553b3af6f88a782ee090a","bytes":375409}}
{"source":{"wave":271,"partition":0,"offset":271,"checksum":"91187c365150c88ee9cff3e7caa8b028cd3f5dd86cf4bb75aab4c635dec575ca","bytes":375409}}
{"source":{"wave":272,"partition":0,"offset":272,"checksum":"fcfcdf4b451ed6a56f803bb6d86e89802dc45bb5fb449a53d3b4c75ee438d823","bytes":375409}}
{"source":{"wave":273,"partition":0,"offset":273,"checksum":"ffd39f57286a16c66be9ba59c7e558a7691179ef8cae54fd95a03690a8c1fbaf","bytes":375409}}
{"source":{"wave":274,"partition":0,"offset":274,"checksum":"38e5ef07ab2f303ecb738e6bd01541e75e043cccb996b55699535d129c4325e9","bytes":375409}}
{"source":{"wave":275,"partition":0,"offset":275,"checksum":"26f85f69c279bae97c7aae0cdfe3ba85b5e128a9a0fbc8960de0f642b1483356","bytes":375409}}
{"source":{"wave":276,"partition":0,"offset":276,"checksum":"f75547129095233af487547f0dfa1d31578643eb8b4fbee724eb2c2068432ef8","bytes":375409}}
{"source":{"wave":277,"partition":0,"offset":277,"checksum":"ab6c5b3a0f7456c52c8920c3000ef3585bc026475d5c636ac834d3cf41ed2798","bytes":375409}}
{"source":{"wave":278,"partition":0,"offset":278,"checksum":"21ab917568b96af9207d3e39cfd4c31dd59d73d7fe00423f6a17118a189693ec","bytes":375409}}
{"source":{"wave":279,"partition":0,"offset":279,"checksum":"a0407baf53dd16359acdb6c0902fee29ece79e8db18b516a8c42b1cc3ddf3332","bytes":375409}}
{"source":{"wave":280,"partition":0,"offset":280,"checksum":"19a700f5d8c9b48d8c5814bed9c44b735db91f95c5742e4ed250642dc50874e8","bytes":375409}}
{"source":{"wave":281,"partition":0,"offset":281,"checksum":"24232c8f40f62e0608d8f00486f45cdcfa353a7cc2041100adc7618d27328a4a","bytes":375409}}
{"source":{"wave":282,"partition":0,"offset":282,"checksum":"5f16ffe9ee2108196e1d8cd546786d0786e8373fea500911743a0c98c3c42105","bytes":375409}}
{"source":{"wave":283,"partition":0,"offset":283,"checksum":"d5014b91024597bfe6e78c07bfb0edddf72d73f35a32a5c63351e6c77dffa42f","bytes":375409}}
{"source":{"wave":284,"partition":0,"offset":284,"checksum":"8ab0d2e22ada106f39218b62c4bd3cf8c6523abd0151f2f554801cc6b77b720f","bytes":375409}}
{"source":{"wave":285,"partition":0,"offset":285,"checksum":"b99684979b6c27f56d62cf4fef05d416f686de10bb101d3fa9dd901b7558b94b","bytes":375409}}
{"source":{"wave":286,"partition":0,"offset":286,"checksum":"55731b78b65674e990157a53edb0e7fd101361cee82cabd060b587a72e9a77cf","bytes":375409}}
{"source":{"wave":287,"partition":0,"offset":287,"checksum":"1ca3107062642dc2e7b4214dc06e7d1ac54a953768ddedb1c7b8a4ec43a00d25","bytes":375409}}
{"source":{"wave":288,"partition":0,"offset":288,"checksum":"b58043de0af5e1725a1c58045afd15cb00b8c8aee148f84a3550ce80d2a51d3f","bytes":375409}}
{"source":{"wave":289,"partition":0,"offset":289,"checksum":"59287e6c06b34bacbf47609e784d651706c135156f2f40a11909708592f031ba","bytes":375409}}
{"source":{"wave":290,"partition":0,"offset":290,"checksum":"02422180d27edfec7e28212634d62465226c46f75e56108d0f7f1446f97660c9","bytes":375409}}
{"source":{"wave":291,"partition":0,"offset":291,"checksum":"aa3aadb6c011419028be4e8ac8a5d230f75e55f96398793231207076c2cc9dc5","bytes":375409}}
{"source":{"wave":292,"partition":0,"offset":292,"checksum":"ae2aaeb00424d3339c2087b3d1795d0c8c22e16bf79b3967d55dd39e9094c0a8","bytes":375409}}
{"source":{"wave":293,"partition":0,"offset":293,"checksum":"01a889595b546c5a047fab426af0590087e85b330a49a08f440f91cf6596665d","bytes":375409}}
{"source":{"wave":294,"partition":0,"offset":294,"checksum":"8efec7e9dd697a6fe755b9df35b2b5a27d84f60cae847068eaf2d7f88fe6bc8a","bytes":375409}}
{"source":{"wave":295,"partition":0,"offset":295,"checksum":"329b7eb9767219a72dbfd4943de163c78a459268bd0ca7902ef3842b0a374e22","bytes":375409}}
{"source":{"wave":296,"partition":0,"offset":296,"checksum":"092c59c682a9795e274726073719d8860f14d434096b037ebb5bde5a88f6343f","bytes":375409}}
{"source":{"wave":297,"partition":0,"offset":297,"checksum":"9f646575809a401961653928851b67444759a239c6a915ebe9da573e76a75558","bytes":375409}}
{"source":{"wave":298,"partition":0,"offset":298,"checksum":"196bf4358b2c966cdfa1284bcad0840d5f7026899312fa29c0ea2a72116560db","bytes":375409}}
{"source":{"wave":299,"partition":0,"offset":299,"checksum":"00e6c4bca2fc4da5cb617f242de271334176c6f4a719e9d23486ba1879cb44bb","bytes":375409}}
{"source":{"wave":300,"partition":0,"offset":300,"checksum":"50d5f5d8b3345bce9a677df63cbb116f0527d426744ac5f9587832c9d5138969","bytes":375409}}
{"source":{"wave":301,"partition":0,"offset":301,"checksum":"03b638eb0d1569f30144d5be76307837b7ff938d62b04745d21d9905d58bb9b6","bytes":375409}}
{"source":{"wave":302,"partition":0,"offset":302,"checksum":"9ada3608f9fd315c7735ce2ab2e5151b4e6ef4cd237a00ded329cc3882889dc2","bytes":375409}}
{"source":{"wave":303,"partition":0,"offset":303,"checksum":"9e6bb9e878ea087596a5d06a1bd9f8e9a22aae77d9227e8e277047b183807871","bytes":375409}}
{"source":{"wave":304,"partition":0,"offset":304,"checksum":"daa215a0b1da08225cd4ee72dd03e1d02a7ca753ef1790b592ede260afcac9d0","bytes":375409}}
{"source":{"wave":305,"partition":0,"offset":305,"checksum":"7d793ca2ddd5784227cc105427d9c37712ff6f24067ac9809a806cdf54720df0","bytes":375409}}
{"source":{"wave":306,"partition":0,"offset":306,"checksum":"64910c6fef538ce34f960ddb1106e5f2c382e93ef4d5d3a7f85371a2158859e6","bytes":375409}}
{"source":{"wave":307,"partition":0,"offset":307,"checksum":"c9b59645d3b368fabba1b54f20d3df365c41308d76f3099b5b4ef0d141f67942","bytes":375409}}
{"source":{"wave":308,"partition":0,"offset":308,"checksum":"fc3045394fd15e30070a1580c0217d136e996f0897914e9314284ac5c0446ade","bytes":375409}}
{"source":{"wave":309,"partition":0,"offset":309,"checksum":"ca4d2d186ad418c9c3bd1ba9c408d9de8923570b3fa95a54423b11b5c2d8f647","bytes":375409}}
{"source":{"wave":310,"partition":0,"offset":310,"checksum":"d432e0fd5dbac5b5be5b74b7b6bbf7e2ab860c94f487ab2ba6d709bc7d0800ad","bytes":375409}}
{"source":{"wave":311,"partition":0,"offset":311,"checksum":"6cb1e8c533f1844edebdb21f6b3a578a7eefceb4ab402c195894b5706338952f","bytes":375409}}
{"source":{"wave":312,"partition":0,"offset":312,"checksum":"0b2f48bd36442631c2fde5581d3ecf8a41e71ca5ba0a908068d3d6cbd4d1d4b3","bytes":375409}}
{"source":{"wave":313,"partition":0,"offset":313,"checksum":"9f6f30bb9e1030aebebca8d0096974da933411750f7bc93412dad63ae9ff22ad","bytes":375409}}
{"source":{"wave":314,"partition":0,"offset":314,"checksum":"0091efbcd6462905738d3dccf849f28c1e7f4af28e4b81f245e131564a22c944","bytes":375409}}
{"source":{"wave":315,"partition":0,"offset":315,"checksum":"fa5c09a474cabf6187d2e9f8a44f92fc3b7134ffec2276c56cbed0bf4fc87c8b","bytes":375409}}
{"source":{"wave":316,"partition":0,"offset":316,"checksum":"ebdb3a3b5e1bd443225c268ddae4805ca0c9b1d8e6787f5d806afac671a1e131","bytes":375409}}
{"source":{"wave":317,"partition":0,"offset":317,"checksum":"dd15edb259015d0b1cb31febe02b42da20ebbd2319dea88848494cf19653949f","bytes":375409}}
{"source":{"wave":318,"partition":0,"offset":318,"checksum":"c60e6318e7ab5f28f49068bda635101a685dfd2e74954dc4be5064aa3dc9431e","bytes":375409}}
{"source":{"wave":319,"partition":0,"offset":319,"checksum":"4514fba75b230f8b09c36ec2b128920b74c9b8f660a67b650a5e4d621a87b669","bytes":375409}}
{"source":{"wave":320,"partition":0,"offset":320,"checksum":"eb1014048142638c90cdb1918c4af95366162e566a0d396ccc0180d9a44c038e","bytes":375409}}
{"source":{"wave":321,"partition":0,"offset":321,"checksum":"02f613878971a9cc9726fe6c76bc809bb75cf9e71a4e7eaa3bcd0d68cd06cba9","bytes":375409}}
{"source":{"wave":322,"partition":0,"offset":322,"checksum":"462c152ac40d84f75dca1a0496e72c1077cecd93023ef56ccc913bab75158953","bytes":375409}}
{"source":{"wave":323,"partition":0,"offset":323,"checksum":"28d188661b16168a35cf3a5a820b65f8cb86e19aa9e02a6d1ef25e2695883336","bytes":375409}}
{"source":{"wave":324,"partition":0,"offset":324,"checksum":"64967b08fd4aff3fbff6b529ae1beb0c3ba0c7ec090c9b91c04ed5a71cf79dac","bytes":375409}}
{"source":{"wave":325,"partition":0,"offset":325,"checksum":"1c55f459fa52dc3ef8db9fd6db3fe92fab8ec101047e4626ac0224e058f59469","bytes":375409}}
{"source":{"wave":326,"partition":0,"offset":326,"checksum":"4960b217911a3e4e874cbbb9d52b711eedce26675b1b74bc97d948598fc5ceec","bytes":375409}}
{"source":{"wave":327,"partition":0,"offset":327,"checksum":"e52607ae7645d7098acdfe723269c1737df8e6025eab7a3391e06d2d8566c678","bytes":375409}}
{"source":{"wave":328,"partition":0,"offset":328,"checksum":"9a81547cdca659262891f552c9f6afc9dbb224c702a0d18cc7fefeeb29f03aa4","bytes":375409}}
{"source":{"wave":329,"partition":0,"offset":329,"checksum":"beee00df4165a46ba991b161631cb3f56d7bdeb98d81a2a4bcab2fa4af62b50b","bytes":375409}}
{"source":{"wave":330,"partition":0,"offset":330,"checksum":"fda0c5874e00a872d0943cfdc87fa5fa6f2ea7636970d88884bc3b3486c1fd3b","bytes":375409}}
{"source":{"wave":331,"partition":0,"offset":331,"checksum":"95698d0c7d05d1e9360bf0f07d9db1f37d24e4b43e6a5526dfa60c1f7df9c0ed","bytes":375409}}
{"source":{"wave":332,"partition":0,"offset":332,"checksum":"d5925fd5d9eb5c6534c0ff575017188e8e1f59c521f31ce5057b8bc17b902c4c","bytes":375409}}
{"source":{"wave":333,"partition":0,"offset":333,"checksum":"47a81c64166f963ddf12607695b28a13357d6c212d7d73b1ee1f3d1243150a45","bytes":375409}}
{"source":{"wave":334,"partition":0,"offset":334,"checksum":"6a0f0caa38f5b24611d4af1e08b032c472013f74f7bcd99df0339126f86a0702","bytes":375409}}
{"source":{"wave":335,"partition":0,"offset":335,"checksum":"120c0f667b451ff9da6e86a420ef0ba3c6e82139d30355b1e8de26f5e8bc9a1e","bytes":375409}}
{"source":{"wave":336,"partition":0,"offset":336,"checksum":"a64f8bfaba1e15cefe0716671d41030fc1698908544ba3be502b4fe5ad3bb0ad","bytes":375409}}
{"source":{"wave":337,"partition":0,"offset":337,"checksum":"8bfcbb461c1b2c3dad82229360428cd6027c35f878e98074a546b33660590230","bytes":375409}}
{"source":{"wave":338,"partition":0,"offset":338,"checksum":"ab13519d596f2ed92a81e8f638650894fdb30c7500db8c35d6c220d3f2b73c80","bytes":375409}}
{"source":{"wave":339,"partition":0,"offset":339,"checksum":"0a1ecdc02e06657cc79cc34fb509a2c8cde22b9f50f71f7f75ce0d906ab7f33c","bytes":375409}}
{"source":{"wave":340,"partition":0,"offset":340,"checksum":"97b566be6e5e80de79575ebf6d2ac5446e3aff7e5ff57a77516d5c14e361861f","bytes":375409}}
{"source":{"wave":341,"partition":0,"offset":341,"checksum":"422c4d02f4755b822dec843209047412e181a2104ea1294b102e80542312e59e","bytes":375409}}
{"source":{"wave":342,"partition":0,"offset":342,"checksum":"f419593e5d92e621e3cbe7c1bc3f7a780d6ec55d9e0e0d894b328703a1010c55","bytes":375409}}
{"source":{"wave":343,"partition":0,"offset":343,"checksum":"b1a76e2f7fb58ab082d2fe1a962787d61f811dbecd0e303aa192e23ca2fea20d","bytes":375409}}
{"source":{"wave":344,"partition":0,"offset":344,"checksum":"39ba4bc81bec8269f4c45c344c7157392fdfefd621a60197a911aa6c2b9f35b2","bytes":375409}}
{"source":{"wave":345,"partition":0,"offset":345,"checksum":"bfe52a239ce14840704a90aeb420a121b4dede92fda95a3d04179ddcd72c912b","bytes":375409}}
{"source":{"wave":346,"partition":0,"offset":346,"checksum":"2dadc88c3d3027d8572fc4bf436cbe16073e0231ae7ce1925bb625e8e895d794","bytes":375409}}
{"source":{"wave":347,"partition":0,"offset":347,"checksum":"e4f3694f6288e186279a441384238c8cbc4e4973a7b5391348587c3f191c42e0","bytes":375409}}
{"source":{"wave":348,"partition":0,"offset":348,"checksum":"a26299491491a7c1bf97f9c95dcaa54147ce2067c8c557ebfeae4efd26b0a2da","bytes":375409}}
{"source":{"wave":349,"partition":0,"offset":349,"checksum":"d14049828abaf6a8b7d851140f8d2b1dc3459ab412091ae745a28edaba705149","bytes":375409}}
{"source":{"wave":350,"partition":0,"offset":350,"checksum":"97c9ad02c74b3affc0ec36a24218ca3eca141751dc6371aac0880233b48585c1","bytes":375409}}
{"source":{"wave":351,"partition":0,"offset":351,"checksum":"b919931b75474d83013f58d5ee9dc29b096edbaefb75cb175de7a30fbfb721dc","bytes":375409}}
{"source":{"wave":352,"partition":0,"offset":352,"checksum":"f2640c3ef756ededdd2fcad9054f77e23ef7d5dcb34ee002c12df125532cef6a","bytes":375409}}
{"source":{"wave":353,"partition":0,"offset":353,"checksum":"b4ab2ad26487cdbd124e49f9c7e91ce08feb3f0231175b8e097d8e58332fd8f8","bytes":375409}}
{"source":{"wave":354,"partition":0,"offset":354,"checksum":"20ecd6066d1e79d2b73258a262100724f896ec24c44377824768ea2993865995","bytes":375409}}
{"source":{"wave":355,"partition":0,"offset":355,"checksum":"ba283950e84060cf25770cddb7fd89f3ab7c02dda4ae7780c183566e12261b86","bytes":375409}}
{"source":{"wave":356,"partition":0,"offset":356,"checksum":"91d38f9c338a135abb3c8ba9a67aba8673e0a8ee79c37e948b394a4aea5f421a","bytes":375409}}
{"source":{"wave":357,"partition":0,"offset":357,"checksum":"1d0434256f699b46e8a1813c7419aae3ac2ee8786ceb7a0221c0f98ae3430b17","bytes":375409}}
{"source":{"wave":358,"partition":0,"offset":358,"checksum":"6fedcdab93e668ee0285a8ab4db6f77c6ec4bf7a4883074e213e7eabc7ccfaac","bytes":375409}}
{"source":{"wave":359,"partition":0,"offset":359,"checksum":"044b3802d34596d7e4ee1f72e4daa6e05cd75565d10e57c9b56ed658ee3289ad","bytes":375409}}
{"source":{"wave":360,"partition":0,"offset":360,"checksum":"eb40113a6257e2d697b1bfde278df54f7635bf1b3a70969f816eded9dab89896","bytes":375409}}
{"source":{"wave":361,"partition":0,"offset":361,"checksum":"264ea34a70f6634cf7ae086b17babf92369e6dac44da0194367c20d964c4256f","bytes":375409}}
{"source":{"wave":362,"partition":0,"offset":362,"checksum":"8d94a5025e55b627a1d9d47f189d9cf24cb6333876287f6f659ca5b0c6e07b8f","bytes":375409}}
{"source":{"wave":363,"partition":0,"offset":363,"checksum":"5f1da79c579ba392b541a2a6daba0c5df5e6aa5275b1f966defa224ed8cf15a4","bytes":375409}}
{"source":{"wave":364,"partition":0,"offset":364,"checksum":"0917982827c7f7f209af5487085ad45fec2cd7b5cc977d16d11ade28e929fbdd","bytes":375409}}
{"source":{"wave":365,"partition":0,"offset":365,"checksum":"b87fbca1167d6fd1c58337f97b94d0a9b9b60a80dcc1ce3e5d2e35c174a426c7","bytes":375409}}
{"source":{"wave":366,"partition":0,"offset":366,"checksum":"50213c93ead89866a7b7e7bd6f5c15ac4548a052c8ec4dd930297e57a42c1d57","bytes":375409}}
{"source":{"wave":367,"partition":0,"offset":367,"checksum":"c8e6e9b7686aa6296dfa94e2513bd78db504e04a3cee87d1a7d59434774f2a1e","bytes":375409}}
{"source":{"wave":368,"partition":0,"offset":368,"checksum":"48ba37ff8a276c44bd209801d47dc8c89b0b9e69d1e479b8ca8bd410654ffa01","bytes":375409}}
{"source":{"wave":369,"partition":0,"offset":369,"checksum":"e7f62f1e7526a0b89d8adcc18a50f9f61445b799ff8ee23f317ca1a0f6897b90","bytes":375409}}
{"source":{"wave":370,"partition":0,"offset":370,"checksum":"5b88bc3fe929d44a5e4f1d13e6c82a18be88e91efab10d93402db3f4ed8d9e83","bytes":375409}}
{"source":{"wave":371,"partition":0,"offset":371,"checksum":"cf358d3b784ad163be54122a7258a23d76fb815122a5652e0d12f58eeda2c927","bytes":375409}}
{"source":{"wave":372,"partition":0,"offset":372,"checksum":"598973d076235ed34fd18a41d1e1ba5c28b6a7566aa695395babefc47892258d","bytes":375409}}
{"source":{"wave":373,"partition":0,"offset":373,"checksum":"584e202739bd5586616c288f0b2576caf7f9376bef702706c935fb502bae225d","bytes":375409}}
{"source":{"wave":374,"partition":0,"offset":374,"checksum":"6548bb1b1be819be618318826ed458de696b802b368fda54bd5f5a01392dab1f","bytes":375409}}
{"source":{"wave":375,"partition":0,"offset":375,"checksum":"fa2ebfcdc391794d41879564ab4ac90f98de4ee1e6f5ae9b7d2b3fc4337f5b5f","bytes":375409}}
{"source":{"wave":376,"partition":0,"offset":376,"checksum":"60a77226663e1dbfcf6ff1f75cefd487b2621070c1df6ec64cff638d54c2b1b6","bytes":375409}}
{"source":{"wave":377,"partition":0,"offset":377,"checksum":"948e311417dc8ee6067a27fd98f665d6e98f2f386acaed214d0aab339dad315f","bytes":375409}}
{"source":{"wave":378,"partition":0,"offset":378,"checksum":"5b1749999475b39477d504692575acbb168adc69bb628e23706ffed55bfc48e9","bytes":375409}}
{"source":{"wave":379,"partition":0,"offset":379,"checksum":"7a1f7ea723ead5fab05e029e358af3bddfa5955d8429289d4602e004adaaf03d","bytes":375409}}
{"source":{"wave":380,"partition":0,"offset":380,"checksum":"da9c027cddcd4dac6ee206f69ade05bc22f972a596ecf2cac246cb453a3259de","bytes":375409}}
{"source":{"wave":381,"partition":0,"offset":381,"checksum":"66ab84cd9adf4a9d16d5da95147ade87b069a73e48a4064fa8ddb30f212304ff","bytes":375409}}
{"source":{"wave":382,"partition":0,"offset":382,"checksum":"0765994531a60eb38f16c932b2c58c52da1e86ad20933415d29ed7fb6c8599f4","bytes":375409}}
{"source":{"wave":383,"partition":0,"offset":383,"checksum":"5686a2b8bf087181cedf3ea9791def68ecdb77243bbd14a3ebc1047570377f7a","bytes":375409}}
{"source":{"wave":384,"partition":0,"offset":384,"checksum":"5f5d7a2954e6f49ef61f7cb12825f022387b7ac2c9ea04408703c45dd8491a9d","bytes":375409}}
{"source":{"wave":385,"partition":0,"offset":385,"checksum":"12a1512b53b326033dbfd4726ad3f9108f5ec5a529e994d76cb67b0512bf88d4","bytes":375409}}
{"source":{"wave":386,"partition":0,"offset":386,"checksum":"097cf5da60d86df8a40184466b6e19e82d8373e85a0a3c8386fad76fa31d12ce","bytes":375409}}
{"source":{"wave":387,"partition":0,"offset":387,"checksum":"6e9a468c43fb97292452dc9fe39f6cecbcf392e15355e5401bab1aee95c10fe5","bytes":375409}}
{"source":{"wave":388,"partition":0,"offset":388,"checksum":"4703888bd03e2e695530c1ddcfefa7f81479b805b1cf65e78da0800dabbfda67","bytes":375409}}
{"source":{"wave":389,"partition":0,"offset":389,"checksum":"5e4fd4f0499a4747e3a9fcc4dae0ff74956fd659884b774e92d4e8a9163caee2","bytes":375409}}
{"source":{"wave":390,"partition":0,"offset":390,"checksum":"1d9643ff97a199d1f9f5287cfb1cec034917af297f7434ee634f971f4ae0d410","bytes":375409}}
{"source":{"wave":391,"partition":0,"offset":391,"checksum":"8dbe012a1a6af4fc76ab844f06425c40aacec4310351d45af7774b53cb9d7ab4","bytes":375409}}
{"source":{"wave":392,"partition":0,"offset":392,"checksum":"dcbf1223eab4db505a04f44077ee763c9f5482748d9678cd68e3428b6530e132","bytes":375409}}
{"source":{"wave":393,"partition":0,"offset":393,"checksum":"913b07655ad2937a46dcb4cd82e2d976f671a0d38d61946d9c52f533a4c8a95f","bytes":375409}}
{"source":{"wave":394,"partition":0,"offset":394,"checksum":"8809bf9adf357dd1b9ea01124ef1885182ac580202eee6a935f0a36d778db824","bytes":375409}}
{"source":{"wave":395,"partition":0,"offset":395,"checksum":"77f71d9c62f40593d5eb253597cc3b9e3226b3da41d7e0bfa958e7f1529aa57f","bytes":375409}}
{"source":{"wave":396,"partition":0,"offset":396,"checksum":"96cb3879d2d238af528ec05d3e2a653120887802c486ac2f4b8f8b4d3b07024d","bytes":375409}}
{"source":{"wave":397,"partition":0,"offset":397,"checksum":"eadf9de2fd95ef691512e314794fd2312b8dde8a91e8e80c1386581a7183cb50","bytes":375409}}
{"source":{"wave":398,"partition":0,"offset":398,"checksum":"60174687a2ce8fcf1642e37a692a20365236b213af9af13d44177f9ee4c80421","bytes":375409}}
{"source":{"wave":399,"partition":0,"offset":399,"checksum":"c3dcb5d94c2c326d3c4e782debcabb0dbeb3f492b05f42095f274c5969cabe6b","bytes":375409}}
{"source":{"wave":400,"partition":0,"offset":400,"checksum":"326b97f7797e7e6edbda212952b4040f0c12012bda5a0285a3207f52e7c3e43a","bytes":375409}}
{"source":{"wave":401,"partition":0,"offset":401,"checksum":"65bcb84241c5310614bd5d9aaa53483003f744b9cd97123edbe9531fc2baed25","bytes":375409}}
{"source":{"wave":402,"partition":0,"offset":402,"checksum":"45522172d2c04dba3a06d3fa13e234530b8e9e537988216c22f1df854e6d4c25","bytes":375409}}
{"source":{"wave":403,"partition":0,"offset":403,"checksum":"1f3461d935f6e2a967817830e84ad5c94ba650691e94a24cdaeb6de6dd5f0d47","bytes":375409}}
{"source":{"wave":404,"partition":0,"offset":404,"checksum":"71fbcc9549007c03faed86c72b2bbcc2d1cbcffe038a90b043e435592d6dc356","bytes":375409}}
{"source":{"wave":405,"partition":0,"offset":405,"checksum":"b83022b0ec3c2d6e6f4b099729730da6b4d7576e742fe7c6275d9dac0def247d","bytes":375409}}
{"source":{"wave":406,"partition":0,"offset":406,"checksum":"b840e9866a1a986717a32ad83f67a25a6dd37ecc1b5e07092bfa2a23ed3dc705","bytes":375409}}
{"source":{"wave":407,"partition":0,"offset":407,"checksum":"c466c483e56c6d0ac628041ba3f93e02b08e3b28806cef1401009a9bba90b637","bytes":375409}}
{"source":{"wave":408,"partition":0,"offset":408,"checksum":"dd57d21b707e085d8fd360522194b85d8db6e9ea3aae8981382ccd611b796a39","bytes":375409}}
{"source":{"wave":409,"partition":0,"offset":409,"checksum":"d89676645def1a917b41cc938ef8c38fa25144fa20298cc4131697cc6cdd904f","bytes":375409}}
{"source":{"wave":410,"partition":0,"offset":410,"checksum":"116a5fc3b3f6c48445c569418bc51170657050e47d1d78a87303c97ace733f09","bytes":375409}}
{"source":{"wave":411,"partition":0,"offset":411,"checksum":"09acc17d1f4acccac5021fa481d8a6d3b10d16f861c4ef115ee5808596ac5f7d","bytes":375409}}
{"source":{"wave":412,"partition":0,"offset":412,"checksum":"31d5a12ba9db036c931f85d7d03d610d69e5b1fb0b9f07e10ec8f68db6e45d61","bytes":375409}}
{"source":{"wave":413,"partition":0,"offset":413,"checksum":"93f0dd3b131cb418432d7dd0201235f747b163848c4cec3311060cf754d8cc49","bytes":375409}}
{"source":{"wave":414,"partition":0,"offset":414,"checksum":"78e9e71b266790f41b7f151d7c1bbccbd1b6c97e25c2c08e31710b33e2cdc726","bytes":375409}}
{"source":{"wave":415,"partition":0,"offset":415,"checksum":"2c3beae2a4b0254b44d32a2c35a63feeea3e8415b4f4650eabb830ff29ad90d2","bytes":375409}}
{"source":{"wave":416,"partition":0,"offset":416,"checksum":"9509b56c04a3844763a15d70f93ff589c710f4ca7aff8d2128c6d6633dc6da9a","bytes":375409}}
{"source":{"wave":417,"partition":0,"offset":417,"checksum":"634e616e22bd247e5466b38f857f1b106a4e486039e82c5acc064e97f2721b05","bytes":375409}}
{"source":{"wave":418,"partition":0,"offset":418,"checksum":"f629135e9c092b8066982ef152d7b8bac3ed37ded12ac4798ca64c174d02d0c3","bytes":375409}}
{"source":{"wave":419,"partition":0,"offset":419,"checksum":"a1accb2f345e859e9e535a3dea3069a918d03665c6f863f0710ef4a8efd18816","bytes":375409}}
{"source":{"wave":420,"partition":0,"offset":420,"checksum":"29eb80915a7e73b2eb090e0a4acf55bcd5af92e4f3a85b387e49d0eefb15eb2a","bytes":375409}}
{"source":{"wave":421,"partition":0,"offset":421,"checksum":"6120c836d126a267fb30e9be186fe4b11635c80adead258953deb16cdb4935ce","bytes":375409}}
{"source":{"wave":422,"partition":0,"offset":422,"checksum":"551c019cf567470724b39c48acf62b1d729080d2d5d2d5be6fb434a264b5710b","bytes":375409}}
{"source":{"wave":423,"partition":0,"offset":423,"checksum":"988cfbb18fcf9f66f0d27026b97a67ba259ec555e7d5ef443675e77d9845ffb1","bytes":375409}}
{"source":{"wave":424,"partition":0,"offset":424,"checksum":"d7e2f99964029e1a056ccec9fba01fdb83071270e440d4c1c06924cf8fe7aa16","bytes":375409}}
{"source":{"wave":425,"partition":0,"offset":425,"checksum":"a54a2525efc4009e2f5961643513cbb05a3ccf20ea30d00491649d082b2ac6a2","bytes":375409}}
{"source":{"wave":426,"partition":0,"offset":426,"checksum":"9f696062c2a39bed1a9c665d124e8bc11aaa319c5028a0b433fbcdae87959dbd","bytes":375409}}
{"source":{"wave":427,"partition":0,"offset":427,"checksum":"bb18bc045d0a8e211b10359d51d646e2b5927737fbccea75ec4c84c246a38fca","bytes":375409}}
{"source":{"wave":428,"partition":0,"offset":428,"checksum":"d31cf93ec49a8c09c9845f3600549e5f36157a7b5d7d087d9c904a2a41ffebc0","bytes":375409}}
{"source":{"wave":429,"partition":0,"offset":429,"checksum":"f0ecc879e41ed8fabc33988b86f6d42837f8554aa558eaecde200dbb7d64ebc2","bytes":375409}}
{"source":{"wave":430,"partition":0,"offset":430,"checksum":"13b44b709f2a7b9dd7f34a795602babdcff6b23ff8c00a9dad4ac9b1b9e24a84","bytes":375409}}
{"source":{"wave":431,"partition":0,"offset":431,"checksum":"51d981759c6da4b8b58a723ab2152f39076748d5b7da3c9d67e8519272453c88","bytes":375409}}
{"source":{"wave":432,"partition":0,"offset":432,"checksum":"ebaabb7a96646fc813e2b0dda3be5f5fd784aced628d123ffec3c53e7d9a70e8","bytes":375409}}
{"source":{"wave":433,"partition":0,"offset":433,"checksum":"0591fc40e82005058c88936a11749fc2cdba7601431642dfcd5c28c8ca0d6264","bytes":375409}}
{"source":{"wave":434,"partition":0,"offset":434,"checksum":"12500a00d87a047b464b4b3dbff8052ec9e064ab482104b8e0fed85213cf2207","bytes":375409}}
{"source":{"wave":435,"partition":0,"offset":435,"checksum":"8efae6c21d85ead769368130135e40ebcb96f0d6d498d70aa87a2e679accbb01","bytes":375409}}
{"source":{"wave":436,"partition":0,"offset":436,"checksum":"c32842bd6d006ec2f5548b741ef825e8fbb311169a1047f0056f9811fcca5428","bytes":375409}}
{"source":{"wave":437,"partition":0,"offset":437,"checksum":"2d5e237e92a8ed3ef8d1e467bd5b62b88064b8c744dc91c54eb516600a007dcf","bytes":375409}}
{"source":{"wave":438,"partition":0,"offset":438,"checksum":"3cfb9f004ce6e91aec2556623f29915cb36d2064d75b6023889802576c5a5418","bytes":375409}}
{"source":{"wave":439,"partition":0,"offset":439,"checksum":"0efddbd3c456b2552d0890566d9b11d27a74a02c391f803d1c546dc7191bfb19","bytes":375409}}
{"source":{"wave":440,"partition":0,"offset":440,"checksum":"0cb2e7f3e6235b355316ca3d97ed0bcd96a74b032c8f6a5ceb19d299f1fe6e08","bytes":375409}}
{"source":{"wave":441,"partition":0,"offset":441,"checksum":"0a6a7a9951a7c744336a0fe89f2ee50e817e809201ef36ccf414d6a1c8d91085","bytes":375409}}
{"source":{"wave":442,"partition":0,"offset":442,"checksum":"fdf0f724d77c4b9f6e2e1c0664341d883416c8da2eac4de14d3c2fee12e7fe23","bytes":375409}}
{"source":{"wave":443,"partition":0,"offset":443,"checksum":"68c7a67d87ffb50f6c13a2aed4c4bd5e0ccd55336c2df96ce67275da58b8dedd","bytes":375409}}
{"source":{"wave":444,"partition":0,"offset":444,"checksum":"c0d5d6ab18c479ade05a6c714fe06830c92458114e32c975debebb9b25e1c487","bytes":375409}}
{"source":{"wave":445,"partition":0,"offset":445,"checksum":"9ca0c56e3e3608dc0d782510ce1c3b4c5dcdcbc310d66152f73455c4d6909c9f","bytes":375409}}
{"source":{"wave":446,"partition":0,"offset":446,"checksum":"4a8ddfd93176946c16765f7a728ab66308ee4f209a3326f6422fd9f4e3fb005b","bytes":375409}}
{"source":{"wave":447,"partition":0,"offset":447,"checksum":"131cbe53e48b38ad5f9709eb4048947239c61c421c4250db42980421904c335e","bytes":375409}}
{"source":{"wave":448,"partition":0,"offset":448,"checksum":"a2c70a453f66e1ab67d106c4b513cbdcc34be544dd0d0a287dfb7661cf4d458a","bytes":375409}}
{"source":{"wave":449,"partition":0,"offset":449,"checksum":"8e97e8f05e177c6cf038f25cd639244cac41da63935670923f6369f20c591002","bytes":375409}}
{"source":{"wave":450,"partition":0,"offset":450,"checksum":"eedf2bfbc9884901b3c107cd0b0b28f2a2d3a3a8a4f7eccf5ac5f3e3c6b24f45","bytes":375409}}
{"source":{"wave":451,"partition":0,"offset":451,"checksum":"b7031d4b86e527d88d656f37de3a5523d8d38a74f5e9f593615c3f01a3cd7541","bytes":375409}}
{"source":{"wave":452,"partition":0,"offset":452,"checksum":"9f5d6ca7d778ae214c5e5bde05617bc42113c9ec8d790aee6cff12500dc0b633","bytes":375409}}
{"source":{"wave":453,"partition":0,"offset":453,"checksum":"04b4b5f2e22d2b7c4c09217e3ef561fb3433b53effb19baa5602f2db02991adc","bytes":375409}}
{"source":{"wave":454,"partition":0,"offset":454,"checksum":"8416f8c8d9d8cdc41c7546d79905c015947f01c02bd1c55a871a6fae8d4ede76","bytes":375409}}
{"source":{"wave":455,"partition":0,"offset":455,"checksum":"ed4292e1743e6b4784c1ca7c097e5b7a9f73df1b9b95ecce8d117675fa73d264","bytes":375409}}
{"source":{"wave":456,"partition":0,"offset":456,"checksum":"5f0fbb2e03694bea0ee083b12f7367f83f554e39c1f375f8d32cea96e3ec252e","bytes":375409}}
{"source":{"wave":457,"partition":0,"offset":457,"checksum":"15e3394c7cd2a46e11662722d465bbbc1238341e6574c528abea51045c5be655","bytes":375409}}
{"source":{"wave":458,"partition":0,"offset":458,"checksum":"10eb198a296b32d1a5d66a781003516bd09680c2158d79f112686d66ebcafa54","bytes":375409}}
{"source":{"wave":459,"partition":0,"offset":459,"checksum":"140d3abc0735b56289baea7aa511cce2896662e8ffd6a2cc437bbd4eaed5392c","bytes":375409}}
{"source":{"wave":460,"partition":0,"offset":460,"checksum":"099c16038e8de5f3f2f5ba3c54ade141a96c00af9287619867755ebbed1e9861","bytes":375409}}
{"source":{"wave":461,"partition":0,"offset":461,"checksum":"61e605948b0bf1dc7f1dfd997dac64f60b096704c6a0e8039c4899f8e6b7e51c","bytes":375409}}
{"source":{"wave":462,"partition":0,"offset":462,"checksum":"6f8f8e6cef0676bae0cd412196c30b9585edbc9dcc37837798d63e978c38b46b","bytes":375409}}
{"source":{"wave":463,"partition":0,"offset":463,"checksum":"29805e6a2df1d376a58d785ac1ead2bb7d5341622ef4713fc141222af7a9ce59","bytes":375409}}
{"source":{"wave":464,"partition":0,"offset":464,"checksum":"1bb206ccf91e73677caab146ac392b62bf35c4c6050f690b731123f6722ec4a7","bytes":375409}}
{"source":{"wave":465,"partition":0,"offset":465,"checksum":"e965ccc1602ad08c0cfa16f026612331cda4d84fd038808d88d7071b96889ada","bytes":375409}}
{"source":{"wave":466,"partition":0,"offset":466,"checksum":"3ea854ef3bb504b292d665a70c20b5483119f00d93a51cbb1a80fe93b2362367","bytes":375409}}
{"source":{"wave":467,"partition":0,"offset":467,"checksum":"cb857b8409c9da197aebadefe970b62dc52200e967170053f873bc34a007753e","bytes":375409}}
{"source":{"wave":468,"partition":0,"offset":468,"checksum":"56b610192dcd9ba72e5a2662b17b9790260555ff021bb1d47bba8865bc4b6986","bytes":375409}}
{"source":{"wave":469,"partition":0,"offset":469,"checksum":"c601718321c8a98002fe01e16eceee94a118ab9b95b35c7d46632d15cee9ad7d","bytes":375409}}
{"source":{"wave":470,"partition":0,"offset":470,"checksum":"3ea4310a4784e12aa47952dff795b7361c58939dab4611621ba00bc40a6bae76","bytes":375409}}
{"source":{"wave":471,"partition":0,"offset":471,"checksum":"4ce68d5894813e4cfde0a130748199fe3d308be229bd04ca258871209129bda9","bytes":375409}}
{"source":{"wave":472,"partition":0,"offset":472,"checksum":"d040a457451ef9ec4f6ce25fe3475469d25b73ebac988572822aee977af8878e","bytes":375409}}
{"source":{"wave":473,"partition":0,"offset":473,"checksum":"c06f0dcac444d4cb91b38342f3c06797d23439248a6b83ac9d788cc4352dafb8","bytes":375409}}
{"source":{"wave":474,"partition":0,"offset":474,"checksum":"64884392127157f6b006bb9ca31bf67d5565ae59e1419bad1d2de7a0356133a2","bytes":375409}}
{"source":{"wave":475,"partition":0,"offset":475,"checksum":"6fdcad0be0643a82d5310279361b5aa5500f25ada7f109b2e34c08ee4781a4ea","bytes":375409}}
{"source":{"wave":476,"partition":0,"offset":476,"checksum":"2e5de0d12c63453fd14342a4880493c2f3e5cf9b83f45263cf7504cb6e4aaa81","bytes":375409}}
{"source":{"wave":477,"partition":0,"offset":477,"checksum":"c406ff7df0086ef3cbf8bcdf26cd2aea711c4a4a8675020c74829098a6d66a92","bytes":375409}}
{"source":{"wave":478,"partition":0,"offset":478,"checksum":"80fba1f56533df7353e0625a77e782bac20d38e53048e6ae1f6646a62694851e","bytes":375409}}
{"source":{"wave":479,"partition":0,"offset":479,"checksum":"59f5219ace907c05ca1bf1aef643730976bc0dbf2beea29b9beeea9cbfa605b7","bytes":375409}}
{"source":{"wave":480,"partition":0,"offset":480,"checksum":"c9c0b2e7d2e8ac4c7aff721a8d9c6f0074c7b88abb1ac93d92c74cca722061f6","bytes":375409}}
{"source":{"wave":481,"partition":0,"offset":481,"checksum":"9555e9da0a8286f6579725211c36b1eba182bf1b9a5217ea4a3931f648448c52","bytes":375409}}
{"source":{"wave":482,"partition":0,"offset":482,"checksum":"a119ef225f12108782c60d2c6dffc62d240cde06558382bdabe4ef1c4d8fc35a","bytes":375409}}
{"source":{"wave":483,"partition":0,"offset":483,"checksum":"1c05fad6e7a5c6a9faec81a222ec663da4f384483cdcb93d73222aa05cd31597","bytes":375409}}
{"source":{"wave":484,"partition":0,"offset":484,"checksum":"d48f5569cb4cf841d8556a696eb66d59c54d372ce7646cfd62220d6b09928041","bytes":375409}}
{"source":{"wave":485,"partition":0,"offset":485,"checksum":"606edab81e73e7595a00c0def5bb49acb48486deb3afc9cd2422889f49210c47","bytes":375409}}
{"source":{"wave":486,"partition":0,"offset":486,"checksum":"5fd5eeba9994a1b74e01f5701ff7cd27b39b42d301942f9046bdd93446df4848","bytes":375409}}
{"source":{"wave":487,"partition":0,"offset":487,"checksum":"0cc762eaa63d6cbf066606ee5136e78770eadf474dff69acd84bb01467c73b6a","bytes":375409}}
{"source":{"wave":488,"partition":0,"offset":488,"checksum":"4eeee5403289f857be89f997ee8d47a8e058a6e7a020ed95a2dd7c2e0f6a94c6","bytes":375409}}
{"source":{"wave":489,"partition":0,"offset":489,"checksum":"a8528e9f5f826adf1b0234f159418988884e5b0eeac0bf03f7daa45659b800b8","bytes":375409}}
{"source":{"wave":490,"partition":0,"offset":490,"checksum":"aab711a442e902c384fb08d11de00ba9415d3fd65d63327d5ab9d327729ee946","bytes":375409}}
{"source":{"wave":491,"partition":0,"offset":491,"checksum":"22d6c67087c12c411942485fbdae9987917d5b6568c219bd0d6554663bb57aff","bytes":375409}}
{"source":{"wave":492,"partition":0,"offset":492,"checksum":"7fcab880be84195caf5a4c6f6857639ce3b13737e7c17bb4a076f4157af60827","bytes":375409}}
{"source":{"wave":493,"partition":0,"offset":493,"checksum":"65b56bd62c54e6dae44a1dcc41c13fe39c7b23959781b6e23ba6a78c30ca582d","bytes":375409}}
{"source":{"wave":494,"partition":0,"offset":494,"checksum":"beaa6ab2a1eee1f0c680858ac3c1ffd4d7b12aa4b36f92df2c0bb6e6cb1f2f26","bytes":375409}}
{"source":{"wave":495,"partition":0,"offset":495,"checksum":"3834d22712373a120c525f08a32f1af020119d4ee46fe11c5961e32c4f3b0180","bytes":375409}}
{"source":{"wave":496,"partition":0,"offset":496,"checksum":"1e0b6accee3f30cc3745c6f58267966639e5b5d3393b6222a9008a71026cb5e6","bytes":375409}}
{"source":{"wave":497,"partition":0,"offset":497,"checksum":"e1a46d17170026440bc6fb70d5d4b97a755d92d1382fa6f74050e7e99457abc7","bytes":375409}}
{"source":{"wave":498,"partition":0,"offset":498,"checksum":"ed7c66a9d2a8a066c3c2ec39424d845946c2778feecc6399ed4a51f40b159063","bytes":375409}}
{"source":{"wave":499,"partition":0,"offset":499,"checksum":"b5ba6d1ebb9e07f9b01f8426c3de2f5d09989f48f11bd7c694d9c77741404b01","bytes":375411}}
{"source":{"wave":500,"partition":0,"offset":500,"checksum":"ca7385a78525875628f9a5c3998bffede02ebd67c0cda7dcdc0543232b9d8830","bytes":375611}}
{"source":{"wave":501,"partition":0,"offset":501,"checksum":"995c1b27aa7b046c4859e51892dd4ce464aaca8a2abff0363268efa9281c6710","bytes":375611}}
{"source":{"wave":502,"partition":0,"offset":502,"checksum":"56673e0d123be6d95a71af4278974338084ad7c6265af24eb8c97461a4951445","bytes":375611}}
{"source":{"wave":503,"partition":0,"offset":503,"checksum":"ea3b0d697b04bc1902a8e69d86609e24d0134bd09504b6ca35d76af5559fffbd","bytes":375611}}
{"source":{"wave":504,"partition":0,"offset":504,"checksum":"e0f519eeba91eecc5e56511aa493e2de47873921cbf99835fce954eee48d9a77","bytes":375611}}
{"source":{"wave":505,"partition":0,"offset":505,"checksum":"2d3e35c7f656be1b4c30b78ea712a7b1111284562a586a9f058b0a27f0b51de1","bytes":375611}}
{"source":{"wave":506,"partition":0,"offset":506,"checksum":"013e5920f1d22e420de41f979d7ed34fac3c178e20d630c8549acb2f05a387e6","bytes":375611}}
{"source":{"wave":507,"partition":0,"offset":507,"checksum":"efc9c808c9d13080b486995abfa9e009550ed9ec227d240c4d00e85d4be2ec2d","bytes":375611}}
{"source":{"wave":508,"partition":0,"offset":508,"checksum":"a564a19fac68cb3e63d481e34b6599d96e5a87e2b8a86f75b3a581f169ad79dd","bytes":375611}}
{"source":{"wave":509,"partition":0,"offset":509,"checksum":"d576f2fda1eab2ea479ac226ca8065c8918d2858286244c98d1ac6d4c424a421","bytes":375611}}
{"source":{"wave":510,"partition":0,"offset":510,"checksum":"09111f2c58cb24566f404ed46e2203b3f77bb6f95210aa054a170fa1c9f25397","bytes":375611}}
{"source":{"wave":511,"partition":0,"offset":511,"checksum":"3b686654950e6e46f4b56c7a3f357856b68168b6dc28c9ac115ab94dd37c773b","bytes":375611}}
{"source":{"wave":512,"partition":0,"offset":512,"checksum":"2c1b17bbcb0cf656e8489bd92a2c056ae96e1f27c6138b4357e76f8bd4bc1764","bytes":375611}}
{"source":{"wave":513,"partition":0,"offset":513,"checksum":"c74a9d5e59ecb6cea04c2354ba1f88f53646d983d96f2969c67ca70fb202a509","bytes":375611}}
{"source":{"wave":514,"partition":0,"offset":514,"checksum":"41b299dd95ee2e53a36cdc4b404bb699fa6a128029a1080ef849ef23a860c8b4","bytes":375611}}
{"source":{"wave":515,"partition":0,"offset":515,"checksum":"6e84607bac8730fffd9d5ddfa21ec0a3bcf6c01e98b1ba87a5d7d1c19966a470","bytes":375611}}
{"source":{"wave":516,"partition":0,"offset":516,"checksum":"fdc549e142ad93e442094e494d0f59900e48534740c6dc4a8ce0fe4f2b0095e1","bytes":375611}}
{"source":{"wave":517,"partition":0,"offset":517,"checksum":"dcf102eb59695e094fd2b5a0938d77d704d3599bd8db168bcfc8fcd57d5a620f","bytes":375611}}
{"source":{"wave":518,"partition":0,"offset":518,"checksum":"c8fe6a0d8e8dea410f468c6aeabd5ccfc55eb73d24b51c5758d0a7ed464c912c","bytes":375611}}
{"source":{"wave":519,"partition":0,"offset":519,"checksum":"4b399a37885634d1b1777559b1b56cf73f2e8b88aa33aa232e7862059a705fd0","bytes":375611}}
{"source":{"wave":520,"partition":0,"offset":520,"checksum":"a0df13943fce2c854c731364f228ba8237586edad7f8fc8f05e0ece2925fa5a0","bytes":375611}}
{"source":{"wave":521,"partition":0,"offset":521,"checksum":"8fee5d191e39597a0ac894175fb09de8c3b787d3adf220b35f1c2f5dc7e529b2","bytes":375611}}
{"source":{"wave":522,"partition":0,"offset":522,"checksum":"b361c58f2061aea8eb36c9546e1db579805861ea79500ee05d89b5b86252d452","bytes":375611}}
{"source":{"wave":523,"partition":0,"offset":523,"checksum":"c67ac9f022bf1b2ff234e4f3812bd2ae3c3af4568797bea759869bd9ba30714e","bytes":375611}}
{"source":{"wave":524,"partition":0,"offset":524,"checksum":"0475711bd45a32cbfc6934c237abc66d3d6d9836823e0bb62fa6ad22f6437be3","bytes":375611}}
{"source":{"wave":525,"partition":0,"offset":525,"checksum":"e9e486b5a12b8d8702d3a61b220b065cae2eebc9a3d4c192af9bb96be9bb9524","bytes":375611}}
{"source":{"wave":526,"partition":0,"offset":526,"checksum":"ae082d7f6dc3586cb7c077371cdcadd492d1862465d9dbfec450922430474f22","bytes":375611}}
{"source":{"wave":527,"partition":0,"offset":527,"checksum":"8c89265e777bbcaaa0521bfbd4f821d218fa17bf22cada38ff55aad0472a48a0","bytes":375611}}
{"source":{"wave":528,"partition":0,"offset":528,"checksum":"3ef1a3b3712630b7ad596f76a97d492738d3b8c5a00cf7e695205492260a94b4","bytes":375611}}
{"source":{"wave":529,"partition":0,"offset":529,"checksum":"64086930e3a9cb09bd49231cac4dc1ca6a361f01dd74616a9c441efe2ff2af5f","bytes":375611}}
{"source":{"wave":530,"partition":0,"offset":530,"checksum":"0f4778d4a32d10b525741d25cc155cded3a90b8cae74624421248c795911708e","bytes":375611}}
{"source":{"wave":531,"partition":0,"offset":531,"checksum":"409f22fbf11c17408519087659ca8c280a9a23cd74f5fed2456fa3c291524eec","bytes":375611}}
{"source":{"wave":532,"partition":0,"offset":532,"checksum":"007dc95c0666ab5b6aa7f9ea5402c9ad41f54e547847236d61be6001cd3abca6","bytes":375611}}
{"source":{"wave":533,"partition":0,"offset":533,"checksum":"67d358649d081967a9ac60c7416d6453a531414c3c2ba82dedbc12ef0d7f20c6","bytes":375611}}
{"source":{"wave":534,"partition":0,"offset":534,"checksum":"4087473b397c490e2f6972f1ddbadb05efcd5d70a06e2aa649dbeeefda77f26e","bytes":375611}}
{"source":{"wave":535,"partition":0,"offset":535,"checksum":"8fef44aa450f1d6493fbda055f4316ea27136422aa3d0dfc8d2e49535277115a","bytes":375611}}
{"source":{"wave":536,"partition":0,"offset":536,"checksum":"daf50ab31603145cfe8a81e99315ed263300bddca5623f5240081db21ad53b6e","bytes":375611}}
{"source":{"wave":537,"partition":0,"offset":537,"checksum":"26c0a9698934e26ab011f2cd7069318d7779a4e36542b751843d8da8fbe5da74","bytes":375611}}
{"source":{"wave":538,"partition":0,"offset":538,"checksum":"d98dc9d50f4cc01a1d8ebc56994d3b4a115b50a5f166e4ca9c93d0bbd9eee63b","bytes":375611}}
{"source":{"wave":539,"partition":0,"offset":539,"checksum":"52dd4f217f322db2ab7ad15ec0a76997f0f0f0070763aba98037ba87b1fa5b3e","bytes":375611}}
{"source":{"wave":540,"partition":0,"offset":540,"checksum":"ce0cb5a87c10caef20d3ae3904b48a6f9ae71203841d898d48f17822c49d20e9","bytes":375611}}
{"source":{"wave":541,"partition":0,"offset":541,"checksum":"612f819e06e4aa92d8a38434b9c96ed04839f1cb883f2d6ba8651c7627ccfd38","bytes":375611}}
{"source":{"wave":542,"partition":0,"offset":542,"checksum":"3a2061190c752aa4aafa460edb49c375520884c32b38ece8e952bcf5b72ccfb3","bytes":375611}}
{"source":{"wave":543,"partition":0,"offset":543,"checksum":"f46c5d39d5d29f4f0abcfdfcd3dbdc3afcb2c559135ffd2aba68ca97c852684b","bytes":375611}}
{"source":{"wave":544,"partition":0,"offset":544,"checksum":"2bbc834b56c0aa1c42b0ae77e3328d1f10ad7fc5a3f997bb867805d6dbb2d894","bytes":375611}}
{"source":{"wave":545,"partition":0,"offset":545,"checksum":"506f585cb88c782d8feb153551772a184d2bdc09f34516aa787caa6df4114d4b","bytes":375611}}
{"source":{"wave":546,"partition":0,"offset":546,"checksum":"6c75e1ec309625f65454ab3d954a7101576a55b303ba480ce867c6bef3e38f70","bytes":375611}}
{"source":{"wave":547,"partition":0,"offset":547,"checksum":"63cb0ce9d075279cd904fff8960d7b3482cab41d03b9ef8efdccd0d2aa3b6c25","bytes":375611}}
{"source":{"wave":548,"partition":0,"offset":548,"checksum":"9a0b0161ad5991c374c6486c3273147551d4ca1278d01a69aaa61549644f7dba","bytes":375611}}
{"source":{"wave":549,"partition":0,"offset":549,"checksum":"ccd971412ff9f4bee02321b93467788be1053667930f24b0f666dbc348cd8cf2","bytes":375611}}
{"source":{"wave":550,"partition":0,"offset":550,"checksum":"8680473080b80ac81102c605bf8dc62b5aef2cbd96cd175c6435a31b9f5a00ea","bytes":375611}}
{"source":{"wave":551,"partition":0,"offset":551,"checksum":"036e8558457941fe1c06ec949a4fa4ab5ba0b46db4e6b2c1edd4342a4136137a","bytes":375611}}
{"source":{"wave":552,"partition":0,"offset":552,"checksum":"f63ce590378b608a83d30f406ee6c49733a502247a515d0f592d648439246cc0","bytes":375611}}
{"source":{"wave":553,"partition":0,"offset":553,"checksum":"cbae5dec8985a70b8b094bbed300805f5e4ddd1d371b11d18bcb08dd6b9f2b8d","bytes":375611}}
{"source":{"wave":554,"partition":0,"offset":554,"checksum":"08ea063bc4345f66c2d2440799ecd971aae1d267eb595bf2560100c695b1921e","bytes":375611}}
{"source":{"wave":555,"partition":0,"offset":555,"checksum":"7d0e8bd0e93b6b2f500d7626f768537c72f98a724e0c2f0741fda44414774c92","bytes":375611}}
{"source":{"wave":556,"partition":0,"offset":556,"checksum":"591b4e5093463b951324d14ff00b64f4135f890ea2fe324660c1ef4cec59466e","bytes":375611}}
{"source":{"wave":557,"partition":0,"offset":557,"checksum":"ecb408fc897614dd657f0f04d9b5f9ac925eced2c9dbd2493dac355cfbc62f8d","bytes":375611}}
{"source":{"wave":558,"partition":0,"offset":558,"checksum":"bc448db536b17dc9341d75292015d1b42f7c6ec382f335998d16d605d4d76627","bytes":375611}}
{"source":{"wave":559,"partition":0,"offset":559,"checksum":"4521a4f39fe4e4a19ed1af87a58c10f6524dd8ae05516f9bc07860cb05b4dfd0","bytes":375611}}
{"source":{"wave":560,"partition":0,"offset":560,"checksum":"deeee4b91348dff2de40b7f3093e3f7b3b5b99a78ae9b701a01322afee8348fe","bytes":375611}}
{"source":{"wave":561,"partition":0,"offset":561,"checksum":"354dc7e174bb04de54b4b1b009543185fe4ee28c8d36dbd9808dfb900b8f8666","bytes":375611}}
{"source":{"wave":562,"partition":0,"offset":562,"checksum":"849e7ba4c8585cb1c583caf8884fd244c26c7a52b7cc81c89d96c07a564511bc","bytes":375611}}
{"source":{"wave":563,"partition":0,"offset":563,"checksum":"580d17bb963da7f624f4569ee2bd0d233906e6ab4c3eb1aa6dfdb91f0e17eff4","bytes":375611}}
{"source":{"wave":564,"partition":0,"offset":564,"checksum":"82c52b279d2a75922e55e411b8ad8c4b1a15ab44cda05a0ce7b2e3c9ffb2c49c","bytes":375611}}
{"source":{"wave":565,"partition":0,"offset":565,"checksum":"61aa13eb6e9cd61f608a48b83eec6dc0a88bb33b023987f619121e379d8f5808","bytes":375611}}
{"source":{"wave":566,"partition":0,"offset":566,"checksum":"78731d4528622644f4fb36cc1fe630f049ec46f89ca618d163f4973baa438ef8","bytes":375611}}
{"source":{"wave":567,"partition":0,"offset":567,"checksum":"3fcda8fe7f9576bc9926d3712b935c405094754bffeda6c89225bcff539b4265","bytes":375611}}
{"source":{"wave":568,"partition":0,"offset":568,"checksum":"737653c22fdde1c56224adae4ec78dac8eb1cee81dbf47586646d409309d5839","bytes":375611}}
{"source":{"wave":569,"partition":0,"offset":569,"checksum":"fe8658a9f3165a0c524f3151c7ce0e8740a759f122dcf7a446e9a062f8b31976","bytes":375611}}
{"source":{"wave":570,"partition":0,"offset":570,"checksum":"b669b2db96241c0db344fe6860299a8470be0440b3c3e78076d12d40864000fa","bytes":375611}}
{"source":{"wave":571,"partition":0,"offset":571,"checksum":"c9215c57cdcdcf938b63b3c001a0413515f7d76b520f9c727f5cb284493df74f","bytes":375611}}
{"source":{"wave":572,"partition":0,"offset":572,"checksum":"a8c8059ea686795c9db83d19739e45657c7917106984ff46d70bd81568eb125e","bytes":375611}}
{"source":{"wave":573,"partition":0,"offset":573,"checksum":"8cecf497ac8d2f23eb835a3f2b6ff818e911ecde03cc455b9adbff3b566de188","bytes":375611}}
{"source":{"wave":574,"partition":0,"offset":574,"checksum":"d4e0291cb6f336384fd7dfd7cea173f6fd074aadccba8627654d4229eae572b4","bytes":375611}}
{"source":{"wave":575,"partition":0,"offset":575,"checksum":"38e74eaa1f15f7f4bf6f55f61c006922f3344f3353a5ab58efc8bed1b9a6893a","bytes":375611}}
{"source":{"wave":576,"partition":0,"offset":576,"checksum":"2f54dac257459ad0d31fd59aa93c6e9a4282106de8c7abddca68381c4f107f57","bytes":375611}}
{"source":{"wave":577,"partition":0,"offset":577,"checksum":"475d71d33cfc289cebd925592db11d9cfe9e591f5631734a9a825a0692202c6c","bytes":375611}}
{"source":{"wave":578,"partition":0,"offset":578,"checksum":"1c0e78ab7408ca6c103e605ab6babfda2bf5f5b0e3139290e80ea22c5e7afd0e","bytes":375611}}
{"source":{"wave":579,"partition":0,"offset":579,"checksum":"2383cba9fdbabe004dc5b6a9ba110db4bc5b62c3b688acaa5218bb43517614db","bytes":375611}}
{"source":{"wave":580,"partition":0,"offset":580,"checksum":"e2bc880cd85b2ea1d8f93833b3feab2fba8c7a5e041d7c031dd33821b00727ba","bytes":375611}}
{"source":{"wave":581,"partition":0,"offset":581,"checksum":"f3ed54b1f12cb335ec9ebba76af823066688357cb2ba8c97c3d33e5416d38ce4","bytes":375611}}
{"source":{"wave":582,"partition":0,"offset":582,"checksum":"7cfe1b4d6267ec342bfb7272a38fb0abcb405fd26217c0c75cd7b18d746076dd","bytes":375611}}
{"source":{"wave":583,"partition":0,"offset":583,"checksum":"b6b622d34e0c45911acf54d3670078019c67ee249b0111278ad701f62de82118","bytes":375611}}
{"source":{"wave":584,"partition":0,"offset":584,"checksum":"e5fc0b57130d38b5d87d65f6defd592bb7297069284044cb1eb93f43ba7fe331","bytes":375611}}
{"source":{"wave":585,"partition":0,"offset":585,"checksum":"d45075bb52c55fd97ad18d2a563ef4119157b4bfd0049e8ff375d6cb00aa5a60","bytes":375611}}
{"source":{"wave":586,"partition":0,"offset":586,"checksum":"b9c96d41f24f76391405cadf25512bbd0db9b288e4d9107d60b6ebd3b7feb512","bytes":375611}}
{"source":{"wave":587,"partition":0,"offset":587,"checksum":"73fefb303926548745afbbe801e52507d4413199246a3d16b149bf81dd17f8ac","bytes":375611}}
{"source":{"wave":588,"partition":0,"offset":588,"checksum":"44f6e3784ac6fe7bef9cc3f1d6fcd2557b1e5552e86156cdc0b003732cdfa6cc","bytes":375611}}
{"source":{"wave":589,"partition":0,"offset":589,"checksum":"5fe9b0481d6c2bbffc68fc9aff67a7a3f1545f9d877d4114f8bd1f7c2d3711cf","bytes":375611}}
{"source":{"wave":590,"partition":0,"offset":590,"checksum":"87c40f8effa7c73b20913dddad1e79cef4b7eee58958952c214bf67531ed567a","bytes":375611}}
{"source":{"wave":591,"partition":0,"offset":591,"checksum":"d31936d118318b6a3f0436538b3ddd1c1d8e504a0f9ddca4bb062b0d5e4ddb5c","bytes":375611}}
{"source":{"wave":592,"partition":0,"offset":592,"checksum":"5f232e083a13dbea86edb88bd23154fc62e53ab1f4f46f28355f0d6024a970ae","bytes":375611}}
{"source":{"wave":593,"partition":0,"offset":593,"checksum":"f1b6e91516ced9f525d1de8cf7a24430fa162e8d167ad18788cc746c95b92877","bytes":375611}}
{"source":{"wave":594,"partition":0,"offset":594,"checksum":"f7e653683284ce7f10c7fd52fa4c83a4cb10a589d56907f23dd0a70da7ecdadc","bytes":375611}}
{"source":{"wave":595,"partition":0,"offset":595,"checksum":"8a7408baed19d27a954bdd13916fb1e0a47c4b6857d37ccca10e36340bff5539","bytes":375611}}
{"source":{"wave":596,"partition":0,"offset":596,"checksum":"56d9326c7347e5eca923f614710c8b456e50a081425785f4ed0e48a4185732a9","bytes":375611}}
{"source":{"wave":597,"partition":0,"offset":597,"checksum":"7586f1789e340c68bb734a14dc5b7a20c08c85c84f7778f5f90e77f923449c4b","bytes":375611}}
{"source":{"wave":598,"partition":0,"offset":598,"checksum":"2a51a537c6c14c89cd9612b7a772c20feacf4d568d89dfb78849d82b35002321","bytes":375611}}
{"source":{"wave":599,"partition":0,"offset":599,"checksum":"63b1ee94f227d407e0b05e46afe8bc09e5c57e5f980a9a83f81c4692fa1d23f1","bytes":375611}}
{"source":{"wave":600,"partition":0,"offset":600,"checksum":"16ac7c4d4690075d4a0957eb5e8e26916ac87eaa62006261b85a5825bea14184","bytes":375611}}
{"source":{"wave":601,"partition":0,"offset":601,"checksum":"486ee3978081af70ae82b7ddbc024b44b8bad7244bb78edcdb853f574cee3abd","bytes":375611}}
{"source":{"wave":602,"partition":0,"offset":602,"checksum":"76e004aa7fc94a98d0aed39618835bfae64dcc50a4ad3981233277b2f9963056","bytes":375611}}
{"source":{"wave":603,"partition":0,"offset":603,"checksum":"407c0855ee6abd4a78fd408c6c2b97ad6b081517158baeed4a87a7b6760ddc99","bytes":375611}}
{"source":{"wave":604,"partition":0,"offset":604,"checksum":"f15e2830422dff4337e69811cbfd1c5dd42758cb9f04a632d9fe57908b11ea4b","bytes":375611}}
{"source":{"wave":605,"partition":0,"offset":605,"checksum":"5837531290eb734aeeb05110f04aa29bd7e2d5d7830811d6fd4d705babb22c5e","bytes":375611}}
{"source":{"wave":606,"partition":0,"offset":606,"checksum":"ad40578988367ab6c877bf5b568149a1895b9ccad51a4d876f336bd985d95cb6","bytes":375611}}
{"source":{"wave":607,"partition":0,"offset":607,"checksum":"9647e8fb923c6111fb1d15808c7571d181187282f13f91dc541db0b39fa094a7","bytes":375611}}
{"source":{"wave":608,"partition":0,"offset":608,"checksum":"a8334f30f9004b70c8c8e02f0b8afce6091b83ba2b232bd095f383b66717158b","bytes":375611}}
{"source":{"wave":609,"partition":0,"offset":609,"checksum":"8871a1efa1d02801165a28dca6c20b659970521cf9ac60f7e3c663c224874e3c","bytes":375611}}
{"source":{"wave":610,"partition":0,"offset":610,"checksum":"ec59827cdf40e2784c7ebc26c8c74893382a9ee5630fc8b07c1eb83090625858","bytes":375611}}
{"source":{"wave":611,"partition":0,"offset":611,"checksum":"02daf83ac579dc662fe127ce1cdbee87d983657c5e5bca6f76fd956a98cb906e","bytes":375611}}
{"source":{"wave":612,"partition":0,"offset":612,"checksum":"c3b2b0f46a1cde125f7ced83a43b5df5d6f2b9c109b6025204f1e598a8fac726","bytes":375611}}
{"source":{"wave":613,"partition":0,"offset":613,"checksum":"9491b142afef70bfbec681e8d88b407231206ea6f6614b495afddcd34845bbb7","bytes":375611}}
{"source":{"wave":614,"partition":0,"offset":614,"checksum":"888827539517cddbebb19dd4079094ac5f78970336a0fb4704bb70a8f653a46b","bytes":375611}}
{"source":{"wave":615,"partition":0,"offset":615,"checksum":"1266616dc485e4dc57e15c2f9d705025057788706d258b409180babbb1cadfed","bytes":375611}}
{"source":{"wave":616,"partition":0,"offset":616,"checksum":"083124ac6e46aec74ffbca214a5161694ec4eb6f082d6d3314c950bcf5bdb8be","bytes":375611}}
{"source":{"wave":617,"partition":0,"offset":617,"checksum":"8d6d4ec9a526267f296391821919739aeec8f37326c8b7acd1a9fb5bf2f68b2a","bytes":375611}}
{"source":{"wave":618,"partition":0,"offset":618,"checksum":"a17779f70da1ed567a6fcc11c74cc21b0c8617106ee0a91192fdcca263e73c3a","bytes":375611}}
{"source":{"wave":619,"partition":0,"offset":619,"checksum":"320041a0968f3671b06a06a2e3a71c2966b358e4d63b9653c143236cb6f580eb","bytes":375611}}
{"source":{"wave":620,"partition":0,"offset":620,"checksum":"4c5abb3e130c1e953c37267a36ab457a6673f74c9b706a806b121b5cd871b266","bytes":375611}}
{"source":{"wave":621,"partition":0,"offset":621,"checksum":"32cedcff51319ff90c3ddd94428b48112d214042bfab4dd58b57d7ed05b04ff1","bytes":375611}}
{"source":{"wave":622,"partition":0,"offset":622,"checksum":"fbcc0788a2fbb1a8f2a4dc458be9b5ac514731f390ef62db1f0d68ecd873550c","bytes":375611}}
{"source":{"wave":623,"partition":0,"offset":623,"checksum":"bab1fc6fe5e13d0d6563b9d009b058bd459fae3bdb93ac540a68a1d6af32df45","bytes":375611}}
{"source":{"wave":624,"partition":0,"offset":624,"checksum":"80237ecc4ecad00b0283872fbddb0f27604558927f2ade92878bfbc2cc13958e","bytes":375611}}
{"source":{"wave":625,"partition":0,"offset":625,"checksum":"ccdd4678295df0ca3d2da5f0c30395b7d1b2dbfbb5b779597a54a30440908b4b","bytes":375611}}
{"source":{"wave":626,"partition":0,"offset":626,"checksum":"877d4db0b54605f51fe5f387168730a329230a75addaabe9b458aeb13584495d","bytes":375611}}
{"source":{"wave":627,"partition":0,"offset":627,"checksum":"ae227d4d42c09ecbf55cc5e412270fe50a0b2283a2695c3eb48370f825c29056","bytes":375611}}
{"source":{"wave":628,"partition":0,"offset":628,"checksum":"da449cbd181d6d442e187782b92d646b69584d331e1725077798a97da8504b7e","bytes":375611}}
{"source":{"wave":629,"partition":0,"offset":629,"checksum":"9bd239c075894e56aa036ba89efe187ba607b8bf11bd9d9d81e6d9ba63d3982d","bytes":375611}}
{"source":{"wave":630,"partition":0,"offset":630,"checksum":"fa5bd641f5e3a0384c5d2366d6a74617235c2ab0414a1a1e4015ea7917e9bbff","bytes":375611}}
{"source":{"wave":631,"partition":0,"offset":631,"checksum":"3a022eff75cc8c3d060b1cae1ec585932897fea2704497eb85600aa00c1ce617","bytes":375611}}
{"source":{"wave":632,"partition":0,"offset":632,"checksum":"654b56628b29c436bfe1680e16a1acb2c2243629355fc52d34e1dd5ee34601f5","bytes":375611}}
{"source":{"wave":633,"partition":0,"offset":633,"checksum":"32555d7e3fcc2f1906533cee1a2f06af677e25bf72a3731e1afee66fed6f2f3e","bytes":375611}}
{"source":{"wave":634,"partition":0,"offset":634,"checksum":"b8636c21399ea76dc540b8c99a4e9e1464673255a246bd2a43890bc470a607b4","bytes":375611}}
{"source":{"wave":635,"partition":0,"offset":635,"checksum":"d252668e3325ce0460e508050f95002c8025130e1b9b9c1f5186726dcd72fc7a","bytes":375611}}
{"source":{"wave":636,"partition":0,"offset":636,"checksum":"071134c49f677603db302c63605751155cf9001d028400ce349100c12c344d90","bytes":375611}}
{"source":{"wave":637,"partition":0,"offset":637,"checksum":"cb51568abc0121077a19ad4e5c76d1dfd7e42694d05a166cabaf72e7d93104f2","bytes":375611}}
{"source":{"wave":638,"partition":0,"offset":638,"checksum":"dcccb730dfced63d3e7c2df9036a5ed6284b4336242952fb05f077f4a257dc00","bytes":375611}}
{"source":{"wave":639,"partition":0,"offset":639,"checksum":"d128ffeb3fa773b2060049ac9e7dcc980cb1df96ad0206aa8c60e7f0d9b2f813","bytes":375611}}
{"source":{"wave":640,"partition":0,"offset":640,"checksum":"79302768d16709f1f87ce643ae7b969b8d301f004768b8266dc9716f4a1b9d35","bytes":375611}}
{"source":{"wave":641,"partition":0,"offset":641,"checksum":"b89070578021ba33b1c6e67600c16203d7db4c23bd7582f40c451bfb4955163d","bytes":375611}}
{"source":{"wave":642,"partition":0,"offset":642,"checksum":"048ce7beb7bdacf5e650593d1a5410d35ec8132786b56cfc3aecdecb42122940","bytes":375611}}
{"source":{"wave":643,"partition":0,"offset":643,"checksum":"ffcf132c95944ddca09d83fc5e89d8be0463b8991dc3f432db03b8e23e9e6a68","bytes":375611}}
{"source":{"wave":644,"partition":0,"offset":644,"checksum":"c1ff8cf5ed531eb7aa01a121e4b4ee1cd87dd503294dc908d722731d578bfa4b","bytes":375611}}
{"source":{"wave":645,"partition":0,"offset":645,"checksum":"b67e493113859599aa837b31f62aca00a2999c6612f8858168dd64b84ca6025d","bytes":375611}}
{"source":{"wave":646,"partition":0,"offset":646,"checksum":"15b5c7365ddc62ce065b41cfb68b0aebe9e7fe51d99eeb5bda2f2d35ad9f163a","bytes":375611}}
{"source":{"wave":647,"partition":0,"offset":647,"checksum":"7463438ede2c200f3c83b311d4b5017b6d6f519d5a2214e6591a8dc152f77767","bytes":375611}}
{"source":{"wave":648,"partition":0,"offset":648,"checksum":"1219ffe5dea3b26be49b9729ff9c68c82eba638aca375e84092586e1102e231b","bytes":375611}}
{"source":{"wave":649,"partition":0,"offset":649,"checksum":"f62d6cdf375cf16161baa1f810e2f738c5a00f751260e42a4d064c11c3d8750d","bytes":375611}}
{"source":{"wave":650,"partition":0,"offset":650,"checksum":"50537ebd169f4602492d59dbf902a6a989393cfb80186700fea32d4be7c25fe3","bytes":375611}}
{"source":{"wave":651,"partition":0,"offset":651,"checksum":"2fe5a3ea9a19d0d5e64347e238883381e24d3ffdc0dadbcdc74fc9bde6a82a02","bytes":375611}}
{"source":{"wave":652,"partition":0,"offset":652,"checksum":"1c4f21809581859c89def4d9263381a71df410788b771aa2aece5e92280d0d30","bytes":375611}}
{"source":{"wave":653,"partition":0,"offset":653,"checksum":"6a1725d985228e6164fcb91e272235bc16f9b2940f9f11fc9ca7d3f1e201cad6","bytes":375611}}
{"source":{"wave":654,"partition":0,"offset":654,"checksum":"8b26c742a11d174f6ef0a5f44c42dcd1b7984dac589c031864a855a032027680","bytes":375611}}
{"source":{"wave":655,"partition":0,"offset":655,"checksum":"add2fcbc70eb214ab3251bbc028cf6155788ed93fb0d6180f19134f978520ca2","bytes":375611}}
{"source":{"wave":656,"partition":0,"offset":656,"checksum":"dc1b7b69682adb64deee906ca896041f55c68122f386992c25518d93decaa146","bytes":375611}}
{"source":{"wave":657,"partition":0,"offset":657,"checksum":"dfce760a4ea5bda375819c2198feb05705ca0aaba95d0c5380a753df2d11f0b9","bytes":375611}}
{"source":{"wave":658,"partition":0,"offset":658,"checksum":"0be153cdc1a0ea8e373677b4e32780b6a37d3ed649a233f66f941fb002f9d3fb","bytes":375611}}
{"source":{"wave":659,"partition":0,"offset":659,"checksum":"90cec542395cb4895c906f784c322c024824464e39882a88ef0e71d76fc05f30","bytes":375611}}
{"source":{"wave":660,"partition":0,"offset":660,"checksum":"fd6da2410b8905de92fdaa0b8c6e1309cc977f0bf7d41dba3ad458af1d571926","bytes":375611}}
{"source":{"wave":661,"partition":0,"offset":661,"checksum":"b07ec3339591ab5f3681f266608b063e0c4c68441b2443ff76af874cfed8810b","bytes":375611}}
{"source":{"wave":662,"partition":0,"offset":662,"checksum":"2c4e88ecc7fcdfaddb40ea4206050535016f1a5b26a7ac66f188f67c92bd24a9","bytes":375611}}
{"source":{"wave":663,"partition":0,"offset":663,"checksum":"31935725ab34d69a6214faf738b7d6cd44a680fa8d88ee48a5196b8e201100d5","bytes":375611}}
{"source":{"wave":664,"partition":0,"offset":664,"checksum":"3dc72b1ec02e6fb0a7e6888954ff83104d89d52b24d69526d1551b938e07ca55","bytes":375611}}
{"source":{"wave":665,"partition":0,"offset":665,"checksum":"4bcee3199f9bac2a6cac77e6343db7e243221d57f49e3ea98cc82d0a950903fe","bytes":375611}}
{"source":{"wave":666,"partition":0,"offset":666,"checksum":"2fa5a0798a98f5ea030ecb19d2f470ebf0c9c1ed2fa4da0d7fd350cb6c948806","bytes":375611}}
{"source":{"wave":667,"partition":0,"offset":667,"checksum":"1b174fb7aa92f355be50589a9df33faa40fec33e96c901973e645aeaac49c744","bytes":375611}}
{"source":{"wave":668,"partition":0,"offset":668,"checksum":"8f7d3380698ae0569738cba467d525a4ca675641e101f9a79ba57781c411c9f8","bytes":375611}}
{"source":{"wave":669,"partition":0,"offset":669,"checksum":"f3ac065e17e2883fb54b6d34b5efccf27ae2722fa792087a90bbef4675ec1224","bytes":375611}}
{"source":{"wave":670,"partition":0,"offset":670,"checksum":"c6e7097378ff8365c6c38ff8cb1cffe112380203c5f6c83de052f31a5145934f","bytes":375611}}
{"source":{"wave":671,"partition":0,"offset":671,"checksum":"facbf0eef7123c39ef7c799d7bf624d02ea05578ec2e3d33de5b82d008cf051c","bytes":375611}}
{"source":{"wave":672,"partition":0,"offset":672,"checksum":"ab64abef41c62ae70291d397f37bf04ee5c531af48bec1a06c42ac7018e960cf","bytes":375611}}
{"source":{"wave":673,"partition":0,"offset":673,"checksum":"59461d47a45be271ec45811a42d871598653b896fd26a2776efe3efa3088b9e4","bytes":375611}}
{"source":{"wave":674,"partition":0,"offset":674,"checksum":"f4f86b764f7ccf2531a12a2cb79d8bad311819b1d6cfb6b4b4f5e3f9c5c54d84","bytes":375611}}
{"source":{"wave":675,"partition":0,"offset":675,"checksum":"796873ef6c72d48f682e4374217c08757f783472065a6b135f3b3fc5bc84ad1f","bytes":375611}}
{"source":{"wave":676,"partition":0,"offset":676,"checksum":"6c50a1915b8586cdd7b40f6c2a4b20bfd742af548b12f2d481e038dd774e7deb","bytes":375611}}
{"source":{"wave":677,"partition":0,"offset":677,"checksum":"5c098d2da1a94d703a9b6eb3c15f7811da7874a9cbcb36cb49db837c27704f40","bytes":375611}}
{"source":{"wave":678,"partition":0,"offset":678,"checksum":"dfd0722b0802a02b5ff440c88020b39f4ac049af384ed6787039e31be246eaad","bytes":375611}}
{"source":{"wave":679,"partition":0,"offset":679,"checksum":"6d58b13dce9f5563ffccf3b22210327abdeceafc0648f2673f6b92ab176032b5","bytes":375611}}
{"source":{"wave":680,"partition":0,"offset":680,"checksum":"4ead74c142ec542daadc4d4895e12c2cb73698cf19872a72093778635a6782fc","bytes":375611}}
{"source":{"wave":681,"partition":0,"offset":681,"checksum":"6f3275df87af79fec87c16eea3ed0c2d2dfdb7f89b977d17b888d2c2307365dc","bytes":375611}}
{"source":{"wave":682,"partition":0,"offset":682,"checksum":"c79fbe33e7c135404f6052c7b45f8051cc51100184ca9b6550aac401c36f30c7","bytes":375611}}
{"source":{"wave":683,"partition":0,"offset":683,"checksum":"9dccd79111f48a064f65f065da81e6640c28c0bb705f18c4421ad15fe81d341e","bytes":375611}}
{"source":{"wave":684,"partition":0,"offset":684,"checksum":"c8ae2be1b261c5563f0cbe56f53737837debfdcd4b415335fd99f23000963f11","bytes":375611}}
{"source":{"wave":685,"partition":0,"offset":685,"checksum":"27fafd23b032dacf764019cb584da31ff65af8b3a94a53c6d7a33486cdeee3a3","bytes":375611}}
{"source":{"wave":686,"partition":0,"offset":686,"checksum":"fcce31294b7a3fb0367b86a8171698b3a26050c6cafa668b4491ae172f65f388","bytes":375611}}
{"source":{"wave":687,"partition":0,"offset":687,"checksum":"52ea755100214c36ce385c217041c03b85b1f905fb56d310bc7a8d9ea8895fc9","bytes":375611}}
{"source":{"wave":688,"partition":0,"offset":688,"checksum":"2a3ea022d7bbd65689d3eacc34287694206eaf556cff4c8bda14dd510b3dd0c3","bytes":375611}}
{"source":{"wave":689,"partition":0,"offset":689,"checksum":"0f20c99552167c44095b21cba2b4413aaa1848939c20f88c1dd2ce4407325eb8","bytes":375611}}
{"source":{"wave":690,"partition":0,"offset":690,"checksum":"b41811e4889e72a9cc6cb036a8d74e907e74a6105f4e80ec6f8f9a2b921bcd35","bytes":375611}}
{"source":{"wave":691,"partition":0,"offset":691,"checksum":"23288cb2f8bd3a841e30de51ce267ff03c2886c8aa4f2d940c119cc803d41c65","bytes":375611}}
{"source":{"wave":692,"partition":0,"offset":692,"checksum":"fde089e856d5f8ac7c42b94ecb6f9809eb8398ad6ae48eced7bccb5725c9c43e","bytes":375611}}
{"source":{"wave":693,"partition":0,"offset":693,"checksum":"f4ee4be178db99f50395009ebfac6048359215e57a7cad309482c44354816646","bytes":375611}}
{"source":{"wave":694,"partition":0,"offset":694,"checksum":"7e0dc19537752c29f70c1d2607da8308daa974f370381686d16ee61808431ed5","bytes":375611}}
{"source":{"wave":695,"partition":0,"offset":695,"checksum":"7d649dd8142a3ade6dde3716c2b6d837c63785bdfed06b63bdcce53f63c76c35","bytes":375611}}
{"source":{"wave":696,"partition":0,"offset":696,"checksum":"e17303f0a9769b042d3e0190038d4ebf89aaeec9b235d85fcdcbb9ade6d557f8","bytes":375611}}
{"source":{"wave":697,"partition":0,"offset":697,"checksum":"e3f34516809a3984f8e87f06370d83469a22ad0e07ab7e591494126ebc8098cf","bytes":375611}}
{"source":{"wave":698,"partition":0,"offset":698,"checksum":"08e4887ac91f9a04246e541bdab7c159711572322c4db2b5b57ca3ce869d4b7c","bytes":375611}}
{"source":{"wave":699,"partition":0,"offset":699,"checksum":"7527cd55a023e465bd3c7b1f59de5cfec490ab74ea183299c719e9aec65bbb0c","bytes":375611}}
{"source":{"wave":700,"partition":0,"offset":700,"checksum":"12fc42d8c374ac97cc1f77f7725a0c52f22daa1b3351f312b9c48b6815c5061a","bytes":375611}}
{"source":{"wave":701,"partition":0,"offset":701,"checksum":"c7842aa51244282ebcf5f4146d4a2b7743253c87a490ab95c53f3d827a7fa329","bytes":375611}}
{"source":{"wave":702,"partition":0,"offset":702,"checksum":"ab6199c2d5c083d00b84307779c499a15dbe08ebf1dda3d0fd31aba97d672332","bytes":375611}}
{"source":{"wave":703,"partition":0,"offset":703,"checksum":"ebe494ffd9fb9e2725226f02603c88d493be8b35b4f4dc7f78b3392e7aa6f8fa","bytes":375611}}
{"source":{"wave":704,"partition":0,"offset":704,"checksum":"86b918bdf5be5d10617229c48209e540d31aa1220797ae957520771d80194747","bytes":375611}}
{"source":{"wave":705,"partition":0,"offset":705,"checksum":"5c5160a177be0c80d823a98da07108953185f0f265aa92b38d124312e01328de","bytes":375611}}
{"source":{"wave":706,"partition":0,"offset":706,"checksum":"79c5024266e7432bef80b13ab4a8f3a3debf52bf218d93427c3f257575922420","bytes":375611}}
{"source":{"wave":707,"partition":0,"offset":707,"checksum":"5552ca2ef62bf1f7978c1f3b548a33770b71326f8a9d2c07cceca0c6adb96f71","bytes":375611}}
{"source":{"wave":708,"partition":0,"offset":708,"checksum":"232bc9568978cb5c82e0ae7abea0c62e1d88a128fd53dc5eea0cb54022ce79aa","bytes":375611}}
{"source":{"wave":709,"partition":0,"offset":709,"checksum":"74be7291daf03e018f82282313d274ec0b7106ad5a2ef77925c5582df42695e5","bytes":375611}}
{"source":{"wave":710,"partition":0,"offset":710,"checksum":"37426572326918e43d50fbe2ea2cd705da23215f1b719a591df4ddd9e13f2dca","bytes":375611}}
{"source":{"wave":711,"partition":0,"offset":711,"checksum":"2ec18b1a8c81a81610637196c6873b4f12013082de234614f013c6341fb7ca74","bytes":375611}}
{"source":{"wave":712,"partition":0,"offset":712,"checksum":"28335aa17777c82a2705db9ec4597fed75b5cfedb9dbfcdecd8f128cdf6e63a2","bytes":375611}}
{"source":{"wave":713,"partition":0,"offset":713,"checksum":"750fe4ad8ce56a35c39efa5a7b8d2c849830daf970b46b38619f01dbdec5db0f","bytes":375611}}
{"source":{"wave":714,"partition":0,"offset":714,"checksum":"c283a50ecdcd6c331ddf637ef5f17c8c46737105fef5bb66a75dbf7eced5ff31","bytes":375611}}
{"source":{"wave":715,"partition":0,"offset":715,"checksum":"81eb091ca488b144198ef0271fe62db4106c188a1681143e103c290dfc78d0e6","bytes":375611}}
{"source":{"wave":716,"partition":0,"offset":716,"checksum":"9bdbf027be073af25d3c4328fe248acb2fbdddeca11bca774e593bf7a4448601","bytes":375611}}
{"source":{"wave":717,"partition":0,"offset":717,"checksum":"29aa68bd7789dba73cdfa6e99abaa00607272d92ccd92695760b5fd8cbc7b3b0","bytes":375611}}
{"source":{"wave":718,"partition":0,"offset":718,"checksum":"8c22638d02bc692ae5aa01b7c81102ab25c73ce2e4e1b15192adbc2880fdb7bd","bytes":375611}}
{"source":{"wave":719,"partition":0,"offset":719,"checksum":"08c8496e109021eb9e8f9bc0d7df058cad3fc5555aec45741456c22c9b093429","bytes":375611}}
{"source":{"wave":720,"partition":0,"offset":720,"checksum":"84e3c6678dc57d1778e415a8b8ec42a5c08c0579c55b4b4b272fd3b94817945d","bytes":375611}}
{"source":{"wave":721,"partition":0,"offset":721,"checksum":"387cfa3b1575606273925707860baabdf5e4c427f892f783039755d24fa590ba","bytes":375611}}
{"source":{"wave":722,"partition":0,"offset":722,"checksum":"60a68e084dd68313cb69f9d97f72721c84aac103f85772d09b9fe7022e57faab","bytes":375611}}
{"source":{"wave":723,"partition":0,"offset":723,"checksum":"b8be382056c4654204a8ff57e5860d27886c8395474f00d26f5df540539c2ba3","bytes":375611}}
{"source":{"wave":724,"partition":0,"offset":724,"checksum":"e9630b8b51e4a6cb9ee1f9a640b85c5936a67b39df68b35dceb8b120df287052","bytes":375611}}
{"source":{"wave":725,"partition":0,"offset":725,"checksum":"18188b76a117477faa20180a30b0791d9c056964efe3622d30feb16394af5ae9","bytes":375611}}
{"source":{"wave":726,"partition":0,"offset":726,"checksum":"a2824252304f4cef871212ffe435b94cf0a1b69a6cb7d382eb79013eefaf976d","bytes":375611}}
{"source":{"wave":727,"partition":0,"offset":727,"checksum":"d73092de2196a8136bf115a8b76127915805068f47249d1a7ad856acb682cfea","bytes":375611}}
{"source":{"wave":728,"partition":0,"offset":728,"checksum":"5d21789c22f4c7b6445f9afc2ab83a6974fe292242911c923ec0a675380467f7","bytes":375611}}
{"source":{"wave":729,"partition":0,"offset":729,"checksum":"ec8066e2cf57fa5d8d1bc87f73a4dc4e16720f9856522c70a7ce6ed549e890e4","bytes":375611}}
{"source":{"wave":730,"partition":0,"offset":730,"checksum":"6ea152eb39fe6e8eeeceaac8c592089929a3ac5e49b339a8d97932962d6818ff","bytes":375611}}
{"source":{"wave":731,"partition":0,"offset":731,"checksum":"60754508e7b3c58bc56a5360c7abeb8063d0213e0e20f75e73222750242c0869","bytes":375611}}
{"source":{"wave":732,"partition":0,"offset":732,"checksum":"17e99099326a8b1670a68eefcd80de268266d8f9b741b98709a5367df7add516","bytes":375611}}
{"source":{"wave":733,"partition":0,"offset":733,"checksum":"06fd03c373fe2bf0baf9123a59e9e67efa5530a269a406b176c028cc75b395aa","bytes":375611}}
{"source":{"wave":734,"partition":0,"offset":734,"checksum":"30dc6b18282704650e197aed0ec5912593844668a15c952341bd42b1234bb64b","bytes":375611}}
{"source":{"wave":735,"partition":0,"offset":735,"checksum":"79dc7333bda004c04a4cca54f8dc53fa05b75eed954d32a10a72358454ae99f5","bytes":375611}}
{"source":{"wave":736,"partition":0,"offset":736,"checksum":"cff77f263e5c09af66fffb439544d007e95cbc37baf8fd385752305878c470aa","bytes":375611}}
{"source":{"wave":737,"partition":0,"offset":737,"checksum":"8a863345d98d71bc1ecd7e5228612d1346f8d9cd870be03a5e0f2f19ae2f7c85","bytes":375611}}
{"source":{"wave":738,"partition":0,"offset":738,"checksum":"e8f314dbcf54deee98c781bfae5a6d12df24de9dbba89002d2d18ca1123c70b4","bytes":375611}}
{"source":{"wave":739,"partition":0,"offset":739,"checksum":"87d8fe09eedc94b1ce60005f08168dbaacee8fab5daf194a85472ccc36dec2c1","bytes":375611}}
{"source":{"wave":740,"partition":0,"offset":740,"checksum":"235d9de11126cbc4de296eb99861f5ad0af09a8614236067b3600ad14e256747","bytes":375611}}
{"source":{"wave":741,"partition":0,"offset":741,"checksum":"e3ae755343489518cff657011d60a73d7532645d05aa5447505155c27bbe4c6c","bytes":375611}}
{"source":{"wave":742,"partition":0,"offset":742,"checksum":"ffeca66379037e7916ed71827e96c9918ef0625c04e4f3a68cc38b6676788e01","bytes":375611}}
{"source":{"wave":743,"partition":0,"offset":743,"checksum":"7450e733201d26fdfc49797e56c810e5b819826ea1627c6818d3d958169ae2c9","bytes":375611}}
{"source":{"wave":744,"partition":0,"offset":744,"checksum":"2794a0914257b770e0ccab45b5741436259c6c3658b1f46d337bf3d0e06e0ccc","bytes":375611}}
{"source":{"wave":745,"partition":0,"offset":745,"checksum":"7e770ce76bfa2b52c695c2f05766b1ffa5312e7504296c0bfc556734da3e3e43","bytes":375611}}
{"source":{"wave":746,"partition":0,"offset":746,"checksum":"e5f4d7230e99ad265ab802042d97ac315c08f335df4b8ccc58a839b74b209d76","bytes":375611}}
{"source":{"wave":747,"partition":0,"offset":747,"checksum":"e82f1ee6a6708556cc9138ce7c551e703c1e6bb61f5225a7f22a69948639a847","bytes":375611}}
{"source":{"wave":748,"partition":0,"offset":748,"checksum":"cc87145e25947fc7e69a2c33e4915e8f98fc9b46f9ee00c3c14aa837c39163fd","bytes":375611}}
{"source":{"wave":749,"partition":0,"offset":749,"checksum":"1ec1cbabede55f8d3b3890234dc52807907ead639c1b5933b5d6eed73d6c17a7","bytes":375611}}
{"source":{"wave":750,"partition":0,"offset":750,"checksum":"ff968bc6ea7a7129338c982aea06d63e752242f2749c9095d0623c3d9ef45ab7","bytes":375611}}
{"source":{"wave":751,"partition":0,"offset":751,"checksum":"4aefb80de96e632c2f34f1d14a342a27655c2d53338c5c097682a3184e31d499","bytes":375611}}
{"source":{"wave":752,"partition":0,"offset":752,"checksum":"7c2d4aa9edc0a9e4ca29f63bbe1d0ed89cbd30366a1b1eaa41e849578a995cb5","bytes":375611}}
{"source":{"wave":753,"partition":0,"offset":753,"checksum":"9fb75effab5a7e710cf2be7191c8c66d6c69849bb40016b10d65d056ca6195fa","bytes":375611}}
{"source":{"wave":754,"partition":0,"offset":754,"checksum":"015f2375dc071103eed9b6cd34ffc05acc2cb09509d00d5b61a007d716e3c35e","bytes":375611}}
{"source":{"wave":755,"partition":0,"offset":755,"checksum":"1e2f7c04b94da09edb6c7e1dc14cf047cb7b25bd6b72bdd545540add71ee1070","bytes":375611}}
{"source":{"wave":756,"partition":0,"offset":756,"checksum":"a39901995f6b55d7977db1fcaa7c7fd5b82a82abb7f67d971d4d767ebb8ca6af","bytes":375611}}
{"source":{"wave":757,"partition":0,"offset":757,"checksum":"23d16c24397bf0b0a63a3d239a6494e4d9fcb454af401d6f9faaf775a53b49e1","bytes":375611}}
{"source":{"wave":758,"partition":0,"offset":758,"checksum":"721553ba98c529abfb744db20646c3b6f3c7466fb2b2847e864ab24781a97257","bytes":375611}}
{"source":{"wave":759,"partition":0,"offset":759,"checksum":"e350bfcdd501aa8720ab80c7a797a1f2843869b1a507a3d81b5e51f76e520539","bytes":375611}}
{"source":{"wave":760,"partition":0,"offset":760,"checksum":"6afbe51a41ebe265c473fd7b9cc57818439a431f6e30009e7e7dec1b26987518","bytes":375611}}
{"source":{"wave":761,"partition":0,"offset":761,"checksum":"f929d8ed92717d896baf37087b7e9e4d080a5ab5ef7180fbb917ec6dbf28a6d9","bytes":375611}}
{"source":{"wave":762,"partition":0,"offset":762,"checksum":"fdbafdc781d3143fb7a13908b6ced9fb3bf003d2874e1d93159298693cc8d6c2","bytes":375611}}
{"source":{"wave":763,"partition":0,"offset":763,"checksum":"dab8ad4b4009f986080072008d3fdfade635ee4c647a5644f57defa3a042614b","bytes":375611}}
{"source":{"wave":764,"partition":0,"offset":764,"checksum":"b097b0867d001b2bec05bdd626ee1d7bb061babdc63836ac8b95543071ac3efc","bytes":375611}}
{"source":{"wave":765,"partition":0,"offset":765,"checksum":"492a485b5ef22140bd162b6773d1d0d63e8c6f2cc348404da6cc63d7260d1211","bytes":375611}}
{"source":{"wave":766,"partition":0,"offset":766,"checksum":"d5524f8274578e47f56ef3c78905ac5127c58ae6904e590cfd195806ebd993c9","bytes":375611}}
{"source":{"wave":767,"partition":0,"offset":767,"checksum":"e4e560a0fe79120930b26078a13354a3cd8b983a45dd3b1ef7eac3cabd7f9164","bytes":375611}}
{"source":{"wave":768,"partition":0,"offset":768,"checksum":"d1759549a31c95efb2ab7cb7078ca6e2f43fe078c76a2e2f7329da88a6f7587c","bytes":375611}}
{"source":{"wave":769,"partition":0,"offset":769,"checksum":"80d27658fda85624788624197f64e42a8a1ded081e9b6d28139ff60c619d641e","bytes":375611}}
{"source":{"wave":770,"partition":0,"offset":770,"checksum":"a94e2c5840b96cf099ea122e74a7646a11304502d5cf994fa6d9922f306de78e","bytes":375611}}
{"source":{"wave":771,"partition":0,"offset":771,"checksum":"6e014a684e9c200085c98febe0857416f34531dc50b60c3b66936dbb56d65aca","bytes":375611}}
{"source":{"wave":772,"partition":0,"offset":772,"checksum":"38e2847074a5486a6c227913ec28a923ac690e3a751667d9efc65580da71ad1f","bytes":375611}}
{"source":{"wave":773,"partition":0,"offset":773,"checksum":"4c07065794aa5297c630c92cc49e219b4c0bbec6d390739bce129d242b6e9c1f","bytes":375611}}
{"source":{"wave":774,"partition":0,"offset":774,"checksum":"3181f1b2e0ec1c5942aa664a8805bed54840b283999d2b3992b45eec20326c27","bytes":375611}}
{"source":{"wave":775,"partition":0,"offset":775,"checksum":"f3c8ec65fa536c27aff1c06e66d7b6293e1cae2eb8e116d89360891da8cd6819","bytes":375611}}
{"source":{"wave":776,"partition":0,"offset":776,"checksum":"69ae0a2bb06ed83d7388f7515eac9c037ba9505b549fb071352744a983bb17e3","bytes":375611}}
{"source":{"wave":777,"partition":0,"offset":777,"checksum":"926d87cb64b76c68715a72274eda80683b72ca3533a04764841d59c7035f341b","bytes":375611}}
{"source":{"wave":778,"partition":0,"offset":778,"checksum":"5d3614e90947c31ca0b93490fb2098ff050f1de5629a3487fe5e550922701b8a","bytes":375611}}
{"source":{"wave":779,"partition":0,"offset":779,"checksum":"c37ce9f86750f44a161d0baa83398f8c69775c8b9806de372de482f749d03a6c","bytes":375611}}
{"source":{"wave":780,"partition":0,"offset":780,"checksum":"b5014c83f1237d276dd8e3a709a6b51a4e78b77018eafa3d282d21c1489228c1","bytes":375611}}
{"source":{"wave":781,"partition":0,"offset":781,"checksum":"a53684992c8d660f70f1ef5cf0ba36d358264d34e865a6e1536de30163a53701","bytes":375611}}
{"source":{"wave":782,"partition":0,"offset":782,"checksum":"f3ca6c20cbe46646015987b2880b0f33ffc806470ffc3bfb0e11d7b1e9b4ebe5","bytes":375611}}
{"source":{"wave":783,"partition":0,"offset":783,"checksum":"7301f6a5fc6e8b614c97550b5d5c5b9eeea192edee1f7b540d066da0dc43b824","bytes":375611}}
{"source":{"wave":784,"partition":0,"offset":784,"checksum":"0be69885c4af3287a84ae79ddf0fcf29c7c4963f80ff20b74463a027b9e4b834","bytes":375611}}
{"source":{"wave":785,"partition":0,"offset":785,"checksum":"627322f15992847a11fd28834ac1e10df25e3c2e071c6de7fc7b755f71ebee44","bytes":375611}}
{"source":{"wave":786,"partition":0,"offset":786,"checksum":"e4c48c20426749e03e75cc4268b4994382be0b7a5d00483d20f904deb13132ed","bytes":375611}}
{"source":{"wave":787,"partition":0,"offset":787,"checksum":"e845857b5c99049f324975dcf57ca2664fe05012ee468f8770ffe5c3f2ebde7b","bytes":375611}}
{"source":{"wave":788,"partition":0,"offset":788,"checksum":"8a58f3b021e31eab5469752e509ba4fc2d72ccdc6e504a1eedb86bce80d8fb83","bytes":375611}}
{"source":{"wave":789,"partition":0,"offset":789,"checksum":"911bac5959420d4ce927d3d230fbe6d1d1fd2517c8a541d5d191b32d0ba18b50","bytes":375611}}
{"source":{"wave":790,"partition":0,"offset":790,"checksum":"82ed54710e71623632268ecc4f970f58a2bc9d89b3dd149f0e39b8cc7b3dbed7","bytes":375611}}
{"source":{"wave":791,"partition":0,"offset":791,"checksum":"a55da7bb56f67dcb29f1d99e80f9fea77911cb9e63fc7474c7d3d5d6c8834443","bytes":375611}}
{"source":{"wave":792,"partition":0,"offset":792,"checksum":"732373c1aaf263077e1b3c68a07ce90a1ffe7512c6004e35561501f74ab31c76","bytes":375611}}
{"source":{"wave":793,"partition":0,"offset":793,"checksum":"92c16235fc2bf2a09d794407bb3d40e4c8a593533df8718fe4fc2e8fa0f88268","bytes":375611}}
{"source":{"wave":794,"partition":0,"offset":794,"checksum":"c4eaab224091efdb58042b2d116574bd80afd699b7422e19da75c1a659fd16cb","bytes":375611}}
{"source":{"wave":795,"partition":0,"offset":795,"checksum":"7b192eea6ae55fd0ff1e6dff3a17281aebc7960e682cd081d4d1b5dce198b7c2","bytes":375611}}
{"source":{"wave":796,"partition":0,"offset":796,"checksum":"40c4e295108d4d73e6de8a424c9b38fd1cebf9d5aaf37deb190c111a24d9a97e","bytes":375611}}
{"source":{"wave":797,"partition":0,"offset":797,"checksum":"3fc0f5630814dd7107b44de4fe8aa3144fd8e1df557565162ae3aefc251ec56d","bytes":375611}}
{"source":{"wave":798,"partition":0,"offset":798,"checksum":"60535d9c8b2d8c1f36e75c79751a9da7e6e17f440f7e93697bdcab7b68e329ec","bytes":375611}}
{"source":{"wave":799,"partition":0,"offset":799,"checksum":"5f56714306036cdd5cb8e28a113e453f467ce9052a9ac74aea67d266654cc593","bytes":375611}}
{"source":{"wave":800,"partition":0,"offset":800,"checksum":"b5c3f636f6d25268f0d1f78670a010cc0fdafe7cb2566d0d63e690a3274b1278","bytes":375611}}
{"source":{"wave":801,"partition":0,"offset":801,"checksum":"3369ea60f962dad32a925226a0ac04afcabf030b2bda034d51efee966b22a1dc","bytes":375611}}
{"source":{"wave":802,"partition":0,"offset":802,"checksum":"774c3167fdc08ff6ef3dafc31cceae1dbd32b6898762a0d515a674e8165b717d","bytes":375611}}
{"source":{"wave":803,"partition":0,"offset":803,"checksum":"fff06ea9180993974903be8e4862ae1a31087bdd24542098a61988ecffac072e","bytes":375611}}
{"source":{"wave":804,"partition":0,"offset":804,"checksum":"2a9219007d862e307a19c3620a8d2becd344c7081d2a9f3bc6fe73ddd0300515","bytes":375611}}
{"source":{"wave":805,"partition":0,"offset":805,"checksum":"452c8b4a068509eda14687062edbf3201e4164ced3e11a83bd5da57b94fcef38","bytes":375611}}
{"source":{"wave":806,"partition":0,"offset":806,"checksum":"4f14c89a5a5d9d4238f8a9492909a9b73dfdd49b7738f8ec5de1bee27d9f5625","bytes":375611}}
{"source":{"wave":807,"partition":0,"offset":807,"checksum":"f8e91590e6d97ff0ecc9f2280fc11376aa9688ac1a467a82ff3828a6cab5b17b","bytes":375611}}
{"source":{"wave":808,"partition":0,"offset":808,"checksum":"41fb89687a7114c084f1aab6ce8dbf123a370be22fcdfce618017a7e05b7dfa9","bytes":375611}}
{"source":{"wave":809,"partition":0,"offset":809,"checksum":"58f143dad08ff6065e589774a6a6e819cd706d07a92f7daf23f967283641d725","bytes":375611}}
{"source":{"wave":810,"partition":0,"offset":810,"checksum":"bb1ee8963198179209c60cfe778078a68c9befc279e88a4ff1cfbb45801ed3b4","bytes":375611}}
{"source":{"wave":811,"partition":0,"offset":811,"checksum":"6415eacac692362397b2975016a5bf61f97b099e27e45922ec9e61448dc90a16","bytes":375611}}
{"source":{"wave":812,"partition":0,"offset":812,"checksum":"7bdf26ac796a2b51dcaa6f1469dbc7c9506713ccc311eaa737d7793a223a4669","bytes":375611}}
{"source":{"wave":813,"partition":0,"offset":813,"checksum":"232207e1d37877f1b729d6b6bdbb7e6321bc862f4f98c02c724d62676accbd05","bytes":375611}}
{"source":{"wave":814,"partition":0,"offset":814,"checksum":"298e9cc023ce1b374e91eb0f7563b7c3d91468226757e64d2cd1d5e1fe45a409","bytes":375611}}
{"source":{"wave":815,"partition":0,"offset":815,"checksum":"b92b6c8ce78d5847d46f5863157004ed3546d0a18512618887d6aeba2fa64739","bytes":375611}}
{"source":{"wave":816,"partition":0,"offset":816,"checksum":"161ca4e82a3e9bb63778eeef5fbd8bc7fb8dc8c7259f334aa5ec88dae95efd4b","bytes":375611}}
{"source":{"wave":817,"partition":0,"offset":817,"checksum":"c600946922655d3ec029bdbfe8ea26249c98c559f72f2ac073bd28aa27ee77c3","bytes":375611}}
{"source":{"wave":818,"partition":0,"offset":818,"checksum":"25ef6cbdd75d5aaca08c395fbd6214756676de8b55c851cffc8c646a03d7d879","bytes":375611}}
{"source":{"wave":819,"partition":0,"offset":819,"checksum":"4598b8bddc3bc1d9cc93f3d5cda879d5aec4932f9a461be81c2f6275109a86d3","bytes":375611}}
{"source":{"wave":820,"partition":0,"offset":820,"checksum":"4b77300179f2d06b8d4ae5aba87217ad5afa13e56af0a16aa248fa5714174e03","bytes":375611}}
{"source":{"wave":821,"partition":0,"offset":821,"checksum":"ffc53d1ba783534a5793b4d22eda0fc323f66ada62db39f432311baeaa3d995d","bytes":375611}}
{"source":{"wave":822,"partition":0,"offset":822,"checksum":"2a691e80de5952a55267f541f62d93af925f61f1cf1700e977b7ec43b5e79fba","bytes":375611}}
{"source":{"wave":823,"partition":0,"offset":823,"checksum":"c8671be58dee07c7b032dfde77acf9cae1fe65e5dfb0c7a1c86ef8c4d95e86bf","bytes":375611}}
{"source":{"wave":824,"partition":0,"offset":824,"checksum":"caf580df63485723c59551220a5b0f06a300d826ae4d53509cfcf426040323ef","bytes":375611}}
{"source":{"wave":825,"partition":0,"offset":825,"checksum":"f05d6105959df614922e6fb86030cb611e6ec597b462bcd5f33201bbf94c3e05","bytes":375611}}
{"source":{"wave":826,"partition":0,"offset":826,"checksum":"a04736d0b4dcdc0b028501a49dc57096cb2c505f8a2d01fde2f4e3853cc9ef6e","bytes":375611}}
{"source":{"wave":827,"partition":0,"offset":827,"checksum":"fea5549ad70cf139a12a37b8bd630c6ae32f878b16d8536285ca30cf755f43d0","bytes":375611}}
{"source":{"wave":828,"partition":0,"offset":828,"checksum":"348297191d933be5cd00562b10c4374e6d153e5fb69411a7de3af3709ac294af","bytes":375611}}
{"source":{"wave":829,"partition":0,"offset":829,"checksum":"e53cfe1c261945109fdc35af746bc9240b276e4b4f4491cae54f8ceca0de27f8","bytes":375611}}
{"source":{"wave":830,"partition":0,"offset":830,"checksum":"ca540aabead346bd9b579214c726a94a1124c2ac4c6bcded52d361e28c04d4e8","bytes":375611}}
{"source":{"wave":831,"partition":0,"offset":831,"checksum":"557b9232901529e7e512f8225025995ca3c166b0a41362fb057c040b65a4d2eb","bytes":375611}}
{"source":{"wave":832,"partition":0,"offset":832,"checksum":"beca1283e0d60ca86b7a3d904d8ec55216bb170634dcdfc4f127b07ab83af58e","bytes":375611}}
{"source":{"wave":833,"partition":0,"offset":833,"checksum":"7f40a6b088b1b869bd630221056c315470e7648014060a2e8d37f6fdeb3d9f9f","bytes":375611}}
{"source":{"wave":834,"partition":0,"offset":834,"checksum":"c6a032654720669c51516887e8848e489be6d2650322ab1c78ab8fb519f148dd","bytes":375611}}
{"source":{"wave":835,"partition":0,"offset":835,"checksum":"9730abfa2883f75b76b9eb233b872133696460f3c2fbc16e0fd7b0a2829d5355","bytes":375611}}
{"source":{"wave":836,"partition":0,"offset":836,"checksum":"23a86861e8b0a276c923b4163d1a85e9084aa1d09b121642c745a5e1c30f2aa6","bytes":375611}}
{"source":{"wave":837,"partition":0,"offset":837,"checksum":"f3b4edf896fc3d146f01daf9b8e06d4aaa965d8c0523a2652e651ceb770338e3","bytes":375611}}
{"source":{"wave":838,"partition":0,"offset":838,"checksum":"41afe07bfcca195aea86c84c07fdd9270970cb3658c9d09fc1f06d2034b778f4","bytes":375611}}
{"source":{"wave":839,"partition":0,"offset":839,"checksum":"6aa734c7ac27893f2f0cf49c4a4fddd831977254712c82b1ad993878523e0b20","bytes":375611}}
{"source":{"wave":840,"partition":0,"offset":840,"checksum":"39b4636d4f446c45ab03c8f2d832f6b2c01adfa22c6866733a269f32a01ce025","bytes":375611}}
{"source":{"wave":841,"partition":0,"offset":841,"checksum":"51af9a6d7eb742e9f64de4be85f80e67454d3ed153ec601192281e70dedb9ab4","bytes":375611}}
{"source":{"wave":842,"partition":0,"offset":842,"checksum":"fbbb79e27de053afdca830977f06536fa9f9a23ce574a47377485bdd46c679d4","bytes":375611}}
{"source":{"wave":843,"partition":0,"offset":843,"checksum":"62f7cb762946f95a31377a2f4157905e279b24a0351d48ec880ff7abf895da61","bytes":375611}}
{"source":{"wave":844,"partition":0,"offset":844,"checksum":"7a5224bb7a0c87cc426e798596608710592335677fbec85d4722458143f277c3","bytes":375611}}
{"source":{"wave":845,"partition":0,"offset":845,"checksum":"9bcfb321e94b72b22298ec297303f3ee3ef8c5b4d5435725ebeb793988c7ce1e","bytes":375611}}
{"source":{"wave":846,"partition":0,"offset":846,"checksum":"ea0349375859e108e540f08f0933c5d15d77f83fc1cdbdbe9a363f413c196ce5","bytes":375611}}
{"source":{"wave":847,"partition":0,"offset":847,"checksum":"79f629d60f5a34127da7e22deaecb2b2cfad661fc9bae56ade7cab6be1fda54f","bytes":375611}}
{"source":{"wave":848,"partition":0,"offset":848,"checksum":"79a1f0c91aa0a7eb52b907459d8d32de2f5b09f2bf614ed345b8e012508c1270","bytes":375611}}
{"source":{"wave":849,"partition":0,"offset":849,"checksum":"de64347a113b3980d8fc9c3f630e13f6011a97e19e04b45b3f74621e114fb362","bytes":375611}}
{"source":{"wave":850,"partition":0,"offset":850,"checksum":"a27f974e819123e779698326682eedb5192edd5f3bd7e524022906dbd6a5725b","bytes":375611}}
{"source":{"wave":851,"partition":0,"offset":851,"checksum":"fe613754c79ec1ce646f4e6c7fcf7718dc19057ce9455ab013e5452fc9c31a07","bytes":375611}}
{"source":{"wave":852,"partition":0,"offset":852,"checksum":"4f796bdb52bcbd23d4cf681d0a41f0eadd469f1339053af1c0f96cc0c1fbd034","bytes":375611}}
{"source":{"wave":853,"partition":0,"offset":853,"checksum":"c70c698fde15e64eda00b475fba6fc2dc24d7e3c09bdb00bd875a2e2d6786aac","bytes":375611}}
{"source":{"wave":854,"partition":0,"offset":854,"checksum":"56087c4b1411b62dc647db9b42583ff1692b5260b9ce4675fd8ec6ed47359074","bytes":375611}}
{"source":{"wave":855,"partition":0,"offset":855,"checksum":"179e4183e6e515a1ccb6e1f4cdb92f68e3efe0af8c89a399a6a8dcdee2d101d5","bytes":375611}}
{"source":{"wave":856,"partition":0,"offset":856,"checksum":"51bcf433ee0d338220ca2eebdb6551e195a6a55393bbcc547291868460abd056","bytes":375611}}
{"source":{"wave":857,"partition":0,"offset":857,"checksum":"acd0a7fca8ac70405a852f5300fb88f2a2066e007a16c10e92e4c2537eea26b2","bytes":375611}}
{"source":{"wave":858,"partition":0,"offset":858,"checksum":"e1d730e9c5b0bd545ecb394432e0da91823f4e641801f3c949691a65218814c9","bytes":375611}}
{"source":{"wave":859,"partition":0,"offset":859,"checksum":"40f90dfaa3ff8348fa7f0b77926abb1aa5fecfc1c8d02e1b815763d40902c2dd","bytes":375611}}
{"source":{"wave":860,"partition":0,"offset":860,"checksum":"a3fafe4fcdb8da1bcb867fc9b6f06ddb1e2a41677575de25c0f845ec752f185d","bytes":375611}}
{"source":{"wave":861,"partition":0,"offset":861,"checksum":"a8b65f6c39529cdd564f9d3401e0bd29a952a5e497f405450d59d8d83712f5be","bytes":375611}}
{"source":{"wave":862,"partition":0,"offset":862,"checksum":"5cebc118e10621486d238691fce5d0a468ac5653f4fc52c31116beb759b40bd1","bytes":375611}}
{"source":{"wave":863,"partition":0,"offset":863,"checksum":"80bb084d1bcd06d6816bcd3f9a6034db7484878cc97db1722ee431afd51edd34","bytes":375611}}
{"source":{"wave":864,"partition":0,"offset":864,"checksum":"c45b7af01e6ee71e4996076ff01efbd38996e28f5ac2a35cd998220c3ffcfbc5","bytes":375611}}
{"source":{"wave":865,"partition":0,"offset":865,"checksum":"39a7f45b16562f24d6cc27587398deaf9954b4d98784abfe62413d7f5fa3cbe7","bytes":375611}}
{"source":{"wave":866,"partition":0,"offset":866,"checksum":"6070b5f4630480b416b07be4ff53e1fd358eccd04df1e08eb89b68f8ee17ace7","bytes":375611}}
{"source":{"wave":867,"partition":0,"offset":867,"checksum":"02710c70f88ce1ac52067178bcf202c361b3ac9b377d049f16d744a7223891d0","bytes":375611}}
{"source":{"wave":868,"partition":0,"offset":868,"checksum":"14d1275f702ee895e8e26aaeeb849ccd76d3c8d687816531c4edf16d006bcd38","bytes":375611}}
{"source":{"wave":869,"partition":0,"offset":869,"checksum":"3e5d75328c09b95f91f839e0bb477df48e3bcf5402338b95c57cce374fbb55ee","bytes":375611}}
{"source":{"wave":870,"partition":0,"offset":870,"checksum":"69371cd083554e09bde3d59c83b0ac95907675b79910d2bc9841005d8dcb1a2f","bytes":375611}}
{"source":{"wave":871,"partition":0,"offset":871,"checksum":"7cf7f6f5b5a0494da6ecea395387876f76be4b617a2f0a3180a2aabf5ab5439b","bytes":375611}}
{"source":{"wave":872,"partition":0,"offset":872,"checksum":"0985ec83460b9c60aec95035501cdcc24e3831200240e9c0d1dea0ae4c04e6e8","bytes":375611}}
{"source":{"wave":873,"partition":0,"offset":873,"checksum":"d5aab9344bd72d6ad15a4a23d28c1eacc073367b9971dd235936169b6a239440","bytes":375611}}
{"source":{"wave":874,"partition":0,"offset":874,"checksum":"9e458449cd4ba247281960e0d77482caf887377e70c5f74795d213a34504db20","bytes":375611}}
{"source":{"wave":875,"partition":0,"offset":875,"checksum":"3429858b4a7aa7792a5ae479afac394f07acdda94d0b2095d2cef19513c64292","bytes":375611}}
{"source":{"wave":876,"partition":0,"offset":876,"checksum":"fadf280cd39956847594156ef9718fba753d764af48398c96b141192a7367d1c","bytes":375611}}
{"source":{"wave":877,"partition":0,"offset":877,"checksum":"667a609e01e8635e3322a25e465f6182de0588f16b5aa6519dc654d17f26c0b1","bytes":375611}}
{"source":{"wave":878,"partition":0,"offset":878,"checksum":"01d98a459eeddee5c1d7f0e251e51b2c09a6a3e4e37ba80fe8de4fb1bdb8b530","bytes":375611}}
{"source":{"wave":879,"partition":0,"offset":879,"checksum":"5c56f512960233f355ab943da36637aabbb1c1531c9f18e215497f57b0a0e8ec","bytes":375611}}
{"source":{"wave":880,"partition":0,"offset":880,"checksum":"de04511d934517a555073ee425407c4b81764601d09517c948a06449ad963ee8","bytes":375611}}
{"source":{"wave":881,"partition":0,"offset":881,"checksum":"2023d418bc744f62cb9b9febfaea9db7897be3405ddf70a3e399921d7fc464d8","bytes":375611}}
{"source":{"wave":882,"partition":0,"offset":882,"checksum":"21eacc5898c2f0b30ad5a97a5541fbf8e5a3e806346905941de7e75dde62185c","bytes":375611}}
{"source":{"wave":883,"partition":0,"offset":883,"checksum":"dda189b805d52c44a423f990d82ae0adfb89bed593e981c4c8d1768aab84dea8","bytes":375611}}
{"source":{"wave":884,"partition":0,"offset":884,"checksum":"1309f1a69a2b62079f759ebe684dd011868a012ffeb3d9fee6e7f4306df9144b","bytes":375611}}
{"source":{"wave":885,"partition":0,"offset":885,"checksum":"542b6d7409c7911b1e6a8087761a87ef8dc998b969d029b274ff5b673c7ce133","bytes":375611}}
{"source":{"wave":886,"partition":0,"offset":886,"checksum":"40cf28d28fde0a302f02dd3c346d1aaf039a2b93acbff1c9efdaee02c0faad45","bytes":375611}}
{"source":{"wave":887,"partition":0,"offset":887,"checksum":"902801c9efd986a8d7f015de5cdf66ec08afd69be60c6b100a4afdd8a836e11e","bytes":375611}}
{"source":{"wave":888,"partition":0,"offset":888,"checksum":"94563082a14b0684787e2583dea698d0b32baed4a4c24a760b2379ccab66c9d3","bytes":375611}}
{"source":{"wave":889,"partition":0,"offset":889,"checksum":"384d5186a55afcf669dfddd2b9cf3979ccf3e7b411b8295e695baea9a4084dc5","bytes":375611}}
{"source":{"wave":890,"partition":0,"offset":890,"checksum":"9f6439bbcdeab1acbfe7f6d4ae88900a4c740d217a569f97f65c63ec43fbecac","bytes":375611}}
{"source":{"wave":891,"partition":0,"offset":891,"checksum":"eea34055d8fcc6d75e650dd656ef250df89829a28bac3504f74cc287ba02a5c4","bytes":375611}}
{"source":{"wave":892,"partition":0,"offset":892,"checksum":"26fe7357e92120f931aea20f04fdaff657f3a379b5a67b5be501d2b98c873883","bytes":375611}}
{"source":{"wave":893,"partition":0,"offset":893,"checksum":"f7c4e3840bc6d492e014d08f9ea322984197f66a528f033562488b3874ef6daa","bytes":375611}}
{"source":{"wave":894,"partition":0,"offset":894,"checksum":"2c60586577d55648c1930d4514d41d27ac5745ebf4ec85c58a30dbe63ce45424","bytes":375611}}
{"source":{"wave":895,"partition":0,"offset":895,"checksum":"596f0d248816ad879fa6c4e8f67dbe862faf13c443efa761215222aca3dd54bc","bytes":375611}}
{"source":{"wave":896,"partition":0,"offset":896,"checksum":"2c11cf63398cddcd98f822617a6f11533baff1e4cc1348db9def2b4f73cb8557","bytes":375611}}
{"source":{"wave":897,"partition":0,"offset":897,"checksum":"26027ac69e17939a2a79c5cdcbc2709f6d7f466b9835563b6268708c20b66e21","bytes":375611}}
{"source":{"wave":898,"partition":0,"offset":898,"checksum":"a2abbb43ccb4921f6785b10692cab8d206830a39468bae8ca14766f5e3844673","bytes":375611}}
{"source":{"wave":899,"partition":0,"offset":899,"checksum":"4ac9a2afe1505bc9592eaa6569ff24014566a6cefd100878106b7f081f77388c","bytes":375611}}
{"source":{"wave":900,"partition":0,"offset":900,"checksum":"1762f7a50554585a7182ec8617b3e66f3cfd12f132440b780219aaa0f1e4c6b9","bytes":375611}}
{"source":{"wave":901,"partition":0,"offset":901,"checksum":"218c034daa7ed19b401ccb0ab56043b547eb261d50c3d4091c89449d1f116d4c","bytes":375611}}
{"source":{"wave":902,"partition":0,"offset":902,"checksum":"0cd53823bda8936aa477426e9e15e0779cb6697f59bf8782822aee52e45214ce","bytes":375611}}
{"source":{"wave":903,"partition":0,"offset":903,"checksum":"d9b812572da2323f4a6f909687df907ed52c124161e14ef76d3fc541dc3ded65","bytes":375611}}
{"source":{"wave":904,"partition":0,"offset":904,"checksum":"98315b2d8c75fae3eeb8eef7386b81988155c3da24ce26926ee216198c2f4890","bytes":375611}}
{"source":{"wave":905,"partition":0,"offset":905,"checksum":"792f02d504dc686fc95a430f98ee4a901115453345e34545562cd1b918257c1d","bytes":375611}}
{"source":{"wave":906,"partition":0,"offset":906,"checksum":"f965630ac72eba2c96c405c2cba6beaca28a08e539d22cbb943217db1b6736de","bytes":375611}}
{"source":{"wave":907,"partition":0,"offset":907,"checksum":"c5d4f805a560ac289afc6ab6a35208aa0391488a6e09485d4b41730951bf1670","bytes":375611}}
{"source":{"wave":908,"partition":0,"offset":908,"checksum":"8b44e010bff416000aab82c74fa48d0f4b4f857ef89c3cb399bf85ef5db44592","bytes":375611}}
{"source":{"wave":909,"partition":0,"offset":909,"checksum":"92426a54cc81986055f2f12ef1195a973921fa19a054ca1506eaf8901bb7ddc8","bytes":375611}}
{"source":{"wave":910,"partition":0,"offset":910,"checksum":"a03bca9f3af198137e2f8025511481d7a2515c0f03bf0a7bcf71bdace32b9abb","bytes":375611}}
{"source":{"wave":911,"partition":0,"offset":911,"checksum":"51329e87b3e4cc3fdb87dc32c32a7ed1c5f95b76c08a72ccb6077c1e9e579405","bytes":375611}}
{"source":{"wave":912,"partition":0,"offset":912,"checksum":"16284ad64f3604e4c560b794639a16f8ddb1c6d3f25408c8e5319efc8a2693e4","bytes":375611}}
{"source":{"wave":913,"partition":0,"offset":913,"checksum":"a6ab6dc587f08360ad9d1754861d2ab3a45a0da8de90a417526cfbb6cdbed72b","bytes":375611}}
{"source":{"wave":914,"partition":0,"offset":914,"checksum":"ecc87be51a05e5287b0545e75ffd9a7092732a6ba179bf192d1f4ade3a833772","bytes":375611}}
{"source":{"wave":915,"partition":0,"offset":915,"checksum":"6545b0514a643d18ca2fb45da35c63e8600b49cbc5455073e143b17724aea28a","bytes":375611}}
{"source":{"wave":916,"partition":0,"offset":916,"checksum":"1f3ac4149941525e7308d8b3ca7b52e6d4fabac6e85da5ea1039c68b16b3a0d0","bytes":375611}}
{"source":{"wave":917,"partition":0,"offset":917,"checksum":"ddb1fc189201b34a8c30bb397a0b7410822499b7272cec7ba707bb564ddd12af","bytes":375611}}
{"source":{"wave":918,"partition":0,"offset":918,"checksum":"b1b5894dd690d5a5d7c98ec2a38a4096b7b3f864b8214d7fc9f6aa180e300487","bytes":375611}}
{"source":{"wave":919,"partition":0,"offset":919,"checksum":"fad6084f54987227813c7f43fc4366a5e6aa93ce6745f8fbe571fbe2b775b35f","bytes":375611}}
{"source":{"wave":920,"partition":0,"offset":920,"checksum":"1e659fad959a89b9eed78a95f39e2951082dcf5a7db182f3c081237ee4c5004f","bytes":375611}}
{"source":{"wave":921,"partition":0,"offset":921,"checksum":"c32fca5c020f341535fb2e9f146593f27b27b3bfb22e7aedf41311dc5eeb555d","bytes":375611}}
{"source":{"wave":922,"partition":0,"offset":922,"checksum":"dde7a59007ffd95449b4b2164b5aa140280127fcd9f66a682054f188a64d1334","bytes":375611}}
{"source":{"wave":923,"partition":0,"offset":923,"checksum":"3c91b193f48e418d5af08401bdd2ff31e6a1f737bfbc47df66ed3201c2bf0c60","bytes":375611}}
{"source":{"wave":924,"partition":0,"offset":924,"checksum":"8fb078df16de6665c6d95f3705731ee4ffd91e23428d7d15279fe2aba4cd9b0d","bytes":375611}}
{"source":{"wave":925,"partition":0,"offset":925,"checksum":"ffb860031de068db6f20c8f06742248e8281e194baf586c5cf03deb0fdff8a8d","bytes":375611}}
{"source":{"wave":926,"partition":0,"offset":926,"checksum":"7014b8584ad5ece6187f7fec7061a00e95a2fbcecf71143fef661e3a8130c698","bytes":375611}}
{"source":{"wave":927,"partition":0,"offset":927,"checksum":"817234e3f4e52067c6bd9afd7468e603debbcd8d9bf0236f6bdf1027e019251c","bytes":375611}}
{"source":{"wave":928,"partition":0,"offset":928,"checksum":"dcb1d450a03083b28ec32b4f8c913138ee76ac311ba8b2e46d61da251d6e0705","bytes":375611}}
{"source":{"wave":929,"partition":0,"offset":929,"checksum":"86ef01005b6f853c1f4c990562c6188f2f098b27e57aabbdb39f294f0a6d715d","bytes":375611}}
{"source":{"wave":930,"partition":0,"offset":930,"checksum":"027e9521763f6fd8b82dc10c9fa49d42d80da64d0b08ab5ba49ce455130daee3","bytes":375611}}
{"source":{"wave":931,"partition":0,"offset":931,"checksum":"200092853d7f9ff3d4e489af4d4e9a6531ee360f965df4ec5e52b5050a3347a9","bytes":375611}}
{"source":{"wave":932,"partition":0,"offset":932,"checksum":"cfd1de6c59ddafc6fd16820da3e6bcfbf700004d7bde32f1a4d6ed7b6c9a8443","bytes":375611}}
{"source":{"wave":933,"partition":0,"offset":933,"checksum":"417c272ab03e8366e61a5431529031e10294973fcfb9548aafeceefe6e1e928a","bytes":375611}}
{"source":{"wave":934,"partition":0,"offset":934,"checksum":"2ede1ab41959a3eb14a14822fa9a90d9de733ae0a6454bc97f62ebaa983edee0","bytes":375611}}
{"source":{"wave":935,"partition":0,"offset":935,"checksum":"72ae07f5af700a7aa79e5d1c1e57b4c5e71fa4c456ffcfe201690bd32448eb73","bytes":375611}}
{"source":{"wave":936,"partition":0,"offset":936,"checksum":"57439964e4ce843656d3b451c6d1623108d593edc9bd93308fd1b00a9445da00","bytes":375611}}
{"source":{"wave":937,"partition":0,"offset":937,"checksum":"6869a91246ff52b92857827691bebefcf9485a81c3706ade5a3888cf1eb9944c","bytes":375611}}
{"source":{"wave":938,"partition":0,"offset":938,"checksum":"d54c7e1265f8f753e14975ea53b5498be8c00c58b5779968457d0e5e99129d80","bytes":375611}}
{"source":{"wave":939,"partition":0,"offset":939,"checksum":"ecb229da359856363e0aaedff6b54d9d702d5e4fc8f32001e85624d8ea0ce7b0","bytes":375611}}
{"source":{"wave":940,"partition":0,"offset":940,"checksum":"eb98fc8ebd691d7d1512bbf632189de74728157a99731a234fe27dffe703da38","bytes":375611}}
{"source":{"wave":941,"partition":0,"offset":941,"checksum":"b02a53d6f21dd07e5b4408c13202d6344b8c657210028c28a302e1b445067eae","bytes":375611}}
{"source":{"wave":942,"partition":0,"offset":942,"checksum":"27cb96f014824b5a4186982b9a1b802cba315c209fdd873751447598a5b69bc9","bytes":375611}}
{"source":{"wave":943,"partition":0,"offset":943,"checksum":"782dd3e07e6deb2edb7fd384abbc2c80513b81494f30aca06abe02ed9a82c632","bytes":375611}}
{"source":{"wave":944,"partition":0,"offset":944,"checksum":"91aaf4e9cd053e348f3cad1edfcccff2c30924212e1dd417f045a66610c4d14c","bytes":375611}}
{"source":{"wave":945,"partition":0,"offset":945,"checksum":"0b4efcf99d5aa78f0945f1f57a3e8a8f2ef0d7b6270c8bf9fc89dad1237261e3","bytes":375611}}
{"source":{"wave":946,"partition":0,"offset":946,"checksum":"18f5da722c2d719fb5b4b302cad5e4ce5b213871954ac7f996a6910235047f22","bytes":375611}}
{"source":{"wave":947,"partition":0,"offset":947,"checksum":"ec34310b2ef5598f81afd277ad6318605d8a8808b2d8c653724959de38c6661b","bytes":375611}}
{"source":{"wave":948,"partition":0,"offset":948,"checksum":"fb3c0596a658fbe69e7b520ec72fdd8408c7bc2b0f8e60352807505489434cec","bytes":375611}}
{"source":{"wave":949,"partition":0,"offset":949,"checksum":"f10b3311af3692efacfde62013b2b5ccdc8f0076b21413d92fe5d6c3ed43f18f","bytes":375611}}
{"source":{"wave":950,"partition":0,"offset":950,"checksum":"4cc7e049bbd0c35dbc0fb70c2b58b84371763abf8c11830dafde9508237f1270","bytes":375611}}
{"source":{"wave":951,"partition":0,"offset":951,"checksum":"4dddca0574bf97e6a720d2dc3bf11d185eced6946bc96d3d9b90b4fa6a03ac44","bytes":375611}}
{"source":{"wave":952,"partition":0,"offset":952,"checksum":"b658116b99065e8a5c1c775530d171a6a3898abd79b5ae60648668296c9ce003","bytes":375611}}
{"source":{"wave":953,"partition":0,"offset":953,"checksum":"eefd6226da4ebdc3f0fd052b32a702ebf7228b29ddace57a64838b978d61e5a1","bytes":375611}}
{"source":{"wave":954,"partition":0,"offset":954,"checksum":"b3108a0a220eecce8557994ed8db967ad7dd10e0aecdf2afe8a5720cc76a6f6e","bytes":375611}}
{"source":{"wave":955,"partition":0,"offset":955,"checksum":"021114a5e65fe1d76a947b8124828a36b02cc9705e6093738221dd4be674e711","bytes":375611}}
{"source":{"wave":956,"partition":0,"offset":956,"checksum":"d1a596706bf7b3d3fb425d4c4c4d9582ffdee25daa4198cde92ca8c27e8b1c39","bytes":375611}}
{"source":{"wave":957,"partition":0,"offset":957,"checksum":"8e3808b6b948311a67afee1c6e4ca7cc721213fc3d811fdeeeb155064d82f882","bytes":375611}}
{"source":{"wave":958,"partition":0,"offset":958,"checksum":"88a7de920b6ae690c3578961505d7127022bbfcf927f3c45238eb33f3a41834a","bytes":375611}}
{"source":{"wave":959,"partition":0,"offset":959,"checksum":"ac3a540bfffe8f1e7c12a9bbcd81bdffee9d519814bff04e859952af7e92405b","bytes":375611}}
{"source":{"wave":960,"partition":0,"offset":960,"checksum":"6d754aeedf1aecaa45954ef5faf066fae0372a283e9f335100ab26bee981d39a","bytes":375611}}
{"source":{"wave":961,"partition":0,"offset":961,"checksum":"f03760d3651fd1da605da357ecfc6a6c3d6bec5dc7cf7679096ecbe04e86ff3e","bytes":375611}}
{"source":{"wave":962,"partition":0,"offset":962,"checksum":"b9444a0ed8954a7f5f8d9eac341331db0f0a4b9bef95c84237730bdc66de7011","bytes":375611}}
{"source":{"wave":963,"partition":0,"offset":963,"checksum":"8796a263575609e606efb7cd588245d8737ec3233fbd9182d55f894cb8c0c718","bytes":375611}}
{"source":{"wave":964,"partition":0,"offset":964,"checksum":"dfe8ea49c7b8175ff9cd8e411ad0dae8688905100ed5a6555b9ef0628a4e783f","bytes":375611}}
{"source":{"wave":965,"partition":0,"offset":965,"checksum":"a81a2df9466cd4c3c4a9e48afb7f7eed43bd70739490754fb05f4d2c8f0b43e5","bytes":375611}}
{"source":{"wave":966,"partition":0,"offset":966,"checksum":"c8137fc996dd11fe53998f11f1964c8294d8111d7a2ebcb3bfe292421fbf47a4","bytes":375611}}
{"source":{"wave":967,"partition":0,"offset":967,"checksum":"697410ac6b39ec1cf7a7722999251fb98809fb3ea8425091147095a0210f4271","bytes":375611}}
{"source":{"wave":968,"partition":0,"offset":968,"checksum":"99299607364bde4baad6cecb058ba9c834c8270c6119361e2f1d8057c6ee2061","bytes":375611}}
{"source":{"wave":969,"partition":0,"offset":969,"checksum":"92259ad6c616eb7dd8a72804b946726f7e84777dffbf2e0482bc3d331972b515","bytes":375611}}
{"source":{"wave":970,"partition":0,"offset":970,"checksum":"4d99d73c5d09e6d617bf3ae994bd74c70b718b564901573ff625cfee849e5fe6","bytes":375611}}
{"source":{"wave":971,"partition":0,"offset":971,"checksum":"9a4ccef7bcef12345b41609febdfb6467e2030384360335c306a3c6b0932b812","bytes":375611}}
{"source":{"wave":972,"partition":0,"offset":972,"checksum":"a837b0c352ac936c75a153e56195292a7057afb82c482427242def0d2cd09759","bytes":375611}}
{"source":{"wave":973,"partition":0,"offset":973,"checksum":"65056dd3439938026ed74c7ae1fd14a8a1e6459e18246e09fee27ba081a14f06","bytes":375611}}
{"source":{"wave":974,"partition":0,"offset":974,"checksum":"558e3c0a94824798bff2d24d40a691e7beec2aecbfe5f7d6dd06b781c17c625f","bytes":375611}}
{"source":{"wave":975,"partition":0,"offset":975,"checksum":"acf2d83172b63a5cbdacc303c7deaa12876124d2044f1fd31c42bfa62e947991","bytes":375611}}
{"source":{"wave":976,"partition":0,"offset":976,"checksum":"ce804b39872b0a9b87fdbcb813873cac71a3389e3a1a81dda9ea44373727c362","bytes":375611}}
{"source":{"wave":977,"partition":0,"offset":977,"checksum":"73fbe6fcf39aa2be0b71ce9fb67e6669e989bf351c1a39ef38b6b15b3f3afaca","bytes":375611}}
{"source":{"wave":978,"partition":0,"offset":978,"checksum":"4096b613a62eb3daabe37e7e9a7057dbddcb7dd52a3e09cc6c4b283d6dd13f16","bytes":375611}}
{"source":{"wave":979,"partition":0,"offset":979,"checksum":"ad5d89cdff79446c21173b72f0c89638e7423d334732b75f7def8159882cdb84","bytes":375611}}
{"source":{"wave":980,"partition":0,"offset":980,"checksum":"7e01fbf2ff4b2d1728f11176599c46480903dfb76bf52a6a8a411b212d241931","bytes":375611}}
{"source":{"wave":981,"partition":0,"offset":981,"checksum":"f10d1629b2cc04b5ff04d770b81fbb1299cc72e76d5c8441b3dd4354f98b4d7b","bytes":375611}}
{"source":{"wave":982,"partition":0,"offset":982,"checksum":"d02bd5024fa664cf568f5d8f2f8a171334293316204bb0ef632505b56fe836e1","bytes":375611}}
{"source":{"wave":983,"partition":0,"offset":983,"checksum":"af69631d4af763db714b2810ca5d40a987f49154e343cf8aba5ad29f896fc8a6","bytes":375611}}
{"source":{"wave":984,"partition":0,"offset":984,"checksum":"2a9452bf55bed3df41343d72c37306ba66e31b60235af540f7c31569a776ffa9","bytes":375611}}
{"source":{"wave":985,"partition":0,"offset":985,"checksum":"b28b478be79d38d3c556eadcc3ebf51e87768a67c732cbc4aa145afc867448eb","bytes":375611}}
{"source":{"wave":986,"partition":0,"offset":986,"checksum":"6c9c952fbf77af0022c6d98597e807bfe320d22bcb57ea5be156e688e6262bb2","bytes":375611}}
{"source":{"wave":987,"partition":0,"offset":987,"checksum":"cf40a786fb7f78c6cbdbefe269e9a59602313905053c30bab0e4f64d00c42aaf","bytes":375611}}
{"source":{"wave":988,"partition":0,"offset":988,"checksum":"b7553dd578fe1fbfed6e977902ddf4cd8a56924fda7a92785fb3411b6bb968a0","bytes":375611}}
{"source":{"wave":989,"partition":0,"offset":989,"checksum":"2d29bf1a1eec77d79492aaabec0f76178fcd827ebd5c632133fd2a4624450e5e","bytes":375611}}
{"source":{"wave":990,"partition":0,"offset":990,"checksum":"df7017d5fc2a0523105e3008e51704695126296fdba81a2c4947f845d651953b","bytes":375611}}
{"source":{"wave":991,"partition":0,"offset":991,"checksum":"0711e293a0534762d621615a1eeec361b175b1c93fff8c58f56cc8696f531ef6","bytes":375611}}
{"source":{"wave":992,"partition":0,"offset":992,"checksum":"925cc0bd8e02e92e87b45a4edca1cbb5fa1a913357e7160e43631ac84af46d6e","bytes":375611}}
{"source":{"wave":993,"partition":0,"offset":993,"checksum":"169b15e05640470f829ddc16071c2cfb77a1cab9e4258cb325d610e4f042978d","bytes":375611}}
{"source":{"wave":994,"partition":0,"offset":994,"checksum":"7ecd3c70f6fb59449289f7d220bae67350a4a58da96c046ba256ed27453f17b3","bytes":375611}}
{"source":{"wave":995,"partition":0,"offset":995,"checksum":"23eff4234fa039ad443573bf532dd1c40b3a96ebee04ca590a3669e63b561f94","bytes":375611}}
{"source":{"wave":996,"partition":0,"offset":996,"checksum":"9fb0bf39e9b970e47251281d4d83e0d492f65665f6162b43c7f983080e3c4aa5","bytes":375611}}
{"source":{"wave":997,"partition":0,"offset":997,"checksum":"a58e7ffd125ceba821262140c6da2129abe3b791a6e381195bad056748d81063","bytes":375611}}
{"source":{"wave":998,"partition":0,"offset":998,"checksum":"24c778284cdea454bc8e420e26187d73074b16978add4355d0141824c1a0dfce","bytes":375611}}
{"source":{"wave":999,"partition":0,"offset":999,"checksum":"6e8cdb41acd2961a3cd1ce840dd2cb38d6dcc0843dcae429a458191ffd540a9b","bytes":375611}}
{"startedEpochMs":1790817467360,"paceWavesPerSecond":0,"waves":1000,"trades":100000,"bytes":375157676,"elapsedMs":8369}
SLF4J(W): No SLF4J providers were found.
SLF4J(W): Defaulting to no-operation (NOP) logger implementation
SLF4J(W): See https://www.slf4j.org/codes.html#noProviders for further details.

{"mode":"measure","prefix":"p2-cap-a8ded376-hot","args":[100000,120000],"code":0}
OBSERVER_READY
{"window":{"elapsedMs":5073,"records":24642,"rate":4857.437652531688}}
{"window":{"elapsedMs":10073,"records":71218,"rate":9313.907849896697}}
{"result":{"startedEpochMs":1790817476320,"expected":100000,"records":100000,"unique":100000,"duplicates":0,"identityChecks":true,"outputBytes":209455000,"elapsedMs":13592,"activeMs":11469,"durableRate":8718.853231903426,"pass":true,"windows":[{"elapsedMs":5073,"records":24642,"rate":4857.437652531688},{"elapsedMs":10073,"records":71218,"rate":9313.907849896697}]}}
SLF4J(W): No SLF4J providers were found.
SLF4J(W): Defaulting to no-operation (NOP) logger implementation
SLF4J(W): See https://www.slf4j.org/codes.html#noProviders for further details.

{"mode":"paired-oracle","prefix":"p2-cap-a8ded376-hot","args":[100000],"code":0}
{"result":{"sourceTopicId":"trYCgvf7TJKW20O0LSPKnw","partitionSha256":{"0":"4d2f50bc0ed6d3c57c713144dab272ae7bd6e4d5ef9f9d83127d4af67d0a4b94"},"records":100000,"expected":100000,"fullFactParity":true,"orderedUnique":true,"pass":true}}
SLF4J(W): No SLF4J providers were found.
SLF4J(W): Defaulting to no-operation (NOP) logger implementation
SLF4J(W): See https://www.slf4j.org/codes.html#noProviders for further details.

